Workbook

Sheet 负荷
A1: 日期 | B1: 0.010416667 | C1: 0.020833333 | D1: 0.03125 | E1: 0.041666667 | F1: 0.052083333 | G1: 0.0625 | H1: 0.072916667 | I1: 0.083333333 | J1: 0.09375 | K1: 0.10416667 | L1: 0.11458333 | M1: 0.125 | N1: 0.13541667 | O1: 0.14583333 | P1: 0.15625 | Q1: 0.16666667 | R1: 0.17708333 | S1: 0.1875 | T1: 0.19791667 | U1: 0.20833333 | V1: 0.21875 | W1: 0.22916667 | X1: 0.23958333 | Y1: 0.25 | Z1: 0.26041667 | AA1: 0.27083333 | AB1: 0.28125 | AC1: 0.29166667 | AD1: 0.30208333 | AE1: 0.3125 | AF1: 0.32291667 | AG1: 0.33333333 | AH1: 0.34375 | AI1: 0.35416667 | AJ1: 0.36458333 | AK1: 0.375 | AL1: 0.38541667 | AM1: 0.39583333 | AN1: 0.40625 | AO1: 0.41666667 | AP1: 0.42708333 | AQ1: 0.4375 | AR1: 0.44791667 | AS1: 0.45833333 | AT1: 0.46875 | AU1: 0.47916667 | AV1: 0.48958333 | AW1: 0.5 | AX1: 0.51041667 | AY1: 0.52083333 | AZ1: 0.53125 | BA1: 0.54166667 | BB1: 0.55208333 | BC1: 0.5625 | BD1: 0.57291667 | BE1: 0.58333333 | BF1: 0.59375 | BG1: 0.60416667 | BH1: 0.61458333 | BI1: 0.625 | BJ1: 0.63541667 | BK1: 0.64583333 | BL1: 0.65625 | BM1: 0.66666667 | BN1: 0.67708333 | BO1: 0.6875 | BP1: 0.69791667 | BQ1: 0.70833333 | BR1: 0.71875 | BS1: 0.72916667 | BT1: 0.73958333 | BU1: 0.75 | BV1: 0.76041667 | BW1: 0.77083333 | BX1: 0.78125 | BY1: 0.79166667 | BZ1: 0.80208333 | CA1: 0.8125 | CB1: 0.82291667 | CC1: 0.83333333 | CD1: 0.84375 | CE1: 0.85416667 | CF1: 0.86458333 | CG1: 0.875 | CH1: 0.88541667 | CI1: 0.89583333 | CJ1: 0.90625 | CK1: 0.91666667 | CL1: 0.92708333 | CM1: 0.9375 | CN1: 0.94791667 | CO1: 0.95833333 | CP1: 0.96875 | CQ1: 0.97916667 | CR1: 0.98958333 | CS1: 1
A2: 46235 | B2: 33942.6 | C2: 33732.3 | D2: 33342 | E2: 32911.7 | F2: 32507.3 | G2: 32250.5 | H2: 31941.1 | I2: 31818.6 | J2: 31815.9 | K2: 31595.2 | L2: 31504.6 | M2: 31472 | N2: 31277.9 | O2: 31194.6 | P2: 31275.4 | Q2: 31097.3 | R2: 31291.1 | S2: 31098.9 | T2: 31288 | U2: 31415.9 | V2: 31971.1 | W2: 32352.7 | X2: 32561.9 | Y2: 33089.7 | Z2: 33227.9 | AA2: 34081.5 | AB2: 34678.3 | AC2: 35002.7 | AD2: 35965.9 | AE2: 36696 | AF2: 37593.7 | AG2: 38427.7 | AH2: 39920.1 | AI2: 40544.1 | AJ2: 41254.6 | AK2: 41683.5 | AL2: 42740.9 | AM2: 43546.7 | AN2: 43665.8 | AO2: 43643.3 | AP2: 44138.7 | AQ2: 44675.3 | AR2: 44745.8 | AS2: 44486.6 | AT2: 44128 | AU2: 44707.9 | AV2: 44431.6 | AW2: 44614.2 | AX2: 44269.6 | AY2: 44445.2 | AZ2: 44888.5 | BA2: 44431.1 | BB2: 45002.7 | BC2: 44682.2 | BD2: 44674.3 | BE2: 44331.9 | BF2: 44121.4 | BG2: 44287 | BH2: 44198.7 | BI2: 44155 | BJ2: 44049.8 | BK2: 44182.1 | BL2: 44356.5 | BM2: 44051 | BN2: 44415 | BO2: 44063.7 | BP2: 43848.2 | BQ2: 43114.8 | BR2: 42759.5 | BS2: 42797.7 | BT2: 42415.8 | BU2: 42350.1 | BV2: 41959 | BW2: 41789.5 | BX2: 42139.8 | BY2: 41903.1 | BZ2: 42167.6 | CA2: 42131 | CB2: 42540.6 | CC2: 42417.2 | CD2: 42071.4 | CE2: 42104.6 | CF2: 41630.1 | CG2: 41104 | CH2: 40844.3 | CI2: 40119.3 | CJ2: 39394.6 | CK2: 38821.2 | CL2: 38716.2 | CM2: 38026.2 | CN2: 37230.9 | CO2: 36533.9 | CP2: 35949.7 | CQ2: 35320 | CR2: 34844.5 | CS2: 34102.1
A3: 46236 | B3: 33700.7 | C3: 33603.4 | D3: 33224.1 | E3: 32850.5 | F3: 32627.5 | G3: 32185 | H3: 32011.8 | I3: 31623.7 | J3: 31477.1 | K3: 31503.5 | L3: 31371.4 | M3: 30972.3 | N3: 30909.3 | O3: 30827.8 | P3: 30882.8 | Q3: 30583.9 | R3: 30926.5 | S3: 30848.3 | T3: 30656 | U3: 30862.5 | V3: 31197.6 | W3: 31432.3 | X3: 31888 | Y3: 32279.7 | Z3: 32680.1 | AA3: 33268.1 | AB3: 33732.8 | AC3: 34295 | AD3: 34692.4 | AE3: 35367.3 | AF3: 36220.2 | AG3: 37198.4 | AH3: 37979 | AI3: 38647.6 | AJ3: 39606.3 | AK3: 39945.1 | AL3: 40668.2 | AM3: 41438.5 | AN3: 41923 | AO3: 42700.3 | AP3: 42937.3 | AQ3: 42792.3 | AR3: 43356.4 | AS3: 43761.2 | AT3: 43717.8 | AU3: 43898.8 | AV3: 43560.2 | AW3: 43375.4 | AX3: 43763 | AY3: 43490.8 | AZ3: 43451.2 | BA3: 43359.7 | BB3: 43501.3 | BC3: 43125.4 | BD3: 43265.6 | BE3: 43361.2 | BF3: 43119.8 | BG3: 43319.4 | BH3: 43122.7 | BI3: 42980.2 | BJ3: 43186.6 | BK3: 43361.3 | BL3: 43652.9 | BM3: 43478.1 | BN3: 43399.9 | BO3: 43434 | BP3: 43320.6 | BQ3: 42678.2 | BR3: 42715.8 | BS3: 42639.1 | BT3: 42399.4 | BU3: 42588.1 | BV3: 41998.8 | BW3: 42005.4 | BX3: 41967.6 | BY3: 41650.8 | BZ3: 42102.7 | CA3: 42406.9 | CB3: 42762.5 | CC3: 42630.2 | CD3: 42584.9 | CE3: 42353.5 | CF3: 41714 | CG3: 41240.4 | CH3: 40799.9 | CI3: 40296.5 | CJ3: 39456.9 | CK3: 38655.6 | CL3: 38738.2 | CM3: 37869.3 | CN3: 37025.2 | CO3: 36444.6 | CP3: 35665.5 | CQ3: 35182.8 | CR3: 34363.4 | CS3: 33816.6
A4: 46237 | B4: 33530.8 | C4: 33207.1 | D4: 32827.8 | E4: 32433.4 | F4: 32377.5 | G4: 32110 | H4: 31762.9 | I4: 31616.8 | J4: 31521.2 | K4: 31404.9 | L4: 31155.1 | M4: 30766.5 | N4: 31096 | O4: 31003.7 | P4: 30738.2 | Q4: 30632.6 | R4: 30545.1 | S4: 30754.9 | T4: 30870.8 | U4: 31207.8 | V4: 31663.4 | W4: 31983.6 | X4: 32519.7 | Y4: 32834.8 | Z4: 33929.1 | AA4: 34671.5 | AB4: 35264.1 | AC4: 35922.5 | AD4: 36783 | AE4: 37804 | AF4: 38705.3 | AG4: 39625.6 | AH4: 41118.4 | AI4: 42070.2 | AJ4: 42844.3 | AK4: 43860.5 | AL4: 44595.8 | AM4: 45029.4 | AN4: 45785.7 | AO4: 46440.9 | AP4: 46749.6 | AQ4: 47177.7 | AR4: 47117.4 | AS4: 47417.9 | AT4: 47298.8 | AU4: 46937.8 | AV4: 46947.9 | AW4: 46959.5 | AX4: 46635.9 | AY4: 47162.4 | AZ4: 47003.8 | BA4: 47077.9 | BB4: 47088.5 | BC4: 46936.5 | BD4: 46857.4 | BE4: 46556.4 | BF4: 47097.7 | BG4: 47064.9 | BH4: 46243.6 | BI4: 45811.4 | BJ4: 46400.2 | BK4: 45999 | BL4: 45024.6 | BM4: 44622.9 | BN4: 45337.9 | BO4: 43978.6 | BP4: 44089.9 | BQ4: 43786.5 | BR4: 42649.2 | BS4: 42346 | BT4: 42327 | BU4: 42321.1 | BV4: 41615.2 | BW4: 41359.7 | BX4: 41507 | BY4: 41365.7 | BZ4: 41499.2 | CA4: 41624.6 | CB4: 41953.2 | CC4: 41736.5 | CD4: 42435.5 | CE4: 41997.6 | CF4: 41256.6 | CG4: 41548.6 | CH4: 42008.1 | CI4: 41000.5 | CJ4: 40485.8 | CK4: 39915.8 | CL4: 39621.4 | CM4: 39009.8 | CN4: 38087.7 | CO4: 37458.9 | CP4: 36845.6 | CQ4: 36232.1 | CR4: 35612.7 | CS4: 34905.6
A5: 46238 | B5: 34488.5 | C5: 34124.5 | D5: 33556.5 | E5: 33402.1 | F5: 33065.4 | G5: 32783.1 | H5: 32466.6 | I5: 32349.8 | J5: 32069.3 | K5: 31963.1 | L5: 31875.9 | M5: 31645.7 | N5: 31441.3 | O5: 31274 | P5: 31190.2 | Q5: 31099.6 | R5: 31224.3 | S5: 31206.8 | T5: 31307 | U5: 31662.7 | V5: 32044.6 | W5: 32503.6 | X5: 32767.9 | Y5: 33472.1 | Z5: 34151.2 | AA5: 34654.6 | AB5: 35338.5 | AC5: 35904.2 | AD5: 36774.9 | AE5: 37640.6 | AF5: 38347.4 | AG5: 39408.9 | AH5: 40594.4 | AI5: 41565.8 | AJ5: 42171.4 | AK5: 43260.5 | AL5: 44238.9 | AM5: 44800.4 | AN5: 45310.8 | AO5: 45605.9 | AP5: 46003.2 | AQ5: 46633.1 | AR5: 46581.4 | AS5: 46441.9 | AT5: 46442.4 | AU5: 46236.4 | AV5: 46417.4 | AW5: 46206.8 | AX5: 46278.8 | AY5: 46657 | AZ5: 46564.7 | BA5: 46520 | BB5: 46925.6 | BC5: 46553.8 | BD5: 46756.1 | BE5: 46610.7 | BF5: 46822.2 | BG5: 46604.4 | BH5: 46443.6 | BI5: 46401.8 | BJ5: 46288.8 | BK5: 46285.7 | BL5: 46668.7 | BM5: 46201.6 | BN5: 46766.3 | BO5: 46158.5 | BP5: 46017.9 | BQ5: 45152.7 | BR5: 44955.7 | BS5: 45037 | BT5: 44571.9 | BU5: 44788.1 | BV5: 44479.6 | BW5: 44323.9 | BX5: 44189.8 | BY5: 43997.7 | BZ5: 44309.4 | CA5: 44504.1 | CB5: 44561.4 | CC5: 44411.6 | CD5: 43972.1 | CE5: 43726.9 | CF5: 43149.4 | CG5: 42680.4 | CH5: 42160.1 | CI5: 41408.1 | CJ5: 40800.4 | CK5: 39920.6 | CL5: 39687.3 | CM5: 38641.9 | CN5: 37955.4 | CO5: 37220.6 | CP5: 36527.2 | CQ5: 36022.2 | CR5: 35295 | CS5: 34509.9
A6: 46239 | B6: 34544.1 | C6: 34102 | D6: 33554.9 | E6: 33515.8 | F6: 33099.4 | G6: 32746.6 | H6: 32541.2 | I6: 32278.1 | J6: 32340.2 | K6: 32113.5 | L6: 31819.1 | M6: 31568.9 | N6: 31333.3 | O6: 31186.6 | P6: 31170.4 | Q6: 31280.5 | R6: 31333.8 | S6: 31321.6 | T6: 31130.7 | U6: 31620.9 | V6: 31877.1 | W6: 32388.6 | X6: 32846.8 | Y6: 33261.9 | Z6: 33903.7 | AA6: 34607.2 | AB6: 35217.8 | AC6: 35856.7 | AD6: 36820.5 | AE6: 37625.5 | AF6: 38416.8 | AG6: 39518.2 | AH6: 40703.5 | AI6: 41686.7 | AJ6: 42619.8 | AK6: 43522.8 | AL6: 44017.3 | AM6: 44407.9 | AN6: 44925.6 | AO6: 45567.5 | AP6: 45858.2 | AQ6: 46489.9 | AR6: 46586.7 | AS6: 46699.9 | AT6: 46760.2 | AU6: 46459 | AV6: 46174.5 | AW6: 46176.4 | AX6: 46440.1 | AY6: 46254.4 | AZ6: 46754.5 | BA6: 46572.3 | BB6: 46752.5 | BC6: 46867.5 | BD6: 47023.1 | BE6: 46533.5 | BF6: 46538.7 | BG6: 46521.7 | BH6: 46887.3 | BI6: 46800.2 | BJ6: 46832.1 | BK6: 46982.6 | BL6: 47006 | BM6: 45774.1 | BN6: 46524.6 | BO6: 46321.1 | BP6: 46464 | BQ6: 45943.9 | BR6: 45573.9 | BS6: 45567.9 | BT6: 45578.8 | BU6: 45428.6 | BV6: 45043.2 | BW6: 45108.8 | BX6: 44796 | BY6: 44720.4 | BZ6: 45036.5 | CA6: 44989.2 | CB6: 45196.6 | CC6: 44990.5 | CD6: 44500.2 | CE6: 44567.5 | CF6: 44129.6 | CG6: 43290.9 | CH6: 42620.4 | CI6: 42007.5 | CJ6: 41298.6 | CK6: 40504.8 | CL6: 40048.6 | CM6: 39330.9 | CN6: 38536.2 | CO6: 37724.2 | CP6: 36965.9 | CQ6: 36387.1 | CR6: 35840.6 | CS6: 35205.2
A7: 46240 | B7: 34824.2 | C7: 34530.5 | D7: 34223.1 | E7: 33754.9 | F7: 33413.6 | G7: 33187.6 | H7: 32998.5 | I7: 32724.9 | J7: 32488.2 | K7: 32225.7 | L7: 31981.2 | M7: 31699.9 | N7: 31758.6 | O7: 31455.3 | P7: 31419.9 | Q7: 31199.3 | R7: 31421 | S7: 31434.2 | T7: 31577.7 | U7: 31904.4 | V7: 32273.9 | W7: 32459.5 | X7: 33007 | Y7: 33527.9 | Z7: 34350.5 | AA7: 34940.6 | AB7: 35509.8 | AC7: 36237.4 | AD7: 37010.8 | AE7: 37859.4 | AF7: 38717.8 | AG7: 39968.9 | AH7: 41175.5 | AI7: 42071.7 | AJ7: 43020.3 | AK7: 43813.2 | AL7: 44209.7 | AM7: 45328.9 | AN7: 45515.5 | AO7: 46098 | AP7: 46647.9 | AQ7: 46914.8 | AR7: 47010.4 | AS7: 47321.9 | AT7: 47258.2 | AU7: 47057.4 | AV7: 46870.4 | AW7: 46626.2 | AX7: 46885.3 | AY7: 46902.4 | AZ7: 46994.8 | BA7: 46982 | BB7: 47303.4 | BC7: 47414.7 | BD7: 47271.2 | BE7: 47507.9 | BF7: 47211.8 | BG7: 47310.2 | BH7: 47318 | BI7: 47405.1 | BJ7: 47585.5 | BK7: 47701.8 | BL7: 47439.1 | BM7: 47377.1 | BN7: 47559.7 | BO7: 47477.4 | BP7: 47177.7 | BQ7: 46643.5 | BR7: 46436 | BS7: 46428.4 | BT7: 46263.1 | BU7: 46399.8 | BV7: 46061.7 | BW7: 45968.9 | BX7: 45590.6 | BY7: 45361.3 | BZ7: 45708.2 | CA7: 45744.8 | CB7: 45767.3 | CC7: 45811.6 | CD7: 45204.4 | CE7: 44730.6 | CF7: 44242.6 | CG7: 43869.8 | CH7: 43131.7 | CI7: 42474.4 | CJ7: 41615.4 | CK7: 40791.8 | CL7: 40404.1 | CM7: 39736.5 | CN7: 38865.5 | CO7: 38073 | CP7: 37611.3 | CQ7: 36809 | CR7: 36200.7 | CS7: 35705.2
A8: 46241 | B8: 35146.6 | C8: 34574.5 | D8: 34244.1 | E8: 33762.4 | F8: 33607.7 | G8: 33000 | H8: 32850.8 | I8: 32536.1 | J8: 32371.4 | K8: 32055 | L8: 31876.9 | M8: 31840.6 | N8: 31689.2 | O8: 31478.4 | P8: 31480.9 | Q8: 31253.4 | R8: 31568.9 | S8: 31263.8 | T8: 31492.6 | U8: 31740.6 | V8: 32231.9 | W8: 32356.2 | X8: 32745.1 | Y8: 33379.7 | Z8: 33833.1 | AA8: 34392.1 | AB8: 35051.3 | AC8: 35576.8 | AD8: 35999.8 | AE8: 36425.2 | AF8: 37102.8 | AG8: 37847 | AH8: 38932.8 | AI8: 39424.9 | AJ8: 40109.3 | AK8: 40562.4 | AL8: 41040.5 | AM8: 41453.1 | AN8: 41401.4 | AO8: 41391.1 | AP8: 41380.3 | AQ8: 42195 | AR8: 42283.1 | AS8: 42101.3 | AT8: 42253.2 | AU8: 41943.3 | AV8: 41768.4 | AW8: 41644.8 | AX8: 41378 | AY8: 41575.9 | AZ8: 41510.3 | BA8: 41349.4 | BB8: 41961.8 | BC8: 41745 | BD8: 41176.3 | BE8: 41052.1 | BF8: 41186.5 | BG8: 40973.9 | BH8: 40745.9 | BI8: 40631.4 | BJ8: 40625 | BK8: 40805.3 | BL8: 40778.5 | BM8: 40817.5 | BN8: 40724.6 | BO8: 40613.2 | BP8: 40270.2 | BQ8: 39803.9 | BR8: 39172.3 | BS8: 39218.3 | BT8: 38775.6 | BU8: 38404.1 | BV8: 38203.6 | BW8: 37980.1 | BX8: 37800.6 | BY8: 37498.2 | BZ8: 37811.9 | CA8: 37922 | CB8: 38097.8 | CC8: 37689.7 | CD8: 37113.3 | CE8: 36956.7 | CF8: 36524.3 | CG8: 35875.6 | CH8: 35762.5 | CI8: 35034.9 | CJ8: 34592.4 | CK8: 33783.4 | CL8: 33995.5 | CM8: 33447.5 | CN8: 32778.8 | CO8: 32070.1 | CP8: 31487.8 | CQ8: 31146.1 | CR8: 30542.6 | CS8: 30137
A9: 46242 | B9: 30019.6 | C9: 29570 | D9: 29224.9 | E9: 28995.2 | F9: 28597 | G9: 28558.6 | H9: 28367.5 | I9: 28058.1 | J9: 27969.6 | K9: 27723.9 | L9: 27891.8 | M9: 27454.4 | N9: 27722.2 | O9: 27620.5 | P9: 27520.1 | Q9: 27280.8 | R9: 27382.8 | S9: 27605.2 | T9: 27760.1 | U9: 27922.8 | V9: 28530.5 | W9: 28809 | X9: 29041 | Y9: 29233.1 | Z9: 29647.6 | AA9: 30071.3 | AB9: 30360.8 | AC9: 30437.3 | AD9: 30768.7 | AE9: 31068.4 | AF9: 31305.4 | AG9: 31668.1 | AH9: 32686.1 | AI9: 32972.7 | AJ9: 33385.3 | AK9: 33396.1 | AL9: 33932.4 | AM9: 34299.4 | AN9: 34366.3 | AO9: 34372.9 | AP9: 34623.7 | AQ9: 34649.7 | AR9: 34904.8 | AS9: 34641 | AT9: 34405.7 | AU9: 33682.9 | AV9: 33513 | AW9: 33573 | AX9: 33312.7 | AY9: 33083.2 | AZ9: 33731.7 | BA9: 33883.8 | BB9: 34038.8 | BC9: 33914.5 | BD9: 34357.7 | BE9: 34166.2 | BF9: 34443.8 | BG9: 34301.8 | BH9: 34503.8 | BI9: 34391.4 | BJ9: 34713.9 | BK9: 34870.5 | BL9: 34881.5 | BM9: 34955.8 | BN9: 34876 | BO9: 35107.4 | BP9: 35304 | BQ9: 34707.8 | BR9: 34320.2 | BS9: 34602.7 | BT9: 34335 | BU9: 34394.7 | BV9: 34133.3 | BW9: 34032.9 | BX9: 34204.3 | BY9: 33993.5 | BZ9: 34245.3 | CA9: 34241 | CB9: 34338.2 | CC9: 33926.2 | CD9: 33921.3 | CE9: 33628.3 | CF9: 33352.5 | CG9: 32836.7 | CH9: 32817.4 | CI9: 32381.2 | CJ9: 31790.9 | CK9: 31183.1 | CL9: 31421.8 | CM9: 30842.2 | CN9: 30462.7 | CO9: 30134.3 | CP9: 29757.5 | CQ9: 29325.4 | CR9: 28899.1 | CS9: 28415.5
A10: 46243 | B10: 28293.5 | C10: 28112.1 | D10: 28068.1 | E10: 27465.8 | F10: 27456.9 | G10: 27168.6 | H10: 27047.5 | I10: 26858.1 | J10: 26711 | K10: 26646.8 | L10: 26568.4 | M10: 26401.5 | N10: 26447.6 | O10: 26398.5 | P10: 26390.5 | Q10: 26465.6 | R10: 26355 | S10: 26819.6 | T10: 27032.9 | U10: 27281.7 | V10: 27803.4 | W10: 27897.3 | X10: 28355.8 | Y10: 28534.4 | Z10: 28970 | AA10: 29327.3 | AB10: 29731.8 | AC10: 29905.4 | AD10: 30175.9 | AE10: 30314.2 | AF10: 30842.5 | AG10: 31133.7 | AH10: 31827.6 | AI10: 32237 | AJ10: 32664.1 | AK10: 33158.9 | AL10: 33345.3 | AM10: 33750.1 | AN10: 34024.4 | AO10: 34457.8 | AP10: 34747.8 | AQ10: 34866 | AR10: 35124.6 | AS10: 35038.7 | AT10: 35396.2 | AU10: 34447.6 | AV10: 34683.3 | AW10: 34445.3 | AX10: 34594.3 | AY10: 34660.7 | AZ10: 35088.1 | BA10: 35190.1 | BB10: 35456.8 | BC10: 35565.9 | BD10: 35799.8 | BE10: 35595 | BF10: 35878.2 | BG10: 35815.9 | BH10: 35616.3 | BI10: 35865.3 | BJ10: 36202.6 | BK10: 36079.5 | BL10: 36139.7 | BM10: 36209.5 | BN10: 36379.1 | BO10: 36359.1 | BP10: 36201.7 | BQ10: 36067.5 | BR10: 36025.8 | BS10: 35887 | BT10: 35782.7 | BU10: 35808.8 | BV10: 35402.2 | BW10: 35471.7 | BX10: 35344.1 | BY10: 35360.9 | BZ10: 35736.8 | CA10: 36035.1 | CB10: 36001 | CC10: 35956.5 | CD10: 35632.9 | CE10: 35468.9 | CF10: 35259.4 | CG10: 34833.5 | CH10: 34449.4 | CI10: 33942.5 | CJ10: 33484 | CK10: 32756.3 | CL10: 32804 | CM10: 32222.3 | CN10: 31703.3 | CO10: 31263.9 | CP10: 30764.2 | CQ10: 30331.5 | CR10: 29887.3 | CS10: 29366.7
A11: 46244 | B11: 29140.9 | C11: 28824.3 | D11: 28411.7 | E11: 28280 | F11: 28083.9 | G11: 27842.4 | H11: 27802.6 | I11: 27594.3 | J11: 27570.3 | K11: 27301.5 | L11: 27215.7 | M11: 27283.1 | N11: 27131.3 | O11: 26875.2 | P11: 27112.2 | Q11: 26997.1 | R11: 27144.2 | S11: 27151.2 | T11: 27525 | U11: 27925.7 | V11: 28429.1 | W11: 28946.9 | X11: 29210.8 | Y11: 29857 | Z11: 30505.2 | AA11: 30920.5 | AB11: 31460.1 | AC11: 31905.6 | AD11: 32384.4 | AE11: 32797.3 | AF11: 33855.6 | AG11: 34556.6 | AH11: 35724.9 | AI11: 36542.3 | AJ11: 37040.7 | AK11: 37602.4 | AL11: 38234.7 | AM11: 38864.5 | AN11: 38838.5 | AO11: 39531 | AP11: 39694.1 | AQ11: 39818.8 | AR11: 40081.4 | AS11: 39814.9 | AT11: 40072.3 | AU11: 39757.2 | AV11: 39345.2 | AW11: 39539.4 | AX11: 40218 | AY11: 40053.7 | AZ11: 40230.7 | BA11: 40269.9 | BB11: 40882 | BC11: 41020.5 | BD11: 41003.5 | BE11: 40731 | BF11: 41175 | BG11: 40882.6 | BH11: 41011.5 | BI11: 41082.1 | BJ11: 41426 | BK11: 41217.9 | BL11: 41510.7 | BM11: 41774.9 | BN11: 41543.3 | BO11: 41478 | BP11: 41170.2 | BQ11: 40624.2 | BR11: 40196 | BS11: 39968.5 | BT11: 39942.3 | BU11: 39786.1 | BV11: 39395.7 | BW11: 39328.1 | BX11: 39292.1 | BY11: 39097.8 | BZ11: 39562.8 | CA11: 39771.6 | CB11: 39788.6 | CC11: 39545 | CD11: 39336.2 | CE11: 39153.6 | CF11: 38497.2 | CG11: 38401.7 | CH11: 37648.1 | CI11: 36848.8 | CJ11: 36423.5 | CK11: 35781.6 | CL11: 35622.3 | CM11: 34835.6 | CN11: 34650.1 | CO11: 33682 | CP11: 33006 | CQ11: 32490.4 | CR11: 32125.5 | CS11: 31209.1
A12: 46245 | B12: 31083.8 | C12: 30969.7 | D12: 30358.1 | E12: 30119 | F12: 29761.1 | G12: 29513.7 | H12: 29400 | I12: 29365.5 | J12: 29248.1 | K12: 29165.6 | L12: 28940 | M12: 28741.4 | N12: 28817.6 | O12: 28651.3 | P12: 28607.6 | Q12: 28648.2 | R12: 28635.1 | S12: 28712.9 | T12: 28798.2 | U12: 29206.3 | V12: 29813.8 | W12: 30022.9 | X12: 30877.7 | Y12: 31151.8 | Z12: 31887.4 | AA12: 32219.9 | AB12: 32872.9 | AC12: 33509.5 | AD12: 33801.7 | AE12: 34306.7 | AF12: 35091.1 | AG12: 36085.3 | AH12: 37330.8 | AI12: 38036.9 | AJ12: 38646.4 | AK12: 39486.3 | AL12: 40184.1 | AM12: 40761.7 | AN12: 41029.3 | AO12: 41331.6 | AP12: 41564.6 | AQ12: 41981.8 | AR12: 42177.3 | AS12: 42631.4 | AT12: 42264.3 | AU12: 42222.9 | AV12: 41974.6 | AW12: 41952.8 | AX12: 42161.5 | AY12: 42503 | AZ12: 42309.2 | BA12: 43000.2 | BB12: 43557.9 | BC12: 43033.4 | BD12: 43479 | BE12: 43206.6 | BF12: 43037.9 | BG12: 43498.3 | BH12: 43173.1 | BI12: 43131.6 | BJ12: 43158.3 | BK12: 43356.2 | BL12: 43157.6 | BM12: 43191.3 | BN12: 43323.4 | BO12: 43150.6 | BP12: 43123.4 | BQ12: 42364.8 | BR12: 41959.3 | BS12: 41969.3 | BT12: 41974.5 | BU12: 41572.3 | BV12: 41394.3 | BW12: 41100.3 | BX12: 41125.8 | BY12: 40839.9 | BZ12: 40851.3 | CA12: 40972.9 | CB12: 41167.4 | CC12: 41063.9 | CD12: 40779.7 | CE12: 40484.2 | CF12: 39955.5 | CG12: 39429.7 | CH12: 38962.1 | CI12: 38392.5 | CJ12: 37667.1 | CK12: 36705.4 | CL12: 36577.4 | CM12: 35921.8 | CN12: 35090.3 | CO12: 34351.7 | CP12: 33742.9 | CQ12: 33187.5 | CR12: 32796.1 | CS12: 32131.8
A13: 46246 | B13: 32048.5 | C13: 31544.5 | D13: 31368.9 | E13: 31037.8 | F13: 30881.9 | G13: 30528.5 | H13: 30269.9 | I13: 29993 | J13: 29808.5 | K13: 29732.7 | L13: 29715.6 | M13: 29440.5 | N13: 29339.3 | O13: 29227.1 | P13: 29232.3 | Q13: 29072.4 | R13: 29339.7 | S13: 29176.8 | T13: 29451 | U13: 29581.1 | V13: 30129.9 | W13: 30458.2 | X13: 30754 | Y13: 31426 | Z13: 32173.5 | AA13: 32528.6 | AB13: 33357.4 | AC13: 33638.4 | AD13: 34184.5 | AE13: 34993.8 | AF13: 35687 | AG13: 36597.9 | AH13: 37671.4 | AI13: 38551.5 | AJ13: 39296.4 | AK13: 39962.1 | AL13: 40620.5 | AM13: 40767.3 | AN13: 41171 | AO13: 41301.9 | AP13: 41858.4 | AQ13: 42161.7 | AR13: 42452.7 | AS13: 42524.9 | AT13: 42182.1 | AU13: 42366.4 | AV13: 42204.9 | AW13: 42124 | AX13: 42026.3 | AY13: 42168.9 | AZ13: 42322.4 | BA13: 42141 | BB13: 42654.5 | BC13: 42810.5 | BD13: 42903.7 | BE13: 42753.3 | BF13: 42988.9 | BG13: 42539.9 | BH13: 42534.5 | BI13: 42522 | BJ13: 42607.1 | BK13: 42381 | BL13: 42191.2 | BM13: 42321.4 | BN13: 42224.1 | BO13: 42093.5 | BP13: 41668.8 | BQ13: 40867.6 | BR13: 40568.2 | BS13: 40351.5 | BT13: 40083.6 | BU13: 40015.6 | BV13: 39660.7 | BW13: 39513.5 | BX13: 39751.9 | BY13: 39653.2 | BZ13: 40053.8 | CA13: 39875.9 | CB13: 40121 | CC13: 39564.3 | CD13: 39191.5 | CE13: 38942.9 | CF13: 38620.7 | CG13: 37843.5 | CH13: 37436.1 | CI13: 36845.3 | CJ13: 36045.3 | CK13: 35651.6 | CL13: 35359.7 | CM13: 34580.1 | CN13: 33875.1 | CO13: 33100.4 | CP13: 32801.7 | CQ13: 32369.5 | CR13: 31822.4 | CS13: 31228
... A32: 46265 | B32: 27331.4 | C32: 27259.6 | D32: 26937.8 | E32: 26872.9 | F32: 26580.3 | G32: 26513.3 | H32: 26222 | I32: 26001.1 | J32: 26093.1 | K32: 26049.4 | L32: 25853.6 | M32: 25661.9 | N32: 25697.4 | O32: 25633 | P32: 25655.6 | Q32: 25469.2 | R32: 25772.3 | S32: 25819.7 | T32: 25954 | U32: 26174.2 | V32: 26785.3 | W32: 27256.4 | X32: 27789.9 | Y32: 28489.9 | Z32: 29170.8 | AA32: 29597.7 | AB32: 30226.2 | AC32: 30173 | AD32: 30790.6 | AE32: 31220.6 | AF32: 31432.2 | AG32: 31993.6 | AH32: 32665.5 | AI32: 33243.2 | AJ32: 33696.5 | AK32: 34091.5 | AL32: 34264.7 | AM32: 34769.3 | AN32: 34972.8 | AO32: 35174.8 | AP32: 35451.9 | AQ32: 35406.4 | AR32: 35900.6 | AS32: 35748.2 | AT32: 35463.3 | AU32: 35271.9 | AV32: 34670 | AW32: 34533.7 | AX32: 34624.3 | AY32: 35074.7 | AZ32: 35455.3 | BA32: 35160.3 | BB32: 35895.1 | BC32: 35838 | BD32: 36041 | BE32: 35490.5 | BF32: 35837.1 | BG32: 35673.6 | BH32: 35095 | BI32: 35270.5 | BJ32: 35593.9 | BK32: 35230.3 | BL32: 35298.9 | BM32: 35314.6 | BN32: 35726.7 | BO32: 35626.5 | BP32: 35371.8 | BQ32: 34897.3 | BR32: 34558.2 | BS32: 34388.1 | BT32: 34129.1 | BU32: 34273.6 | BV32: 34114.7 | BW32: 34377.3 | BX32: 34717.2 | BY32: 34779.8 | BZ32: 34816 | CA32: 34561.2 | CB32: 34641.9 | CC32: 34351.7 | CD32: 34039.6 | CE32: 33708.6 | CF32: 33448.7 | CG32: 32883.9 | CH32: 32459.7 | CI32: 31728 | CJ32: 31370.3 | CK32: 30557.8 | CL32: 30811.9 | CM32: 30340.9 | CN32: 29968.4 | CO32: 29371.1 | CP32: 28741.7 | CQ32: 28334.2 | CR32: 27894.3 | CS32: 27548.7

Sheet 水电
A1: 日期 | B1: 0.010416667 | C1: 0.020833333 | D1: 0.03125 | E1: 0.041666667 | F1: 0.052083333 | G1: 0.0625 | H1: 0.072916667 | I1: 0.083333333 | J1: 0.09375 | K1: 0.10416667 | L1: 0.11458333 | M1: 0.125 | N1: 0.13541667 | O1: 0.14583333 | P1: 0.15625 | Q1: 0.16666667 | R1: 0.17708333 | S1: 0.1875 | T1: 0.19791667 | U1: 0.20833333 | V1: 0.21875 | W1: 0.22916667 | X1: 0.23958333 | Y1: 0.25 | Z1: 0.26041667 | AA1: 0.27083333 | AB1: 0.28125 | AC1: 0.29166667 | AD1: 0.30208333 | AE1: 0.3125 | AF1: 0.32291667 | AG1: 0.33333333 | AH1: 0.34375 | AI1: 0.35416667 | AJ1: 0.36458333 | AK1: 0.375 | AL1: 0.38541667 | AM1: 0.39583333 | AN1: 0.40625 | AO1: 0.41666667 | AP1: 0.42708333 | AQ1: 0.4375 | AR1: 0.44791667 | AS1: 0.45833333 | AT1: 0.46875 | AU1: 0.47916667 | AV1: 0.48958333 | AW1: 0.5 | AX1: 0.51041667 | AY1: 0.52083333 | AZ1: 0.53125 | BA1: 0.54166667 | BB1: 0.55208333 | BC1: 0.5625 | BD1: 0.57291667 | BE1: 0.58333333 | BF1: 0.59375 | BG1: 0.60416667 | BH1: 0.61458333 | BI1: 0.625 | BJ1: 0.63541667 | BK1: 0.64583333 | BL1: 0.65625 | BM1: 0.66666667 | BN1: 0.67708333 | BO1: 0.6875 | BP1: 0.69791667 | BQ1: 0.70833333 | BR1: 0.71875 | BS1: 0.72916667 | BT1: 0.73958333 | BU1: 0.75 | BV1: 0.76041667 | BW1: 0.77083333 | BX1: 0.78125 | BY1: 0.79166667 | BZ1: 0.80208333 | CA1: 0.8125 | CB1: 0.82291667 | CC1: 0.83333333 | CD1: 0.84375 | CE1: 0.85416667 | CF1: 0.86458333 | CG1: 0.875 | CH1: 0.88541667 | CI1: 0.89583333 | CJ1: 0.90625 | CK1: 0.91666667 | CL1: 0.92708333 | CM1: 0.9375 | CN1: 0.94791667 | CO1: 0.95833333 | CP1: 0.96875 | CQ1: 0.97916667 | CR1: 0.98958333 | CS1: 1
A2: 46235 | B2: 566 | C2: 564 | D2: 560 | E2: 561 | F2: 561 | G2: 561 | H2: 559 | I2: 559 | J2: 558 | K2: 559 | L2: 557 | M2: 558 | N2: 559 | O2: 558 | P2: 558 | Q2: 559 | R2: 619 | S2: 616 | T2: 618 | U2: 618 | V2: 618 | W2: 618 | X2: 618 | Y2: 618 | Z2: 618 | AA2: 618 | AB2: 617 | AC2: 618 | AD2: 617 | AE2: 618 | AF2: 616 | AG2: 617 | AH2: 616 | AI2: 616 | AJ2: 615 | AK2: 617 | AL2: 616 | AM2: 616 | AN2: 617 | AO2: 616 | AP2: 616 | AQ2: 617 | AR2: 616 | AS2: 617 | AT2: 616 | AU2: 616 | AV2: 616 | AW2: 617 | AX2: 615 | AY2: 512 | AZ2: 512 | BA2: 512 | BB2: 453 | BC2: 453 | BD2: 453 | BE2: 453 | BF2: 453 | BG2: 453 | BH2: 453 | BI2: 453 | BJ2: 453 | BK2: 453 | BL2: 452 | BM2: 452 | BN2: 452 | BO2: 451 | BP2: 451 | BQ2: 446 | BR2: 431 | BS2: 430 | BT2: 430 | BU2: 430 | BV2: 431 | BW2: 431 | BX2: 430 | BY2: 430 | BZ2: 431 | CA2: 429 | CB2: 490 | CC2: 491 | CD2: 492 | CE2: 491 | CF2: 492 | CG2: 492 | CH2: 431 | CI2: 431 | CJ2: 432 | CK2: 431 | CL2: 431 | CM2: 431 | CN2: 431 | CO2: 432 | CP2: 432 | CQ2: 431 | CR2: 431 | CS2: 310
A3: 46236 | B3: 708 | C3: 708 | D3: 709 | E3: 710 | F3: 599 | G3: 596 | H3: 596 | I3: 597 | J3: 597 | K3: 598 | L3: 596 | M3: 597 | N3: 597 | O3: 598 | P3: 597 | Q3: 597 | R3: 598 | S3: 597 | T3: 459 | U3: 459 | V3: 458 | W3: 446 | X3: 447 | Y3: 446 | Z3: 446 | AA3: 442 | AB3: 441 | AC3: 439 | AD3: 438 | AE3: 440 | AF3: 439 | AG3: 441 | AH3: 381 | AI3: 379 | AJ3: 382 | AK3: 385 | AL3: 385 | AM3: 385 | AN3: 386 | AO3: 386 | AP3: 387 | AQ3: 386 | AR3: 386 | AS3: 517 | AT3: 538 | AU3: 539 | AV3: 538 | AW3: 539 | AX3: 599 | AY3: 600 | AZ3: 601 | BA3: 602 | BB3: 601 | BC3: 605 | BD3: 604 | BE3: 604 | BF3: 604 | BG3: 603 | BH3: 604 | BI3: 604 | BJ3: 604 | BK3: 604 | BL3: 604 | BM3: 604 | BN3: 537 | BO3: 499 | BP3: 499 | BQ3: 498 | BR3: 496 | BS3: 492 | BT3: 495 | BU3: 495 | BV3: 436 | BW3: 436 | BX3: 439 | BY3: 443 | BZ3: 443 | CA3: 442 | CB3: 443 | CC3: 443 | CD3: 442 | CE3: 443 | CF3: 443 | CG3: 442 | CH3: 442 | CI3: 443 | CJ3: 442 | CK3: 443 | CL3: 441 | CM3: 441 | CN3: 442 | CO3: 441 | CP3: 442 | CQ3: 441 | CR3: 440 | CS3: 440
A4: 46237 | B4: 498 | C4: 497 | D4: 497 | E4: 497 | F4: 499 | G4: 539 | H4: 538 | I4: 537 | J4: 536 | K4: 538 | L4: 537 | M4: 536 | N4: 536 | O4: 535 | P4: 536 | Q4: 536 | R4: 535 | S4: 535 | T4: 534 | U4: 530 | V4: 531 | W4: 530 | X4: 530 | Y4: 530 | Z4: 596 | AA4: 596 | AB4: 597 | AC4: 600 | AD4: 600 | AE4: 602 | AF4: 603 | AG4: 602 | AH4: 602 | AI4: 608 | AJ4: 608 | AK4: 608 | AL4: 608 | AM4: 608 | AN4: 607 | AO4: 605 | AP4: 546 | AQ4: 547 | AR4: 525 | AS4: 525 | AT4: 525 | AU4: 526 | AV4: 526 | AW4: 526 | AX4: 525 | AY4: 525 | AZ4: 525 | BA4: 525 | BB4: 524 | BC4: 524 | BD4: 525 | BE4: 525 | BF4: 481 | BG4: 481 | BH4: 476 | BI4: 539 | BJ4: 539 | BK4: 537 | BL4: 538 | BM4: 537 | BN4: 536 | BO4: 537 | BP4: 536 | BQ4: 532 | BR4: 493 | BS4: 493 | BT4: 493 | BU4: 492 | BV4: 432 | BW4: 432 | BX4: 433 | BY4: 433 | BZ4: 434 | CA4: 434 | CB4: 434 | CC4: 434 | CD4: 432 | CE4: 432 | CF4: 432 | CG4: 432 | CH4: 432 | CI4: 431 | CJ4: 431 | CK4: 431 | CL4: 432 | CM4: 432 | CN4: 431 | CO4: 431 | CP4: 431 | CQ4: 431 | CR4: 430 | CS4: 430
A5: 46238 | B5: 539 | C5: 540 | D5: 541 | E5: 543 | F5: 543 | G5: 543 | H5: 543 | I5: 543 | J5: 542 | K5: 543 | L5: 543 | M5: 543 | N5: 543 | O5: 543 | P5: 544 | Q5: 543 | R5: 544 | S5: 543 | T5: 543 | U5: 543 | V5: 563 | W5: 564 | X5: 564 | Y5: 564 | Z5: 565 | AA5: 565 | AB5: 606 | AC5: 605 | AD5: 605 | AE5: 605 | AF5: 607 | AG5: 607 | AH5: 607 | AI5: 607 | AJ5: 606 | AK5: 606 | AL5: 606 | AM5: 605 | AN5: 606 | AO5: 605 | AP5: 605 | AQ5: 605 | AR5: 606 | AS5: 604 | AT5: 605 | AU5: 586 | AV5: 538 | AW5: 540 | AX5: 539 | AY5: 539 | AZ5: 538 | BA5: 539 | BB5: 538 | BC5: 538 | BD5: 539 | BE5: 539 | BF5: 539 | BG5: 535 | BH5: 535 | BI5: 536 | BJ5: 493 | BK5: 495 | BL5: 433 | BM5: 432 | BN5: 433 | BO5: 432 | BP5: 432 | BQ5: 433 | BR5: 432 | BS5: 432 | BT5: 427 | BU5: 427 | BV5: 427 | BW5: 426 | BX5: 426 | BY5: 427 | BZ5: 426 | CA5: 426 | CB5: 427 | CC5: 426 | CD5: 427 | CE5: 426 | CF5: 426 | CG5: 426 | CH5: 426 | CI5: 426 | CJ5: 426 | CK5: 425 | CL5: 426 | CM5: 426 | CN5: 426 | CO5: 425 | CP5: 426 | CQ5: 427 | CR5: 427 | CS5: 427
A6: 46239 | B6: 585 | C6: 590 | D6: 590 | E6: 592 | F6: 592 | G6: 592 | H6: 592 | I6: 591 | J6: 592 | K6: 592 | L6: 593 | M6: 592 | N6: 593 | O6: 592 | P6: 593 | Q6: 592 | R6: 592 | S6: 593 | T6: 597 | U6: 598 | V6: 599 | W6: 598 | X6: 599 | Y6: 599 | Z6: 598 | AA6: 599 | AB6: 600 | AC6: 600 | AD6: 600 | AE6: 600 | AF6: 600 | AG6: 601 | AH6: 599 | AI6: 598 | AJ6: 599 | AK6: 600 | AL6: 602 | AM6: 601 | AN6: 602 | AO6: 602 | AP6: 601 | AQ6: 602 | AR6: 601 | AS6: 601 | AT6: 601 | AU6: 600 | AV6: 600 | AW6: 600 | AX6: 603 | AY6: 603 | AZ6: 603 | BA6: 603 | BB6: 603 | BC6: 603 | BD6: 584 | BE6: 583 | BF6: 583 | BG6: 473 | BH6: 431 | BI6: 369 | BJ6: 358 | BK6: 349 | BL6: 349 | BM6: 348 | BN6: 345 | BO6: 345 | BP6: 345 | BQ6: 344 | BR6: 344 | BS6: 339 | BT6: 343 | BU6: 346 | BV6: 346 | BW6: 347 | BX6: 346 | BY6: 346 | BZ6: 344 | CA6: 343 | CB6: 343 | CC6: 343 | CD6: 343 | CE6: 342 | CF6: 414 | CG6: 475 | CH6: 480 | CI6: 482 | CJ6: 481 | CK6: 481 | CL6: 479 | CM6: 479 | CN6: 479 | CO6: 478 | CP6: 475 | CQ6: 475 | CR6: 474 | CS6: 474
A7: 46240 | B7: 517 | C7: 517 | D7: 517 | E7: 513 | F7: 513 | G7: 513 | H7: 514 | I7: 513 | J7: 513 | K7: 513 | L7: 513 | M7: 513 | N7: 513 | O7: 512 | P7: 512 | Q7: 498 | R7: 497 | S7: 498 | T7: 498 | U7: 498 | V7: 497 | W7: 498 | X7: 497 | Y7: 497 | Z7: 498 | AA7: 498 | AB7: 496 | AC7: 497 | AD7: 497 | AE7: 496 | AF7: 497 | AG7: 394 | AH7: 394 | AI7: 393 | AJ7: 394 | AK7: 394 | AL7: 393 | AM7: 393 | AN7: 393 | AO7: 393 | AP7: 393 | AQ7: 393 | AR7: 393 | AS7: 393 | AT7: 393 | AU7: 393 | AV7: 392 | AW7: 392 | AX7: 518 | AY7: 516 | AZ7: 518 | BA7: 519 | BB7: 519 | BC7: 518 | BD7: 519 | BE7: 517 | BF7: 517 | BG7: 517 | BH7: 517 | BI7: 518 | BJ7: 489 | BK7: 478 | BL7: 510 | BM7: 547 | BN7: 550 | BO7: 550 | BP7: 554 | BQ7: 558 | BR7: 559 | BS7: 560 | BT7: 560 | BU7: 663 | BV7: 663 | BW7: 664 | BX7: 664 | BY7: 664 | BZ7: 565 | CA7: 564 | CB7: 562 | CC7: 562 | CD7: 561 | CE7: 561 | CF7: 696 | CG7: 502 | CH7: 498 | CI7: 702 | CJ7: 563 | CK7: 563 | CL7: 563 | CM7: 499 | CN7: 499 | CO7: 498 | CP7: 498 | CQ7: 499 | CR7: 499 | CS7: 499
A8: 46241 | B8: 466 | C8: 466 | D8: 466 | E8: 466 | F8: 466 | G8: 467 | H8: 466 | I8: 466 | J8: 466 | K8: 466 | L8: 529 | M8: 528 | N8: 528 | O8: 528 | P8: 528 | Q8: 528 | R8: 528 | S8: 528 | T8: 528 | U8: 528 | V8: 528 | W8: 527 | X8: 528 | Y8: 527 | Z8: 525 | AA8: 524 | AB8: 524 | AC8: 191 | AD8: 130 | AE8: 125 | AF8: 126 | AG8: 125 | AH8: 125 | AI8: 125 | AJ8: 125 | AK8: 124 | AL8: 125 | AM8: 124 | AN8: 124 | AO8: 121 | AP8: 120 | AQ8: 120 | AR8: 120 | AS8: 120 | AT8: 117 | AU8: 117 | AV8: 117 | AW8: 116 | AX8: 113 | AY8: 113 | AZ8: 113 | BA8: 113 | BB8: 113 | BC8: 113 | BD8: 113 | BE8: 111 | BF8: 113 | BG8: 115 | BH8: 113 | BI8: 116 | BJ8: 116 | BK8: 116 | BL8: 116 | BM8: 116 | BN8: 116 | BO8: 116 | BP8: 116 | BQ8: 114 | BR8: 114 | BS8: 114 | BT8: 114 | BU8: 114 | BV8: 114 | BW8: 601 | BX8: 612 | BY8: 619 | BZ8: 544 | CA8: 541 | CB8: 354 | CC8: 249 | CD8: 170 | CE8: 129 | CF8: 129 | CG8: 129 | CH8: 128 | CI8: 129 | CJ8: 124 | CK8: 124 | CL8: 124 | CM8: 123 | CN8: 123 | CO8: 123 | CP8: 123 | CQ8: 123 | CR8: 122 | CS8: 119
A9: 46242 | B9: 118 | C9: 118 | D9: 118 | E9: 118 | F9: 117 | G9: 118 | H9: 118 | I9: 118 | J9: 118 | K9: 118 | L9: 118 | M9: 118 | N9: 117 | O9: 118 | P9: 118 | Q9: 117 | R9: 117 | S9: 117 | T9: 116 | U9: 116 | V9: 116 | W9: 117 | X9: 115 | Y9: 114 | Z9: 117 | AA9: 117 | AB9: 117 | AC9: 117 | AD9: 117 | AE9: 116 | AF9: 116 | AG9: 116 | AH9: 115 | AI9: 116 | AJ9: 116 | AK9: 115 | AL9: 115 | AM9: 116 | AN9: 115 | AO9: 113 | AP9: 113 | AQ9: 113 | AR9: 113 | AS9: 113 | AT9: 113 | AU9: 113 | AV9: 112 | AW9: 112 | AX9: 113 | AY9: 112 | AZ9: 112 | BA9: 113 | BB9: 112 | BC9: 113 | BD9: 112 | BE9: 112 | BF9: 111 | BG9: 110 | BH9: 109 | BI9: 108 | BJ9: 108 | BK9: 108 | BL9: 108 | BM9: 108 | BN9: 109 | BO9: 109 | BP9: 108 | BQ9: 108 | BR9: 108 | BS9: 108 | BT9: 109 | BU9: 108 | BV9: 108 | BW9: 505 | BX9: 570 | BY9: 578 | BZ9: 581 | CA9: 580 | CB9: 580 | CC9: 588 | CD9: 593 | CE9: 598 | CF9: 598 | CG9: 598 | CH9: 499 | CI9: 499 | CJ9: 500 | CK9: 499 | CL9: 499 | CM9: 499 | CN9: 499 | CO9: 498 | CP9: 498 | CQ9: 499 | CR9: 498 | CS9: 497
A10: 46243 | B10: 384 | C10: 384 | D10: 384 | E10: 384 | F10: 384 | G10: 383 | H10: 383 | I10: 382 | J10: 378 | K10: 378 | L10: 379 | M10: 379 | N10: 378 | O10: 378 | P10: 378 | Q10: 401 | R10: 401 | S10: 401 | T10: 402 | U10: 397 | V10: 437 | W10: 437 | X10: 414 | Y10: 413 | Z10: 414 | AA10: 414 | AB10: 414 | AC10: 413 | AD10: 413 | AE10: 413 | AF10: 413 | AG10: 416 | AH10: 477 | AI10: 472 | AJ10: 473 | AK10: 473 | AL10: 513 | AM10: 130 | AN10: 123 | AO10: 123 | AP10: 122 | AQ10: 122 | AR10: 122 | AS10: 121 | AT10: 121 | AU10: 119 | AV10: 119 | AW10: 116 | AX10: 112 | AY10: 112 | AZ10: 113 | BA10: 112 | BB10: 112 | BC10: 113 | BD10: 114 | BE10: 198 | BF10: 409 | BG10: 580 | BH10: 579 | BI10: 580 | BJ10: 582 | BK10: 584 | BL10: 585 | BM10: 585 | BN10: 585 | BO10: 586 | BP10: 588 | BQ10: 588 | BR10: 588 | BS10: 588 | BT10: 592 | BU10: 593 | BV10: 532 | BW10: 533 | BX10: 532 | BY10: 531 | BZ10: 532 | CA10: 532 | CB10: 531 | CC10: 532 | CD10: 531 | CE10: 554 | CF10: 592 | CG10: 555 | CH10: 555 | CI10: 556 | CJ10: 555 | CK10: 555 | CL10: 556 | CM10: 557 | CN10: 496 | CO10: 494 | CP10: 494 | CQ10: 493 | CR10: 493 | CS10: 493
A11: 46244 | B11: 485 | C11: 483 | D11: 481 | E11: 479 | F11: 480 | G11: 481 | H11: 480 | I11: 480 | J11: 419 | K11: 419 | L11: 419 | M11: 417 | N11: 417 | O11: 417 | P11: 417 | Q11: 417 | R11: 416 | S11: 416 | T11: 416 | U11: 416 | V11: 416 | W11: 416 | X11: 415 | Y11: 415 | Z11: 415 | AA11: 415 | AB11: 415 | AC11: 413 | AD11: 413 | AE11: 413 | AF11: 412 | AG11: 411 | AH11: 410 | AI11: 410 | AJ11: 410 | AK11: 467 | AL11: 510 | AM11: 508 | AN11: 508 | AO11: 509 | AP11: 289 | AQ11: 241 | AR11: 241 | AS11: 240 | AT11: 123 | AU11: 116 | AV11: 116 | AW11: 116 | AX11: 114 | AY11: 113 | AZ11: 113 | BA11: 113 | BB11: 113 | BC11: 113 | BD11: 113 | BE11: 111 | BF11: 110 | BG11: 107 | BH11: 107 | BI11: 107 | BJ11: 107 | BK11: 107 | BL11: 262 | BM11: 569 | BN11: 573 | BO11: 574 | BP11: 679 | BQ11: 677 | BR11: 577 | BS11: 578 | BT11: 580 | BU11: 579 | BV11: 578 | BW11: 581 | BX11: 579 | BY11: 580 | BZ11: 537 | CA11: 536 | CB11: 536 | CC11: 537 | CD11: 539 | CE11: 549 | CF11: 548 | CG11: 548 | CH11: 510 | CI11: 510 | CJ11: 510 | CK11: 512 | CL11: 510 | CM11: 510 | CN11: 511 | CO11: 510 | CP11: 490 | CQ11: 490 | CR11: 490 | CS11: 489
A12: 46245 | B12: 480 | C12: 481 | D12: 481 | E12: 479 | F12: 442 | G12: 441 | H12: 441 | I12: 442 | J12: 442 | K12: 442 | L12: 442 | M12: 442 | N12: 420 | O12: 420 | P12: 421 | Q12: 419 | R12: 416 | S12: 417 | T12: 416 | U12: 417 | V12: 417 | W12: 415 | X12: 414 | Y12: 410 | Z12: 410 | AA12: 411 | AB12: 411 | AC12: 410 | AD12: 410 | AE12: 410 | AF12: 410 | AG12: 410 | AH12: 412 | AI12: 410 | AJ12: 411 | AK12: 411 | AL12: 513 | AM12: 512 | AN12: 511 | AO12: 512 | AP12: 512 | AQ12: 512 | AR12: 512 | AS12: 510 | AT12: 512 | AU12: 581 | AV12: 582 | AW12: 586 | AX12: 584 | AY12: 585 | AZ12: 585 | BA12: 590 | BB12: 592 | BC12: 591 | BD12: 590 | BE12: 588 | BF12: 592 | BG12: 592 | BH12: 593 | BI12: 593 | BJ12: 591 | BK12: 591 | BL12: 591 | BM12: 591 | BN12: 591 | BO12: 590 | BP12: 589 | BQ12: 589 | BR12: 588 | BS12: 588 | BT12: 588 | BU12: 587 | BV12: 525 | BW12: 526 | BX12: 526 | BY12: 525 | BZ12: 525 | CA12: 525 | CB12: 525 | CC12: 526 | CD12: 524 | CE12: 524 | CF12: 525 | CG12: 524 | CH12: 488 | CI12: 488 | CJ12: 489 | CK12: 489 | CL12: 490 | CM12: 490 | CN12: 489 | CO12: 489 | CP12: 489 | CQ12: 489 | CR12: 489 | CS12: 489
A13: 46246 | B13: 480 | C13: 481 | D13: 481 | E13: 479 | F13: 442 | G13: 441 | H13: 441 | I13: 442 | J13: 442 | K13: 442 | L13: 442 | M13: 442 | N13: 420 | O13: 420 | P13: 421 | Q13: 419 | R13: 416 | S13: 417 | T13: 416 | U13: 417 | V13: 417 | W13: 415 | X13: 414 | Y13: 410 | Z13: 410 | AA13: 411 | AB13: 411 | AC13: 410 | AD13: 410 | AE13: 410 | AF13: 410 | AG13: 410 | AH13: 412 | AI13: 410 | AJ13: 411 | AK13: 411 | AL13: 513 | AM13: 512 | AN13: 511 | AO13: 512 | AP13: 512 | AQ13: 512 | AR13: 512 | AS13: 510 | AT13: 512 | AU13: 581 | AV13: 582 | AW13: 586 | AX13: 584 | AY13: 585 | AZ13: 585 | BA13: 590 | BB13: 592 | BC13: 591 | BD13: 590 | BE13: 588 | BF13: 592 | BG13: 592 | BH13: 593 | BI13: 593 | BJ13: 591 | BK13: 591 | BL13: 591 | BM13: 591 | BN13: 591 | BO13: 590 | BP13: 589 | BQ13: 589 | BR13: 588 | BS13: 588 | BT13: 588 | BU13: 587 | BV13: 525 | BW13: 526 | BX13: 526 | BY13: 525 | BZ13: 525 | CA13: 525 | CB13: 525 | CC13: 526 | CD13: 524 | CE13: 524 | CF13: 525 | CG13: 524 | CH13: 488 | CI13: 488 | CJ13: 489 | CK13: 489 | CL13: 490 | CM13: 490 | CN13: 489 | CO13: 489 | CP13: 489 | CQ13: 489 | CR13: 489 | CS13: 489
... A32: 46265 | B32: 207 | C32: 206 | D32: 196 | E32: 196 | F32: 196 | G32: 196 | H32: 197 | I32: 197 | J32: 239 | K32: 238 | L32: 238 | M32: 238 | N32: 237 | O32: 235 | P32: 235 | Q32: 235 | R32: 236 | S32: 235 | T32: 235 | U32: 236 | V32: 172 | W32: 173 | X32: 172 | Y32: 173 | Z32: 173 | AA32: 172 | AB32: 172 | AC32: 172 | AD32: 171 | AE32: 171 | AF32: 171 | AG32: 171 | AH32: 171 | AI32: 99 | AJ32: 99 | AK32: 99 | AL32: 97 | AM32: 97 | AN32: 97 | AO32: 97 | AP32: 97 | AQ32: 97 | AR32: 97 | AS32: 97 | AT32: 97 | AU32: 97 | AV32: 97 | AW32: 97 | AX32: 96 | AY32: 96 | AZ32: 96 | BA32: 95 | BB32: 95 | BC32: 96 | BD32: 93 | BE32: 92 | BF32: 93 | BG32: 92 | BH32: 92 | BI32: 92 | BJ32: 92 | BK32: 92 | BL32: 92 | BM32: 92 | BN32: 227 | BO32: 228 | BP32: 228 | BQ32: 246 | BR32: 269 | BS32: 269 | BT32: 269 | BU32: 269 | BV32: 269 | BW32: 268 | BX32: 269 | BY32: 268 | BZ32: 268 | CA32: 269 | CB32: 269 | CC32: 268 | CD32: 269 | CE32: 231 | CF32: 231 | CG32: 230 | CH32: 230 | CI32: 230 | CJ32: 230 | CK32: 230 | CL32: 230 | CM32: 230 | CN32: 230 | CO32: 230 | CP32: 250 | CQ32: 250 | CR32: 249 | CS32: 249

Sheet 核电
A1: 日期 | B1: 0.010416667 | C1: 0.020833333 | D1: 0.03125 | E1: 0.041666667 | F1: 0.052083333 | G1: 0.0625 | H1: 0.072916667 | I1: 0.083333333 | J1: 0.09375 | K1: 0.10416667 | L1: 0.11458333 | M1: 0.125 | N1: 0.13541667 | O1: 0.14583333 | P1: 0.15625 | Q1: 0.16666667 | R1: 0.17708333 | S1: 0.1875 | T1: 0.19791667 | U1: 0.20833333 | V1: 0.21875 | W1: 0.22916667 | X1: 0.23958333 | Y1: 0.25 | Z1: 0.26041667 | AA1: 0.27083333 | AB1: 0.28125 | AC1: 0.29166667 | AD1: 0.30208333 | AE1: 0.3125 | AF1: 0.32291667 | AG1: 0.33333333 | AH1: 0.34375 | AI1: 0.35416667 | AJ1: 0.36458333 | AK1: 0.375 | AL1: 0.38541667 | AM1: 0.39583333 | AN1: 0.40625 | AO1: 0.41666667 | AP1: 0.42708333 | AQ1: 0.4375 | AR1: 0.44791667 | AS1: 0.45833333 | AT1: 0.46875 | AU1: 0.47916667 | AV1: 0.48958333 | AW1: 0.5 | AX1: 0.51041667 | AY1: 0.52083333 | AZ1: 0.53125 | BA1: 0.54166667 | BB1: 0.55208333 | BC1: 0.5625 | BD1: 0.57291667 | BE1: 0.58333333 | BF1: 0.59375 | BG1: 0.60416667 | BH1: 0.61458333 | BI1: 0.625 | BJ1: 0.63541667 | BK1: 0.64583333 | BL1: 0.65625 | BM1: 0.66666667 | BN1: 0.67708333 | BO1: 0.6875 | BP1: 0.69791667 | BQ1: 0.70833333 | BR1: 0.71875 | BS1: 0.72916667 | BT1: 0.73958333 | BU1: 0.75 | BV1: 0.76041667 | BW1: 0.77083333 | BX1: 0.78125 | BY1: 0.79166667 | BZ1: 0.80208333 | CA1: 0.8125 | CB1: 0.82291667 | CC1: 0.83333333 | CD1: 0.84375 | CE1: 0.85416667 | CF1: 0.86458333 | CG1: 0.875 | CH1: 0.88541667 | CI1: 0.89583333 | CJ1: 0.90625 | CK1: 0.91666667 | CL1: 0.92708333 | CM1: 0.9375 | CN1: 0.94791667 | CO1: 0.95833333 | CP1: 0.96875 | CQ1: 0.97916667 | CR1: 0.98958333 | CS1: 1
A2: 46235 | B2: 6301.15 | C2: 6299.14 | D2: 6306.36 | E2: 6307.19 | F2: 6313.61 | G2: 6310.4 | H2: 6309.58 | I2: 6305.57 | J2: 6307.57 | K2: 6306.77 | L2: 6305.56 | M2: 6309.58 | N2: 6304.35 | O2: 6308.78 | P2: 6307.98 | Q2: 6305.98 | R2: 6308.38 | S2: 6309.99 | T2: 6311.6 | U2: 6302.35 | V2: 6316.02 | W2: 6298.73 | X2: 6310 | Y2: 6306.37 | Z2: 6299.14 | AA2: 6301.54 | AB2: 6313.21 | AC2: 6314 | AD2: 6301.95 | AE2: 6298.33 | AF2: 6305.17 | AG2: 6311.6 | AH2: 6303.57 | AI2: 6306.37 | AJ2: 6306.38 | AK2: 6302.34 | AL2: 6305.97 | AM2: 6301.94 | AN2: 6305.97 | AO2: 6305.97 | AP2: 6304.77 | AQ2: 6303.97 | AR2: 6303.56 | AS2: 6302.76 | AT2: 6308.79 | AU2: 6307.18 | AV2: 6303.15 | AW2: 6301.55 | AX2: 6304.36 | AY2: 6309.59 | AZ2: 6304.37 | BA2: 6308.38 | BB2: 6299.96 | BC2: 6296.33 | BD2: 6299.94 | BE2: 6297.92 | BF2: 6299.55 | BG2: 6292.72 | BH2: 6288.68 | BI2: 6288.69 | BJ2: 6288.28 | BK2: 6287.49 | BL2: 6289.09 | BM2: 6279.45 | BN2: 6278.65 | BO2: 6284.67 | BP2: 6288.28 | BQ2: 6288.69 | BR2: 6272.21 | BS2: 6276.23 | BT2: 6285.48 | BU2: 6285.87 | BV2: 6279.45 | BW2: 6282.26 | BX2: 6276.24 | BY2: 6288.3 | BZ2: 6276.63 | CA2: 6289.89 | CB2: 6283.46 | CC2: 6283.08 | CD2: 6285.48 | CE2: 6285.09 | CF2: 6281.85 | CG2: 6285.09 | CH2: 6283.47 | CI2: 6278.23 | CJ2: 6281.86 | CK2: 6284.27 | CL2: 6285.08 | CM2: 6281.87 | CN2: 6287.5 | CO2: 6283.47 | CP2: 6290.7 | CQ2: 6277.44 | CR2: 6283.07 | CS2: 6292.7
A3: 46236 | B3: 6289.9 | C3: 6281.46 | D3: 6286.28 | E3: 6279.86 | F3: 6277.43 | G3: 6282.26 | H3: 6281.87 | I3: 6279.85 | J3: 6282.67 | K3: 6282.67 | L3: 6289.5 | M3: 6287.49 | N3: 6291.9 | O3: 6283.87 | P3: 6287.9 | Q3: 6286.68 | R3: 6283.45 | S3: 6278.65 | T3: 6281.46 | U3: 6292.3 | V3: 6287.48 | W3: 6283.47 | X3: 6287.09 | Y3: 6289.49 | Z3: 6281.85 | AA3: 6275.43 | AB3: 6281.06 | AC3: 6287.09 | AD3: 6285.88 | AE3: 6279.46 | AF3: 6277.43 | AG3: 6284.27 | AH3: 6278.24 | AI3: 6276.64 | AJ3: 6281.86 | AK3: 6283.06 | AL3: 6279.04 | AM3: 6285.88 | AN3: 6285.47 | AO3: 6282.66 | AP3: 6280.64 | AQ3: 6282.67 | AR3: 6277.03 | AS3: 6280.65 | AT3: 6278.25 | AU3: 6287.07 | AV3: 6292.3 | AW3: 6282.66 | AX3: 6283.06 | AY3: 6277.04 | AZ3: 6283.88 | BA3: 6284.68 | BB3: 6284.28 | BC3: 6277.44 | BD3: 6285.48 | BE3: 6277.84 | BF3: 6284.27 | BG3: 6287.09 | BH3: 6281.46 | BI3: 6291.1 | BJ3: 6285.49 | BK3: 6281.06 | BL3: 6273.03 | BM3: 6276.64 | BN3: 6268.6 | BO3: 6277.44 | BP3: 6275.83 | BQ3: 6269 | BR3: 6270.62 | BS3: 6267.79 | BT3: 6270.21 | BU3: 6269.4 | BV3: 6271.41 | BW3: 6279.43 | BX3: 6273.43 | BY3: 6263.77 | BZ3: 6268.2 | CA3: 6264.58 | CB3: 6263.76 | CC3: 6269.41 | CD3: 6271.81 | CE3: 6262.97 | CF3: 6271.02 | CG3: 6267.8 | CH3: 6269.41 | CI3: 6274.22 | CJ3: 6273.01 | CK3: 6274.63 | CL3: 6272.21 | CM3: 6262.57 | CN3: 6268.59 | CO3: 6269.81 | CP3: 6270.61 | CQ3: 6272.61 | CR3: 6272.62 | CS3: 6268.99
A4: 46237 | B4: 6275.43 | C4: 6275.04 | D4: 6270.61 | E4: 6275.43 | F4: 6276.23 | G4: 6271.81 | H4: 6277.04 | I4: 6267.78 | J4: 6278.65 | K4: 6277.44 | L4: 6272.61 | M4: 6271.81 | N4: 6274.61 | O4: 6270.2 | P4: 6272.22 | Q4: 6267.39 | R4: 6274.63 | S4: 6271.8 | T4: 6276.64 | U4: 6268.19 | V4: 6275.43 | W4: 6275.43 | X4: 6266.58 | Y4: 6274.22 | Z4: 6268.19 | AA4: 6270.61 | AB4: 6275.83 | AC4: 6271.41 | AD4: 6275.81 | AE4: 6271.01 | AF4: 6275.43 | AG4: 6267.79 | AH4: 6271.8 | AI4: 6269.81 | AJ4: 6262.18 | AK4: 6266.18 | AL4: 6267.79 | AM4: 6259.76 | AN4: 6268.58 | AO4: 6262.56 | AP4: 6263.37 | AQ4: 6266.2 | AR4: 6261.77 | AS4: 6268.21 | AT4: 6267 | AU4: 6267.79 | AV4: 6266.98 | AW4: 6271.01 | AX4: 6269 | AY4: 6270.21 | AZ4: 6268.6 | BA4: 6277.44 | BB4: 6263.78 | BC4: 6269.81 | BD4: 6273.01 | BE4: 6269.8 | BF4: 6269 | BG4: 6269.8 | BH4: 6268.59 | BI4: 6262.96 | BJ4: 6270.2 | BK4: 6273.82 | BL4: 6271.82 | BM4: 6270.2 | BN4: 6262.57 | BO4: 6260.95 | BP4: 6262.16 | BQ4: 6265.78 | BR4: 6260.16 | BS4: 6260.96 | BT4: 6257.74 | BU4: 6273.01 | BV4: 6261.77 | BW4: 6258.95 | BX4: 6256.54 | BY4: 6265.38 | BZ4: 6263.78 | CA4: 6254.52 | CB4: 6260.96 | CC4: 6260.95 | CD4: 6252.51 | CE4: 6254.13 | CF4: 6253.72 | CG4: 6263.77 | CH4: 6259.35 | CI4: 6267.79 | CJ4: 6256.13 | CK4: 6265.79 | CL4: 6256.95 | CM4: 6262.97 | CN4: 6258.15 | CO4: 6262.96 | CP4: 6266.59 | CQ4: 6264.19 | CR4: 6258.95 | CS4: 6259.75
A5: 46238 | B5: 6268.18 | C5: 6264.99 | D5: 6263.78 | E5: 6265.79 | F5: 6262.57 | G5: 6263.78 | H5: 6258.95 | I5: 6259.34 | J5: 6260.55 | K5: 6265.38 | L5: 6264.98 | M5: 6263.37 | N5: 6271.82 | O5: 6269.8 | P5: 6267.39 | Q5: 6260.16 | R5: 6257.75 | S5: 6268.61 | T5: 6262.97 | U5: 6266.59 | V5: 6262.17 | W5: 6262.98 | X5: 6263.37 | Y5: 6264.17 | Z5: 6264.17 | AA5: 6267.78 | AB5: 6266.58 | AC5: 6268.99 | AD5: 6264.99 | AE5: 6260.56 | AF5: 6255.73 | AG5: 6263.37 | AH5: 6256.54 | AI5: 6261.36 | AJ5: 6260.96 | AK5: 6270.61 | AL5: 6260.56 | AM5: 6267.4 | AN5: 6265.38 | AO5: 6260.97 | AP5: 6259.77 | AQ5: 6265.78 | AR5: 6263.37 | AS5: 6260.55 | AT5: 6258.55 | AU5: 6260.55 | AV5: 6259.75 | AW5: 6259.76 | AX5: 6268.18 | AY5: 6263.38 | AZ5: 6260.97 | BA5: 6262.17 | BB5: 6254.55 | BC5: 6254.94 | BD5: 6269.4 | BE5: 6259.35 | BF5: 6265.38 | BG5: 6259.36 | BH5: 6262.17 | BI5: 6263.37 | BJ5: 6266.6 | BK5: 6260.96 | BL5: 6262.97 | BM5: 6262.97 | BN5: 6262.17 | BO5: 6265.79 | BP5: 6271.41 | BQ5: 6260.96 | BR5: 6262.18 | BS5: 6253.72 | BT5: 6258.95 | BU5: 6262.17 | BV5: 6252.12 | BW5: 6255.74 | BX5: 6255.32 | BY5: 6253.31 | BZ5: 6250.92 | CA5: 6248.1 | CB5: 6254.93 | CC5: 6254.52 | CD5: 6256.54 | CE5: 6258.15 | CF5: 6257.34 | CG5: 6254.13 | CH5: 6256.94 | CI5: 6250.9 | CJ5: 6258.55 | CK5: 6256.94 | CL5: 6255.73 | CM5: 6251.72 | CN5: 6257.74 | CO5: 6254.93 | CP5: 6254.14 | CQ5: 6258.15 | CR5: 6257.74 | CS5: 6263.38
A6: 46239 | B6: 6246.09 | C6: 6258.15 | D6: 6255.34 | E6: 6250.51 | F6: 6257.35 | G6: 6259.76 | H6: 6254.94 | I6: 6264.17 | J6: 6259.76 | K6: 6252.53 | L6: 6259.35 | M6: 6260.56 | N6: 6256.53 | O6: 6255.33 | P6: 6257.35 | Q6: 6263.37 | R6: 6265.39 | S6: 6257.34 | T6: 6261.76 | U6: 6263.37 | V6: 6257.75 | W6: 6256.94 | X6: 6256.94 | Y6: 6255.75 | Z6: 6257.34 | AA6: 6256.96 | AB6: 6253.72 | AC6: 6257.75 | AD6: 6253.33 | AE6: 6257.75 | AF6: 6255.34 | AG6: 6251.32 | AH6: 6249.7 | AI6: 6254.94 | AJ6: 6250.52 | AK6: 6258.54 | AL6: 6256.94 | AM6: 6252.92 | AN6: 6262.17 | AO6: 6255.74 | AP6: 6261.36 | AQ6: 6252.52 | AR6: 6259.76 | AS6: 6259.36 | AT6: 6250.11 | AU6: 6262.16 | AV6: 6255.34 | AW6: 6252.54 | AX6: 6257.75 | AY6: 6256.94 | AZ6: 6256.14 | BA6: 6252.91 | BB6: 6256.96 | BC6: 6249.31 | BD6: 6256.14 | BE6: 6252.12 | BF6: 6256.95 | BG6: 6254.12 | BH6: 6253.34 | BI6: 6247.3 | BJ6: 6253.72 | BK6: 6250.12 | BL6: 6251.72 | BM6: 6257.35 | BN6: 6246.1 | BO6: 6259.36 | BP6: 6255.73 | BQ6: 6248.52 | BR6: 6251.73 | BS6: 6257.75 | BT6: 6256.14 | BU6: 6252.93 | BV6: 6253.33 | BW6: 6248.9 | BX6: 6247.69 | BY6: 6250.12 | BZ6: 6254.13 | CA6: 6252.93 | CB6: 6245.28 | CC6: 6250.51 | CD6: 6244.49 | CE6: 6251.31 | CF6: 6253.74 | CG6: 6251.71 | CH6: 6255.34 | CI6: 6254.52 | CJ6: 6252.93 | CK6: 6238.05 | CL6: 6244.89 | CM6: 6253.33 | CN6: 6253.31 | CO6: 6245.68 | CP6: 6254.94 | CQ6: 6245.29 | CR6: 6252.93 | CS6: 6250.12
A7: 46240 | B7: 6251.72 | C7: 6251.71 | D7: 6250.11 | E7: 6252.11 | F7: 6252.93 | G7: 6246.09 | H7: 6250.51 | I7: 6250.11 | J7: 6247.69 | K7: 6251.31 | L7: 6244.08 | M7: 6250.91 | N7: 6246.09 | O7: 6256.55 | P7: 6244.07 | Q7: 6242.47 | R7: 6250.92 | S7: 6246.9 | T7: 6256.95 | U7: 6246.49 | V7: 6250.52 | W7: 6253.33 | X7: 6250.11 | Y7: 6250.92 | Z7: 6242.47 | AA7: 6244.49 | AB7: 6249.31 | AC7: 6252.52 | AD7: 6242.07 | AE7: 6250.11 | AF7: 6254.93 | AG7: 6249.72 | AH7: 6255.34 | AI7: 6247.71 | AJ7: 6249.31 | AK7: 6256.14 | AL7: 6253.33 | AM7: 6250.51 | AN7: 6242.47 | AO7: 6240.87 | AP7: 6244.5 | AQ7: 6247.7 | AR7: 6241.27 | AS7: 6244.08 | AT7: 6253.33 | AU7: 6245.3 | AV7: 6247.3 | AW7: 6250.92 | AX7: 6247.29 | AY7: 6242.47 | AZ7: 6242.08 | BA7: 6249.31 | BB7: 6250.52 | BC7: 6258.95 | BD7: 6249.71 | BE7: 6256.53 | BF7: 6246.89 | BG7: 6250.52 | BH7: 6254.14 | BI7: 6259.34 | BJ7: 6255.34 | BK7: 6248.9 | BL7: 6254.93 | BM7: 6250.92 | BN7: 6250.52 | BO7: 6247.3 | BP7: 6250.11 | BQ7: 6246.1 | BR7: 6253.32 | BS7: 6250.51 | BT7: 6248.5 | BU7: 6254.13 | BV7: 6250.91 | BW7: 6256.55 | BX7: 6262.17 | BY7: 6261.76 | BZ7: 6254.53 | CA7: 6248.49 | CB7: 6253.73 | CC7: 6252.52 | CD7: 6259.35 | CE7: 6253.73 | CF7: 6257.75 | CG7: 6255.74 | CH7: 6256.14 | CI7: 6260.15 | CJ7: 6252.52 | CK7: 6249.71 | CL7: 6253.33 | CM7: 6250.11 | CN7: 6258.94 | CO7: 6253.73 | CP7: 6253.32 | CQ7: 6257.35 | CR7: 6255.74 | CS7: 6251.71
A8: 46241 | B8: 6250.51 | C8: 6258.15 | D8: 6251.72 | E8: 6252.91 | F8: 6254.94 | G8: 6254.53 | H8: 6259.35 | I8: 6247.69 | J8: 6256.14 | K8: 6252.12 | L8: 6262.16 | M8: 6254.14 | N8: 6253.74 | O8: 6248.5 | P8: 6252.92 | Q8: 6258.14 | R8: 6256.94 | S8: 6259.35 | T8: 6255.74 | U8: 6256.53 | V8: 6265.78 | W8: 6262.17 | X8: 6257.75 | Y8: 6264.58 | Z8: 6262.97 | AA8: 6255.74 | AB8: 6265.79 | AC8: 6261.76 | AD8: 6256.95 | AE8: 6260.17 | AF8: 6262.57 | AG8: 6254.11 | AH8: 6263.37 | AI8: 6253.72 | AJ8: 6249.31 | AK8: 6251.73 | AL8: 6254.14 | AM8: 6261.77 | AN8: 6255.34 | AO8: 6252.12 | AP8: 6246.89 | AQ8: 6249.31 | AR8: 6251.32 | AS8: 6256.95 | AT8: 6249.71 | AU8: 6260.57 | AV8: 6248.9 | AW8: 6257.76 | AX8: 6258.95 | AY8: 6261.78 | AZ8: 6256.14 | BA8: 6257.35 | BB8: 6260.56 | BC8: 6254.93 | BD8: 6253.31 | BE8: 6255.75 | BF8: 6256.14 | BG8: 6250.52 | BH8: 6254.13 | BI8: 6254.14 | BJ8: 6254.53 | BK8: 6260.16 | BL8: 6251.31 | BM8: 6264.58 | BN8: 6249.3 | BO8: 6259.35 | BP8: 6254.52 | BQ8: 6261.77 | BR8: 6260.56 | BS8: 6262.56 | BT8: 6257.33 | BU8: 6260.96 | BV8: 6251.31 | BW8: 6258.95 | BX8: 6259.34 | BY8: 6260.56 | BZ8: 6257.75 | CA8: 6261.36 | CB8: 6260.16 | CC8: 6258.55 | CD8: 6258.95 | CE8: 6258.55 | CF8: 6254.14 | CG8: 6258.94 | CH8: 6268.61 | CI8: 6262.57 | CJ8: 6263.77 | CK8: 6263.37 | CL8: 6268.6 | CM8: 6266.59 | CN8: 6266.58 | CO8: 6266.99 | CP8: 6262.97 | CQ8: 6263.77 | CR8: 6265.4 | CS8: 6267
A9: 46242 | B9: 6258.96 | C9: 6266.18 | D9: 6269.81 | E9: 6271.01 | F9: 6271.02 | G9: 6268.99 | H9: 6258.55 | I9: 6264.58 | J9: 6265.78 | K9: 6260.97 | L9: 6272.61 | M9: 6271.01 | N9: 6263.77 | O9: 6270.61 | P9: 6270.61 | Q9: 6275.42 | R9: 6279.06 | S9: 6273.42 | T9: 6274.23 | U9: 6284.67 | V9: 6280.26 | W9: 6273.01 | X9: 6281.05 | Y9: 6281.45 | Z9: 6279.05 | AA9: 6278.64 | AB9: 6278.25 | AC9: 6277.84 | AD9: 6287.09 | AE9: 6284.66 | AF9: 6283.47 | AG9: 6283.06 | AH9: 6289.09 | AI9: 6288.69 | AJ9: 6286.27 | AK9: 6304.76 | AL9: 6290.3 | AM9: 6291.1 | AN9: 6293.52 | AO9: 6295.12 | AP9: 6287.07 | AQ9: 6290.31 | AR9: 6285.88 | AS9: 6292.3 | AT9: 6280.25 | AU9: 6297.14 | AV9: 6295.13 | AW9: 6295.13 | AX9: 6290.29 | AY9: 6289.5 | AZ9: 6293.12 | BA9: 6285.07 | BB9: 6291.1 | BC9: 6282.25 | BD9: 6289.1 | BE9: 6291.9 | BF9: 6289.91 | BG9: 6290.29 | BH9: 6291.91 | BI9: 6287.08 | BJ9: 6290.69 | BK9: 6286.28 | BL9: 6292.71 | BM9: 6291.5 | BN9: 6291.91 | BO9: 6293.11 | BP9: 6285.88 | BQ9: 6291.1 | BR9: 6302.75 | BS9: 6283.88 | BT9: 6287.09 | BU9: 6298.74 | BV9: 6293.11 | BW9: 6294.73 | BX9: 6296.33 | BY9: 6291.9 | BZ9: 6287.08 | CA9: 6287.08 | CB9: 6287.47 | CC9: 6294.72 | CD9: 6286.69 | CE9: 6303.16 | CF9: 6288.69 | CG9: 6294.32 | CH9: 6291.5 | CI9: 6288.29 | CJ9: 6289.9 | CK9: 6296.34 | CL9: 6292.7 | CM9: 6290.69 | CN9: 6289.5 | CO9: 6292.71 | CP9: 6291.9 | CQ9: 6292.7 | CR9: 6293.92 | CS9: 6289.5
A10: 46243 | B10: 6294.71 | C10: 6288.69 | D10: 6291.91 | E10: 6295.12 | F10: 6294.72 | G10: 6294.72 | H10: 6293.92 | I10: 6291.1 | J10: 6292.3 | K10: 6291.91 | L10: 6294.32 | M10: 6293.11 | N10: 6291.9 | O10: 6293.51 | P10: 6292.3 | Q10: 6298.73 | R10: 6301.95 | S10: 6300.34 | T10: 6300.33 | U10: 6296.33 | V10: 6297.93 | W10: 6299.14 | X10: 6301.15 | Y10: 6299.15 | Z10: 6310.79 | AA10: 6295.92 | AB10: 6297.54 | AC10: 6303.96 | AD10: 6310 | AE10: 6304.36 | AF10: 6310.8 | AG10: 6311.2 | AH10: 6306.38 | AI10: 6301.95 | AJ10: 6301.95 | AK10: 6303.16 | AL10: 6316.02 | AM10: 6311.99 | AN10: 6307.18 | AO10: 6318.83 | AP10: 6318.04 | AQ10: 6308.39 | AR10: 6309.59 | AS10: 6313.63 | AT10: 6308.79 | AU10: 6312.42 | AV10: 6314.41 | AW10: 6318.42 | AX10: 6312.41 | AY10: 6315.6 | AZ10: 6310 | BA10: 6312.01 | BB10: 6317.63 | BC10: 6307.18 | BD10: 6310 | BE10: 6309.98 | BF10: 6330.08 | BG10: 6315.62 | BH10: 6317.22 | BI10: 6323.65 | BJ10: 6312.4 | BK10: 6318.43 | BL10: 6326.47 | BM10: 6326.06 | BN10: 6336.11 | BO10: 6323.64 | BP10: 6329.67 | BQ10: 6325.27 | BR10: 6328.87 | BS10: 6332.09 | BT10: 6319.64 | BU10: 6324.87 | BV10: 6331.27 | BW10: 6333.7 | BX10: 6339.32 | BY10: 6343.74 | BZ10: 6344.55 | CA10: 6342.93 | CB10: 6349.78 | CC10: 6346.96 | CD10: 6338.13 | CE10: 6339.33 | CF10: 6339.73 | CG10: 6353.79 | CH10: 6346.16 | CI10: 6349.78 | CJ10: 6336.12 | CK10: 6357.01 | CL10: 6343.35 | CM10: 6344.96 | CN10: 6351.38 | CO10: 6348.17 | CP10: 6342.14 | CQ10: 6346.17 | CR10: 6338.53 | CS10: 6353.4
A11: 46244 | B11: 6348.97 | C11: 6344.55 | D11: 6343.74 | E11: 6344.14 | F11: 6344.55 | G11: 6343.74 | H11: 6344.95 | I11: 6345.77 | J11: 6340.94 | K11: 6343.75 | L11: 6337.33 | M11: 6348.17 | N11: 6338.12 | O11: 6346.56 | P11: 6341.34 | Q11: 6347.77 | R11: 6351.39 | S11: 6348.57 | T11: 6348.16 | U11: 6349.37 | V11: 6342.54 | W11: 6351.39 | X11: 6344.15 | Y11: 6345.36 | Z11: 6349.39 | AA11: 6344.95 | AB11: 6347.76 | AC11: 6343.73 | AD11: 6340.94 | AE11: 6351.79 | AF11: 6348.96 | AG11: 6351.78 | AH11: 6350.18 | AI11: 6341.73 | AJ11: 6348.98 | AK11: 6346.96 | AL11: 6344.16 | AM11: 6350.18 | AN11: 6347.37 | AO11: 6349.77 | AP11: 6342.14 | AQ11: 6342.54 | AR11: 6346.97 | AS11: 6346.57 | AT11: 6349.77 | AU11: 6348.57 | AV11: 6344.95 | AW11: 6346.97 | AX11: 6346.16 | AY11: 6344.55 | AZ11: 6335.72 | BA11: 6347.77 | BB11: 6344.15 | BC11: 6342.54 | BD11: 6338.93 | BE11: 6344.55 | BF11: 6346.55 | BG11: 6347.36 | BH11: 6336.92 | BI11: 6342.13 | BJ11: 6346.16 | BK11: 6342.94 | BL11: 6345.77 | BM11: 6342.14 | BN11: 6347.37 | BO11: 6344.96 | BP11: 6343.35 | BQ11: 6351.8 | BR11: 6342.15 | BS11: 6345.76 | BT11: 6341.34 | BU11: 6337.33 | BV11: 6346.56 | BW11: 6338.51 | BX11: 6342.53 | BY11: 6347.36 | BZ11: 6346.97 | CA11: 6342.96 | CB11: 6346.56 | CC11: 6344.57 | CD11: 6344.95 | CE11: 6340.13 | CF11: 6348.98 | CG11: 6351.38 | CH11: 6345.35 | CI11: 6356.21 | CJ11: 6338.92 | CK11: 6344.14 | CL11: 6350.58 | CM11: 6343.34 | CN11: 6352.19 | CO11: 6349.38 | CP11: 6344.95 | CQ11: 6348.98 | CR11: 6341.34 | CS11: 6347.78
A12: 46245 | B12: 6346.97 | C12: 6344.96 | D12: 6349.38 | E12: 6351.39 | F12: 6350.17 | G12: 6346.17 | H12: 6343.34 | I12: 6346.17 | J12: 6352.19 | K12: 6343.75 | L12: 6341.74 | M12: 6339.73 | N12: 6350.98 | O12: 6343.76 | P12: 6348.57 | Q12: 6340.93 | R12: 6342.94 | S12: 6340.13 | T12: 6350.18 | U12: 6344.14 | V12: 6347.36 | W12: 6348.17 | X12: 6345.76 | Y12: 6345.36 | Z12: 6344.55 | AA12: 6346.97 | AB12: 6344.15 | AC12: 6346.57 | AD12: 6343.76 | AE12: 6346.55 | AF12: 6352.19 | AG12: 6349.38 | AH12: 6344.56 | AI12: 6341.33 | AJ12: 6347.35 | AK12: 6350.58 | AL12: 6347.37 | AM12: 6353.39 | AN12: 6339.34 | AO12: 6338.93 | AP12: 6349.38 | AQ12: 6350.59 | AR12: 6350.98 | AS12: 6348.98 | AT12: 6348.98 | AU12: 6345.77 | AV12: 6341.34 | AW12: 6343.35 | AX12: 6338.92 | AY12: 6341.34 | AZ12: 6342.14 | BA12: 6337.72 | BB12: 6334.1 | BC12: 6345.76 | BD12: 6343.35 | BE12: 6343.35 | BF12: 6334.91 | BG12: 6340.94 | BH12: 6345.76 | BI12: 6344.56 | BJ12: 6336.92 | BK12: 6336.92 | BL12: 6338.11 | BM12: 6340.93 | BN12: 6334.5 | BO12: 6339.74 | BP12: 6344.55 | BQ12: 6336.92 | BR12: 6339.73 | BS12: 6339.73 | BT12: 6341.34 | BU12: 6343.75 | BV12: 6335.3 | BW12: 6340.95 | BX12: 6336.51 | BY12: 6339.33 | BZ12: 6342.94 | CA12: 6344.55 | CB12: 6346.16 | CC12: 6344.96 | CD12: 6339.33 | CE12: 6341.73 | CF12: 6349.77 | CG12: 6340.93 | CH12: 6351.38 | CI12: 6345.76 | CJ12: 6331.7 | CK12: 6353 | CL12: 6341.74 | CM12: 6345.75 | CN12: 6338.52 | CO12: 6344.54 | CP12: 6344.95 | CQ12: 6344.54 | CR12: 6341.32 | CS12: 6350.18
A13: 46246 | B13: 6346.97 | C13: 6344.56 | D13: 6346.97 | E13: 6352.19 | F13: 6336.52 | G13: 6338.52 | H13: 6336.92 | I13: 6339.32 | J13: 6340.53 | K13: 6341.34 | L13: 6344.95 | M13: 6344.56 | N13: 6340.53 | O13: 6349.37 | P13: 6338.93 | Q13: 6352.59 | R13: 6350.18 | S13: 6340.12 | T13: 6332.5 | U13: 6345.36 | V13: 6352.99 | W13: 6344.94 | X13: 6340.14 | Y13: 6339.34 | Z13: 6340.13 | AA13: 6350.98 | AB13: 6341.74 | AC13: 6345.76 | AD13: 6335.72 | AE13: 6337.71 | AF13: 6345.75 | AG13: 6348.58 | AH13: 6338.52 | AI13: 6342.54 | AJ13: 6342.15 | AK13: 6343.35 | AL13: 6343.74 | AM13: 6346.96 | AN13: 6346.56 | AO13: 6344.94 | AP13: 6342.14 | AQ13: 6334.1 | AR13: 6319.23 | AS13: 6314.41 | AT13: 6328.07 | AU13: 6314.41 | AV13: 6315.61 | AW13: 6346.15 | AX13: 6346.96 | AY13: 6344.56 | AZ13: 6338.52 | BA13: 6342.95 | BB13: 6331.7 | BC13: 6338.53 | BD13: 6338.52 | BE13: 6340.92 | BF13: 6334.91 | BG13: 6329.68 | BH13: 6333.7 | BI13: 6335.71 | BJ13: 6320.84 | BK13: 6329.68 | BL13: 6334.49 | BM13: 6311.2 | BN13: 6303.16 | BO13: 6308.39 | BP13: 6292.72 | BQ13: 6314.41 | BR13: 6314.81 | BS13: 6327.69 | BT13: 6328.08 | BU13: 6332.5 | BV13: 6322.45 | BW13: 6329.68 | BX13: 6332.5 | BY13: 6337.72 | BZ13: 6326.47 | CA13: 6328.89 | CB13: 6322.05 | CC13: 6330.48 | CD13: 6337.31 | CE13: 6338.12 | CF13: 6334.9 | CG13: 6331.29 | CH13: 6334.1 | CI13: 6336.91 | CJ13: 6337.72 | CK13: 6337.72 | CL13: 6337.31 | CM13: 6336.93 | CN13: 6336.51 | CO13: 6333.29 | CP13: 6334.5 | CQ13: 6334.9 | CR13: 6336.5 | CS13: 6331.28
... A32: 46265 | B32: 6338.53 | C32: 6337.71 | D32: 6332.89 | E32: 6332.49 | F32: 6335.71 | G32: 6335.72 | H32: 6336.92 | I32: 6333.3 | J32: 6335.32 | K32: 6339.73 | L32: 6334.91 | M32: 6334.92 | N32: 6330.49 | O32: 6330.5 | P32: 6329.69 | Q32: 6325.27 | R32: 6330.5 | S32: 6330.89 | T32: 6325.66 | U32: 6328.06 | V32: 6337.32 | W32: 6330.08 | X32: 6332.1 | Y32: 6332.1 | Z32: 6332.91 | AA32: 6326.07 | AB32: 6328.88 | AC32: 6334.89 | AD32: 6322.05 | AE32: 6331.7 | AF32: 6332.89 | AG32: 6340.14 | AH32: 6330.88 | AI32: 6323.65 | AJ32: 6328.88 | AK32: 6324.85 | AL32: 6330.48 | AM32: 6329.68 | AN32: 6330.09 | AO32: 6330.49 | AP32: 6323.26 | AQ32: 6326.87 | AR32: 6332.51 | AS32: 6329.29 | AT32: 6335.71 | AU32: 6333.7 | AV32: 6341.74 | AW32: 6334.91 | AX32: 6331.69 | AY32: 6328.48 | AZ32: 6318.02 | BA32: 6332.09 | BB32: 6329.29 | BC32: 6327.67 | BD32: 6330.48 | BE32: 6330.48 | BF32: 6329.67 | BG32: 6336.51 | BH32: 6334.91 | BI32: 6342.95 | BJ32: 6332.49 | BK32: 6318.43 | BL32: 6339.32 | BM32: 6331.69 | BN32: 6340.14 | BO32: 6343.35 | BP32: 6339.33 | BQ32: 6343.35 | BR32: 6341.35 | BS32: 6328.08 | BT32: 6343.75 | BU32: 6336.91 | BV32: 6336.52 | BW32: 6331.28 | BX32: 6336.52 | BY32: 6345.36 | BZ32: 6330.89 | CA32: 6328.87 | CB32: 6339.74 | CC32: 6348.16 | CD32: 6334.51 | CE32: 6331.3 | CF32: 6333.3 | CG32: 6332.1 | CH32: 6335.31 | CI32: 6335.71 | CJ32: 6335.32 | CK32: 6336.11 | CL32: 6342.55 | CM32: 6335.71 | CN32: 6328.87 | CO32: 6338.53 | CP32: 6329.28 | CQ32: 6333.7 | CR32: 6334.09 | CS32: 6327.68

Sheet 地方燃煤
A1: 日期 | B1: 0.010416667 | C1: 0.020833333 | D1: 0.03125 | E1: 0.041666667 | F1: 0.052083333 | G1: 0.0625 | H1: 0.072916667 | I1: 0.083333333 | J1: 0.09375 | K1: 0.10416667 | L1: 0.11458333 | M1: 0.125 | N1: 0.13541667 | O1: 0.14583333 | P1: 0.15625 | Q1: 0.16666667 | R1: 0.17708333 | S1: 0.1875 | T1: 0.19791667 | U1: 0.20833333 | V1: 0.21875 | W1: 0.22916667 | X1: 0.23958333 | Y1: 0.25 | Z1: 0.26041667 | AA1: 0.27083333 | AB1: 0.28125 | AC1: 0.29166667 | AD1: 0.30208333 | AE1: 0.3125 | AF1: 0.32291667 | AG1: 0.33333333 | AH1: 0.34375 | AI1: 0.35416667 | AJ1: 0.36458333 | AK1: 0.375 | AL1: 0.38541667 | AM1: 0.39583333 | AN1: 0.40625 | AO1: 0.41666667 | AP1: 0.42708333 | AQ1: 0.4375 | AR1: 0.44791667 | AS1: 0.45833333 | AT1: 0.46875 | AU1: 0.47916667 | AV1: 0.48958333 | AW1: 0.5 | AX1: 0.51041667 | AY1: 0.52083333 | AZ1: 0.53125 | BA1: 0.54166667 | BB1: 0.55208333 | BC1: 0.5625 | BD1: 0.57291667 | BE1: 0.58333333 | BF1: 0.59375 | BG1: 0.60416667 | BH1: 0.61458333 | BI1: 0.625 | BJ1: 0.63541667 | BK1: 0.64583333 | BL1: 0.65625 | BM1: 0.66666667 | BN1: 0.67708333 | BO1: 0.6875 | BP1: 0.69791667 | BQ1: 0.70833333 | BR1: 0.71875 | BS1: 0.72916667 | BT1: 0.73958333 | BU1: 0.75 | BV1: 0.76041667 | BW1: 0.77083333 | BX1: 0.78125 | BY1: 0.79166667 | BZ1: 0.80208333 | CA1: 0.8125 | CB1: 0.82291667 | CC1: 0.83333333 | CD1: 0.84375 | CE1: 0.85416667 | CF1: 0.86458333 | CG1: 0.875 | CH1: 0.88541667 | CI1: 0.89583333 | CJ1: 0.90625 | CK1: 0.91666667 | CL1: 0.92708333 | CM1: 0.9375 | CN1: 0.94791667 | CO1: 0.95833333 | CP1: 0.96875 | CQ1: 0.97916667 | CR1: 0.98958333 | CS1: 1
A2: 46235 | B2: 35.54 | C2: 35.7 | D2: 37.28 | E2: 35.98 | F2: 39.41 | G2: 39.97 | H2: 36.43 | I2: 36.79 | J2: 38.32 | K2: 38.43 | L2: 37.41 | M2: 36.45 | N2: 37.04 | O2: 37.75 | P2: 37.49 | Q2: 36.94 | R2: 36 | S2: 38.47 | T2: 39.75 | U2: 40.24 | V2: 39.14 | W2: 38.98 | X2: 38.28 | Y2: 39.45 | Z2: 40.84 | AA2: 40.33 | AB2: 38.99 | AC2: 38.43 | AD2: 38.52 | AE2: 40.14 | AF2: 39.08 | AG2: 40.51 | AH2: 41.3 | AI2: 41.05 | AJ2: 41.09 | AK2: 41.95 | AL2: 40.36 | AM2: 39.91 | AN2: 41.13 | AO2: 42.5 | AP2: 41.77 | AQ2: 39.14 | AR2: 37.4 | AS2: 38.91 | AT2: 37.22 | AU2: 38.4 | AV2: 36.75 | AW2: 37.07 | AX2: 38.3 | AY2: 37.74 | AZ2: 37.49 | BA2: 38 | BB2: 38.07 | BC2: 37.39 | BD2: 38.01 | BE2: 39.21 | BF2: 38.36 | BG2: 37.73 | BH2: 39.91 | BI2: 38.51 | BJ2: 37.84 | BK2: 39.4 | BL2: 41.64 | BM2: 40.92 | BN2: 42.84 | BO2: 42.6 | BP2: 43.73 | BQ2: 44.73 | BR2: 44.86 | BS2: 44.24 | BT2: 43.67 | BU2: 43.72 | BV2: 42.8 | BW2: 43.91 | BX2: 42.62 | BY2: 41.32 | BZ2: 41.37 | CA2: 42.18 | CB2: 41.81 | CC2: 43.37 | CD2: 43.21 | CE2: 44.27 | CF2: 45 | CG2: 45.38 | CH2: 44.15 | CI2: 42.68 | CJ2: 42.91 | CK2: 43.04 | CL2: 43.17 | CM2: 41.97 | CN2: 41.68 | CO2: 42.07 | CP2: 44.06 | CQ2: 43.42 | CR2: 43.61 | CS2: 42.09
A3: 46236 | B3: 41.57 | C3: 40.93 | D3: 42.45 | E3: 40.82 | F3: 43.07 | G3: 42.99 | H3: 42.57 | I3: 43.18 | J3: 42.73 | K3: 42.8 | L3: 42.46 | M3: 43.13 | N3: 43.01 | O3: 42.76 | P3: 42.47 | Q3: 42.24 | R3: 42.56 | S3: 42.54 | T3: 42.41 | U3: 43.07 | V3: 42.64 | W3: 44.83 | X3: 44.65 | Y3: 42.75 | Z3: 41.33 | AA3: 42.68 | AB3: 43.53 | AC3: 42.1 | AD3: 42.08 | AE3: 43.56 | AF3: 43.03 | AG3: 43.24 | AH3: 42.4 | AI3: 41.98 | AJ3: 42.44 | AK3: 44.14 | AL3: 44.69 | AM3: 40.23 | AN3: 41.72 | AO3: 38.92 | AP3: 40.87 | AQ3: 42.48 | AR3: 42.07 | AS3: 41.17 | AT3: 42.12 | AU3: 40.33 | AV3: 41.35 | AW3: 44.02 | AX3: 42.16 | AY3: 43.01 | AZ3: 44.38 | BA3: 41.94 | BB3: 40.09 | BC3: 41.48 | BD3: 42.63 | BE3: 41.5 | BF3: 41.46 | BG3: 39 | BH3: 39.57 | BI3: 40.78 | BJ3: 41.16 | BK3: 41.58 | BL3: 41.16 | BM3: 41.86 | BN3: 40.49 | BO3: 41.02 | BP3: 41.19 | BQ3: 40.78 | BR3: 40.86 | BS3: 41.21 | BT3: 40.32 | BU3: 41.14 | BV3: 41.15 | BW3: 41.5 | BX3: 42.24 | BY3: 41 | BZ3: 39.94 | CA3: 40.05 | CB3: 39.65 | CC3: 38.42 | CD3: 39.33 | CE3: 36.59 | CF3: 36.51 | CG3: 36.7 | CH3: 38.86 | CI3: 39.06 | CJ3: 38.81 | CK3: 37.86 | CL3: 37.76 | CM3: 38.72 | CN3: 39.36 | CO3: 39.95 | CP3: 39.12 | CQ3: 38.18 | CR3: 38.48 | CS3: 38.97
A4: 46237 | B4: 38.38 | C4: 38.87 | D4: 39.27 | E4: 38.54 | F4: 39.18 | G4: 38.82 | H4: 40.43 | I4: 40.04 | J4: 39.88 | K4: 38.69 | L4: 38.26 | M4: 37.97 | N4: 37.9 | O4: 39.19 | P4: 39 | Q4: 39.52 | R4: 38.35 | S4: 39.19 | T4: 40.75 | U4: 40.4 | V4: 38.95 | W4: 39.3 | X4: 39.87 | Y4: 40.28 | Z4: 40.31 | AA4: 39.62 | AB4: 40.12 | AC4: 40.25 | AD4: 39.38 | AE4: 39.87 | AF4: 41.06 | AG4: 38.55 | AH4: 38.93 | AI4: 37.84 | AJ4: 38.42 | AK4: 38.16 | AL4: 40.21 | AM4: 41.93 | AN4: 41.99 | AO4: 40.42 | AP4: 41.03 | AQ4: 41.53 | AR4: 42.34 | AS4: 41.32 | AT4: 40.06 | AU4: 40.68 | AV4: 38.61 | AW4: 41.41 | AX4: 39.73 | AY4: 38.89 | AZ4: 37.76 | BA4: 41.54 | BB4: 42.26 | BC4: 38.21 | BD4: 36.84 | BE4: 38.55 | BF4: 38.25 | BG4: 38.05 | BH4: 38.08 | BI4: 40.14 | BJ4: 37.83 | BK4: 37.86 | BL4: 41.84 | BM4: 40.83 | BN4: 37.85 | BO4: 38.09 | BP4: 38.09 | BQ4: 40.63 | BR4: 38.96 | BS4: 38.86 | BT4: 40.55 | BU4: 40.33 | BV4: 39.88 | BW4: 40.81 | BX4: 43.87 | BY4: 50.39 | BZ4: 51.69 | CA4: 51.59 | CB4: 51.34 | CC4: 47.53 | CD4: 42 | CE4: 40.95 | CF4: 40.26 | CG4: 41.42 | CH4: 41.75 | CI4: 40.67 | CJ4: 41.42 | CK4: 41.58 | CL4: 41.95 | CM4: 41.99 | CN4: 41.11 | CO4: 40.82 | CP4: 40.11 | CQ4: 39.55 | CR4: 38.64 | CS4: 38.96
A5: 46238 | B5: 40.35 | C5: 39.54 | D5: 38.96 | E5: 39.68 | F5: 38.02 | G5: 42.26 | H5: 39.98 | I5: 40 | J5: 38.65 | K5: 39.9 | L5: 39.71 | M5: 39.38 | N5: 38.33 | O5: 38.38 | P5: 40.97 | Q5: 40.02 | R5: 40.52 | S5: 41.56 | T5: 41.15 | U5: 39.77 | V5: 40.56 | W5: 39 | X5: 38.52 | Y5: 36.73 | Z5: 37.34 | AA5: 38.44 | AB5: 39.54 | AC5: 39.74 | AD5: 39.32 | AE5: 39.17 | AF5: 39.62 | AG5: 39.41 | AH5: 39.81 | AI5: 39.7 | AJ5: 40.62 | AK5: 41.04 | AL5: 42.43 | AM5: 42.14 | AN5: 40.54 | AO5: 43.37 | AP5: 43.64 | AQ5: 44.05 | AR5: 43.57 | AS5: 42.98 | AT5: 41.12 | AU5: 40.19 | AV5: 42.59 | AW5: 42.35 | AX5: 41.36 | AY5: 42.18 | AZ5: 39.81 | BA5: 39.6 | BB5: 40.21 | BC5: 40.51 | BD5: 41.47 | BE5: 40.66 | BF5: 37.1 | BG5: 38.73 | BH5: 41 | BI5: 41.48 | BJ5: 41.18 | BK5: 41.37 | BL5: 41.93 | BM5: 42.73 | BN5: 41.56 | BO5: 42.54 | BP5: 43.2 | BQ5: 41.8 | BR5: 42 | BS5: 42.22 | BT5: 42.84 | BU5: 41.56 | BV5: 40.78 | BW5: 40.48 | BX5: 41.12 | BY5: 42.01 | BZ5: 41.25 | CA5: 41.95 | CB5: 42.13 | CC5: 42.51 | CD5: 43.26 | CE5: 43.52 | CF5: 42.48 | CG5: 41.97 | CH5: 41.14 | CI5: 40.51 | CJ5: 40.34 | CK5: 40.57 | CL5: 39.79 | CM5: 39.55 | CN5: 39.34 | CO5: 39.2 | CP5: 42.15 | CQ5: 41.1 | CR5: 40.88 | CS5: 46.94
A6: 46239 | B6: 48.6 | C6: 46.85 | D6: 48.2 | E6: 49.15 | F6: 47.8 | G6: 46.62 | H6: 45.96 | I6: 46.18 | J6: 45.32 | K6: 44.81 | L6: 45.34 | M6: 48.36 | N6: 50.64 | O6: 51.57 | P6: 51.8 | Q6: 51.84 | R6: 52.56 | S6: 51.19 | T6: 52.15 | U6: 52.54 | V6: 50.86 | W6: 50.76 | X6: 50.32 | Y6: 51.46 | Z6: 51.83 | AA6: 53.9 | AB6: 53.21 | AC6: 54.5 | AD6: 55.04 | AE6: 53.52 | AF6: 52.59 | AG6: 52.57 | AH6: 51.9 | AI6: 53.03 | AJ6: 53.58 | AK6: 52.77 | AL6: 53.12 | AM6: 54.51 | AN6: 53.24 | AO6: 54.13 | AP6: 53.77 | AQ6: 54.04 | AR6: 53.89 | AS6: 55.98 | AT6: 55.81 | AU6: 54.36 | AV6: 55.2 | AW6: 53.85 | AX6: 54.29 | AY6: 53.69 | AZ6: 53.54 | BA6: 53.2 | BB6: 54.42 | BC6: 56.49 | BD6: 58.6 | BE6: 58.89 | BF6: 61.33 | BG6: 63.24 | BH6: 63.75 | BI6: 66.21 | BJ6: 66.16 | BK6: 67.81 | BL6: 65.87 | BM6: 67.82 | BN6: 67.92 | BO6: 70.01 | BP6: 68.7 | BQ6: 68.94 | BR6: 66.71 | BS6: 67.89 | BT6: 68.25 | BU6: 68.01 | BV6: 66.82 | BW6: 68.95 | BX6: 67.34 | BY6: 67.29 | BZ6: 65.88 | CA6: 66.39 | CB6: 66.68 | CC6: 65.44 | CD6: 65.84 | CE6: 65.34 | CF6: 65.88 | CG6: 67.45 | CH6: 70.12 | CI6: 69.17 | CJ6: 69.28 | CK6: 69.08 | CL6: 72.57 | CM6: 71.3 | CN6: 71.68 | CO6: 69.43 | CP6: 72.34 | CQ6: 72.15 | CR6: 73.72 | CS6: 75.14
A7: 46240 | B7: 74.04 | C7: 73.82 | D7: 76.69 | E7: 76.23 | F7: 76.36 | G7: 75.72 | H7: 76.88 | I7: 76.58 | J7: 75.87 | K7: 75.63 | L7: 75.78 | M7: 76.3 | N7: 76.18 | O7: 76.64 | P7: 76.77 | Q7: 77.03 | R7: 77.54 | S7: 76.36 | T7: 75.45 | U7: 75.68 | V7: 74.18 | W7: 76.13 | X7: 76.53 | Y7: 76.5 | Z7: 75.97 | AA7: 76.56 | AB7: 77.7 | AC7: 79.16 | AD7: 78.37 | AE7: 78.82 | AF7: 78.72 | AG7: 81.12 | AH7: 80.49 | AI7: 79.34 | AJ7: 78.87 | AK7: 79.23 | AL7: 78.01 | AM7: 79.17 | AN7: 79.92 | AO7: 78.54 | AP7: 79.87 | AQ7: 79.79 | AR7: 80.02 | AS7: 79.41 | AT7: 81.28 | AU7: 81.85 | AV7: 82.26 | AW7: 83.15 | AX7: 80.83 | AY7: 80.95 | AZ7: 80.6 | BA7: 82.24 | BB7: 84.74 | BC7: 84.1 | BD7: 81.28 | BE7: 80.9 | BF7: 83.26 | BG7: 82.65 | BH7: 82.5 | BI7: 83.72 | BJ7: 82.12 | BK7: 80.95 | BL7: 81.05 | BM7: 81.59 | BN7: 82.6 | BO7: 82.85 | BP7: 83.37 | BQ7: 82.65 | BR7: 81.87 | BS7: 81.18 | BT7: 79.66 | BU7: 80.5 | BV7: 80.1 | BW7: 79.99 | BX7: 81.89 | BY7: 81.4 | BZ7: 81.23 | CA7: 81.26 | CB7: 80.78 | CC7: 80.62 | CD7: 81.94 | CE7: 82.5 | CF7: 82.57 | CG7: 81.98 | CH7: 83.95 | CI7: 84.13 | CJ7: 83.57 | CK7: 82.92 | CL7: 82.81 | CM7: 81.78 | CN7: 82.51 | CO7: 81.96 | CP7: 81.25 | CQ7: 80.51 | CR7: 80.35 | CS7: 80.34
A8: 46241 | B8: 79.15 | C8: 79.33 | D8: 80.72 | E8: 79.45 | F8: 80.24 | G8: 80.14 | H8: 81.45 | I8: 79.56 | J8: 80.07 | K8: 80.03 | L8: 79.71 | M8: 79.63 | N8: 78.88 | O8: 78.64 | P8: 80.81 | Q8: 80.91 | R8: 81.72 | S8: 81.31 | T8: 80.03 | U8: 79.98 | V8: 80.37 | W8: 80.57 | X8: 80.29 | Y8: 80.32 | Z8: 79.86 | AA8: 80.57 | AB8: 80.45 | AC8: 80.52 | AD8: 81.67 | AE8: 82.96 | AF8: 82.16 | AG8: 82.27 | AH8: 81.96 | AI8: 81.01 | AJ8: 80.67 | AK8: 79.52 | AL8: 69.36 | AM8: 70.99 | AN8: 65.75 | AO8: 68.97 | AP8: 69.03 | AQ8: 69.6 | AR8: 67.11 | AS8: 67.89 | AT8: 66.07 | AU8: 63.56 | AV8: 63.07 | AW8: 64.98 | AX8: 64.84 | AY8: 61.98 | AZ8: 62.25 | BA8: 60.07 | BB8: 50.95 | BC8: 45.23 | BD8: 46.2 | BE8: 40.6 | BF8: 37.72 | BG8: 36.5 | BH8: 38.1 | BI8: 39.98 | BJ8: 41.09 | BK8: 41.13 | BL8: 39.92 | BM8: 40 | BN8: 39.74 | BO8: 39.95 | BP8: 39.67 | BQ8: 41.24 | BR8: 41.7 | BS8: 42.44 | BT8: 41.49 | BU8: 40.07 | BV8: 39.5 | BW8: 40.37 | BX8: 38.4 | BY8: 39.04 | BZ8: 40.02 | CA8: 39.83 | CB8: 40.59 | CC8: 39.58 | CD8: 40.01 | CE8: 40.87 | CF8: 39.38 | CG8: 40.78 | CH8: 40.1 | CI8: 39.28 | CJ8: 39.29 | CK8: 40.85 | CL8: 39.72 | CM8: 39.63 | CN8: 37.45 | CO8: 37.58 | CP8: 38.95 | CQ8: 40.15 | CR8: 39.3 | CS8: 40.7
A9: 46242 | B9: 39.81 | C9: 39.46 | D9: 38.97 | E9: 39.39 | F9: 38.48 | G9: 37.15 | H9: 37.57 | I9: 38.27 | J9: 37.95 | K9: 38.57 | L9: 39.19 | M9: 39.9 | N9: 39.45 | O9: 39.37 | P9: 39.54 | Q9: 39.2 | R9: 39.29 | S9: 39.21 | T9: 39.78 | U9: 38.41 | V9: 38.89 | W9: 39.02 | X9: 37.88 | Y9: 39.11 | Z9: 37.56 | AA9: 37.95 | AB9: 39.84 | AC9: 39.1 | AD9: 39.04 | AE9: 38.44 | AF9: 38.55 | AG9: 40.02 | AH9: 38.25 | AI9: 38.81 | AJ9: 37.82 | AK9: 39.13 | AL9: 39.71 | AM9: 39.69 | AN9: 39.93 | AO9: 38.57 | AP9: 38.41 | AQ9: 38.95 | AR9: 39.45 | AS9: 36.68 | AT9: 36.1 | AU9: 35.63 | AV9: 37.53 | AW9: 38.09 | AX9: 36.69 | AY9: 37.48 | AZ9: 36.33 | BA9: 37.73 | BB9: 36.97 | BC9: 38.76 | BD9: 36.12 | BE9: 35.21 | BF9: 38.19 | BG9: 38.83 | BH9: 38.53 | BI9: 36.73 | BJ9: 37.88 | BK9: 39 | BL9: 40.79 | BM9: 39.56 | BN9: 39.6 | BO9: 39.05 | BP9: 37.57 | BQ9: 39.58 | BR9: 39.36 | BS9: 36.85 | BT9: 36.93 | BU9: 37.47 | BV9: 36.7 | BW9: 37.44 | BX9: 38.59 | BY9: 40.1 | BZ9: 39.36 | CA9: 39.66 | CB9: 38.13 | CC9: 37.12 | CD9: 36.55 | CE9: 35.71 | CF9: 35.81 | CG9: 35.12 | CH9: 34.87 | CI9: 36.19 | CJ9: 34.77 | CK9: 33.61 | CL9: 37.79 | CM9: 37.25 | CN9: 36.11 | CO9: 36.56 | CP9: 35.47 | CQ9: 34.78 | CR9: 35.99 | CS9: 36.52
A10: 46243 | B10: 39.81 | C10: 39.46 | D10: 38.97 | E10: 39.39 | F10: 38.48 | G10: 37.15 | H10: 37.57 | I10: 38.27 | J10: 37.95 | K10: 38.57 | L10: 39.19 | M10: 39.9 | N10: 39.45 | O10: 39.37 | P10: 39.54 | Q10: 39.2 | R10: 39.29 | S10: 39.21 | T10: 39.78 | U10: 38.41 | V10: 38.89 | W10: 39.02 | X10: 37.88 | Y10: 39.11 | Z10: 37.56 | AA10: 37.95 | AB10: 39.84 | AC10: 39.1 | AD10: 39.04 | AE10: 38.44 | AF10: 38.55 | AG10: 40.02 | AH10: 38.25 | AI10: 38.81 | AJ10: 37.82 | AK10: 39.13 | AL10: 39.71 | AM10: 39.69 | AN10: 39.93 | AO10: 38.57 | AP10: 38.41 | AQ10: 38.95 | AR10: 39.45 | AS10: 36.68 | AT10: 36.1 | AU10: 35.63 | AV10: 37.53 | AW10: 38.09 | AX10: 36.69 | AY10: 37.48 | AZ10: 36.33 | BA10: 37.73 | BB10: 36.97 | BC10: 38.76 | BD10: 36.12 | BE10: 35.21 | BF10: 38.19 | BG10: 38.83 | BH10: 38.53 | BI10: 36.73 | BJ10: 37.88 | BK10: 39 | BL10: 40.79 | BM10: 39.56 | BN10: 39.6 | BO10: 39.05 | BP10: 37.57 | BQ10: 39.58 | BR10: 39.36 | BS10: 36.85 | BT10: 36.93 | BU10: 37.47 | BV10: 36.7 | BW10: 37.44 | BX10: 38.59 | BY10: 40.1 | BZ10: 39.36 | CA10: 39.66 | CB10: 38.13 | CC10: 37.12 | CD10: 36.55 | CE10: 35.71 | CF10: 35.81 | CG10: 35.12 | CH10: 34.87 | CI10: 36.19 | CJ10: 34.77 | CK10: 33.61 | CL10: 37.79 | CM10: 37.25 | CN10: 36.11 | CO10: 36.56 | CP10: 35.47 | CQ10: 34.78 | CR10: 35.99 | CS10: 36.52
A11: 46244 | B11: 38.65 | C11: 37.94 | D11: 38.18 | E11: 37.99 | F11: 37.68 | G11: 37.3 | H11: 37.67 | I11: 37.7 | J11: 37.02 | K11: 37.76 | L11: 37.01 | M11: 39.34 | N11: 38.41 | O11: 38.64 | P11: 37.66 | Q11: 37.96 | R11: 38.84 | S11: 37.91 | T11: 37.44 | U11: 37.63 | V11: 39.11 | W11: 38.86 | X11: 39.06 | Y11: 39.36 | Z11: 39.01 | AA11: 40.17 | AB11: 40.18 | AC11: 40.4 | AD11: 40.63 | AE11: 39.18 | AF11: 39.12 | AG11: 38.86 | AH11: 39.32 | AI11: 38.86 | AJ11: 39.91 | AK11: 40.5 | AL11: 41.13 | AM11: 41.19 | AN11: 41.88 | AO11: 40.52 | AP11: 41.36 | AQ11: 40.61 | AR11: 39.61 | AS11: 38.55 | AT11: 38.16 | AU11: 40.33 | AV11: 39.34 | AW11: 39.82 | AX11: 40.67 | AY11: 38.41 | AZ11: 38.1 | BA11: 39.95 | BB11: 39.45 | BC11: 41.5 | BD11: 40.79 | BE11: 38.63 | BF11: 40.42 | BG11: 39.83 | BH11: 38.04 | BI11: 38.08 | BJ11: 40.37 | BK11: 43.8 | BL11: 43.41 | BM11: 41.44 | BN11: 41.79 | BO11: 42.03 | BP11: 40.93 | BQ11: 39.36 | BR11: 40.19 | BS11: 39.58 | BT11: 37.7 | BU11: 37.05 | BV11: 38.28 | BW11: 38.85 | BX11: 39.18 | BY11: 39.58 | BZ11: 39.58 | CA11: 39.56 | CB11: 39.57 | CC11: 39.42 | CD11: 40.39 | CE11: 38.97 | CF11: 38.88 | CG11: 37.62 | CH11: 36.87 | CI11: 38.45 | CJ11: 37.8 | CK11: 36.83 | CL11: 36.94 | CM11: 39.7 | CN11: 38.69 | CO11: 36.89 | CP11: 36.99 | CQ11: 37.16 | CR11: 37.95 | CS11: 37.3
A12: 46245 | B12: 38.85 | C12: 39.47 | D12: 38.88 | E12: 38.23 | F12: 38.83 | G12: 39.21 | H12: 40.29 | I12: 40.06 | J12: 40.91 | K12: 41.77 | L12: 40.26 | M12: 38.61 | N12: 38.75 | O12: 39.75 | P12: 38.94 | Q12: 40.43 | R12: 39.66 | S12: 39.08 | T12: 38.97 | U12: 39.68 | V12: 38.83 | W12: 38.72 | X12: 39.32 | Y12: 38.42 | Z12: 39.26 | AA12: 37.88 | AB12: 38.65 | AC12: 38.7 | AD12: 41.39 | AE12: 40.75 | AF12: 40.06 | AG12: 40.06 | AH12: 39.5 | AI12: 39.56 | AJ12: 40.4 | AK12: 41 | AL12: 37.66 | AM12: 38 | AN12: 41.66 | AO12: 41.09 | AP12: 40.55 | AQ12: 42.32 | AR12: 41.8 | AS12: 40.48 | AT12: 40.04 | AU12: 40.11 | AV12: 39.95 | AW12: 41.62 | AX12: 40.7 | AY12: 39.9 | AZ12: 37.3 | BA12: 41.7 | BB12: 42.01 | BC12: 41.05 | BD12: 38.91 | BE12: 37.51 | BF12: 38.02 | BG12: 37.65 | BH12: 36.81 | BI12: 36.71 | BJ12: 36.85 | BK12: 36.73 | BL12: 41.8 | BM12: 41.22 | BN12: 41.47 | BO12: 42.17 | BP12: 42.19 | BQ12: 43.3 | BR12: 44.54 | BS12: 44 | BT12: 43.85 | BU12: 42.88 | BV12: 42.42 | BW12: 43.24 | BX12: 41.93 | BY12: 40.41 | BZ12: 42.29 | CA12: 41.33 | CB12: 41.05 | CC12: 43.55 | CD12: 42.35 | CE12: 43.04 | CF12: 43.88 | CG12: 43.13 | CH12: 42.73 | CI12: 41.69 | CJ12: 43.5 | CK12: 42.89 | CL12: 42.35 | CM12: 41.28 | CN12: 41.22 | CO12: 41.62 | CP12: 42.59 | CQ12: 43.64 | CR12: 43.61 | CS12: 43.32
A13: 46246 | B13: 42.48 | C13: 42.92 | D13: 42.34 | E13: 41.18 | F13: 41.33 | G13: 40.43 | H13: 41.27 | I13: 41.07 | J13: 41.62 | K13: 41.49 | L13: 41.33 | M13: 41.43 | N13: 40.99 | O13: 40.79 | P13: 40.72 | Q13: 40.17 | R13: 40.73 | S13: 40.6 | T13: 39.89 | U13: 39.49 | V13: 41.08 | W13: 41.83 | X13: 43.12 | Y13: 43.37 | Z13: 42.57 | AA13: 42.72 | AB13: 42.16 | AC13: 42.2 | AD13: 43.37 | AE13: 42.07 | AF13: 41.96 | AG13: 42.69 | AH13: 41.82 | AI13: 43.74 | AJ13: 44.65 | AK13: 45.04 | AL13: 45.88 | AM13: 45.25 | AN13: 44.91 | AO13: 45.83 | AP13: 45.2 | AQ13: 44.35 | AR13: 44.13 | AS13: 44.89 | AT13: 43.4 | AU13: 43.64 | AV13: 44.53 | AW13: 44.28 | AX13: 45.38 | AY13: 43.64 | AZ13: 42.24 | BA13: 41.54 | BB13: 41.64 | BC13: 42.81 | BD13: 42.97 | BE13: 43.05 | BF13: 44.13 | BG13: 42.45 | BH13: 40.91 | BI13: 42.54 | BJ13: 42.95 | BK13: 44.97 | BL13: 45.31 | BM13: 43.55 | BN13: 42.47 | BO13: 42.31 | BP13: 43.24 | BQ13: 42.41 | BR13: 41.45 | BS13: 41.78 | BT13: 41.89 | BU13: 41.08 | BV13: 42.21 | BW13: 41.99 | BX13: 45.9 | BY13: 46.83 | BZ13: 50.65 | CA13: 51.95 | CB13: 48.93 | CC13: 41.39 | CD13: 43.26 | CE13: 41.62 | CF13: 42.09 | CG13: 41.03 | CH13: 40.37 | CI13: 40.81 | CJ13: 41.49 | CK13: 42.14 | CL13: 43.16 | CM13: 42.57 | CN13: 42.92 | CO13: 41.78 | CP13: 40.77 | CQ13: 41.05 | CR13: 40.57 | CS13: 42.25
... A32: 46265 | B32: 39.57 | C32: 40.3 | D32: 40.91 | E32: 40.24 | F32: 40.2 | G32: 39.64 | H32: 39.62 | I32: 39.81 | J32: 39.28 | K32: 39.08 | L32: 39.34 | M32: 40.52 | N32: 39.2 | O32: 40.33 | P32: 40.62 | Q32: 40.93 | R32: 41.2 | S32: 40.67 | T32: 40.01 | U32: 40.14 | V32: 40.07 | W32: 40.14 | X32: 40.68 | Y32: 40.59 | Z32: 40.57 | AA32: 40.12 | AB32: 40.74 | AC32: 42.07 | AD32: 41.76 | AE32: 41.94 | AF32: 42.28 | AG32: 42.4 | AH32: 40.72 | AI32: 40.75 | AJ32: 40.08 | AK32: 38.45 | AL32: 39.38 | AM32: 41.61 | AN32: 41.67 | AO32: 41.14 | AP32: 39.53 | AQ32: 39.91 | AR32: 40.92 | AS32: 41.34 | AT32: 38.52 | AU32: 38.58 | AV32: 38.99 | AW32: 39.56 | AX32: 37.61 | AY32: 38.87 | AZ32: 38.9 | BA32: 39.66 | BB32: 41.88 | BC32: 40.78 | BD32: 39.43 | BE32: 40.07 | BF32: 37.4 | BG32: 38.28 | BH32: 39.8 | BI32: 40.35 | BJ32: 40.01 | BK32: 39.65 | BL32: 40.77 | BM32: 39.11 | BN32: 40.27 | BO32: 40.33 | BP32: 40.31 | BQ32: 40.68 | BR32: 43.31 | BS32: 42.05 | BT32: 42.24 | BU32: 41.41 | BV32: 41.16 | BW32: 41.61 | BX32: 41.58 | BY32: 42.34 | BZ32: 40.96 | CA32: 42.71 | CB32: 42.48 | CC32: 41.98 | CD32: 42.22 | CE32: 40.83 | CF32: 41.39 | CG32: 41.16 | CH32: 41.21 | CI32: 41.71 | CJ32: 40.32 | CK32: 40.2 | CL32: 40.77 | CM32: 41.09 | CN32: 42.5 | CO32: 42.36 | CP32: 43.04 | CQ32: 42.49 | CR32: 41.43 | CS32: 41.24

Sheet 风电
A1: 日期 | B1: 0.010416667 | C1: 0.020833333 | D1: 0.03125 | E1: 0.041666667 | F1: 0.052083333 | G1: 0.0625 | H1: 0.072916667 | I1: 0.083333333 | J1: 0.09375 | K1: 0.10416667 | L1: 0.11458333 | M1: 0.125 | N1: 0.13541667 | O1: 0.14583333 | P1: 0.15625 | Q1: 0.16666667 | R1: 0.17708333 | S1: 0.1875 | T1: 0.19791667 | U1: 0.20833333 | V1: 0.21875 | W1: 0.22916667 | X1: 0.23958333 | Y1: 0.25 | Z1: 0.26041667 | AA1: 0.27083333 | AB1: 0.28125 | AC1: 0.29166667 | AD1: 0.30208333 | AE1: 0.3125 | AF1: 0.32291667 | AG1: 0.33333333 | AH1: 0.34375 | AI1: 0.35416667 | AJ1: 0.36458333 | AK1: 0.375 | AL1: 0.38541667 | AM1: 0.39583333 | AN1: 0.40625 | AO1: 0.41666667 | AP1: 0.42708333 | AQ1: 0.4375 | AR1: 0.44791667 | AS1: 0.45833333 | AT1: 0.46875 | AU1: 0.47916667 | AV1: 0.48958333 | AW1: 0.5 | AX1: 0.51041667 | AY1: 0.52083333 | AZ1: 0.53125 | BA1: 0.54166667 | BB1: 0.55208333 | BC1: 0.5625 | BD1: 0.57291667 | BE1: 0.58333333 | BF1: 0.59375 | BG1: 0.60416667 | BH1: 0.61458333 | BI1: 0.625 | BJ1: 0.63541667 | BK1: 0.64583333 | BL1: 0.65625 | BM1: 0.66666667 | BN1: 0.67708333 | BO1: 0.6875 | BP1: 0.69791667 | BQ1: 0.70833333 | BR1: 0.71875 | BS1: 0.72916667 | BT1: 0.73958333 | BU1: 0.75 | BV1: 0.76041667 | BW1: 0.77083333 | BX1: 0.78125 | BY1: 0.79166667 | BZ1: 0.80208333 | CA1: 0.8125 | CB1: 0.82291667 | CC1: 0.83333333 | CD1: 0.84375 | CE1: 0.85416667 | CF1: 0.86458333 | CG1: 0.875 | CH1: 0.88541667 | CI1: 0.89583333 | CJ1: 0.90625 | CK1: 0.91666667 | CL1: 0.92708333 | CM1: 0.9375 | CN1: 0.94791667 | CO1: 0.95833333 | CP1: 0.96875 | CQ1: 0.97916667 | CR1: 0.98958333 | CS1: 1
A2: 46235 | B2: 11336 | C2: 11703 | D2: 11964 | E2: 12218 | F2: 12235 | G2: 12258 | H2: 12160 | I2: 11770 | J2: 11480 | K2: 11165 | L2: 10852 | M2: 10580 | N2: 10453 | O2: 10585 | P2: 10622 | Q2: 10566 | R2: 10449 | S2: 10292 | T2: 10092 | U2: 10286 | V2: 10121 | W2: 9683 | X2: 9321 | Y2: 8796 | Z2: 8530 | AA2: 8154 | AB2: 7594 | AC2: 7309 | AD2: 7294 | AE2: 7185 | AF2: 7065 | AG2: 7273 | AH2: 7229 | AI2: 7281 | AJ2: 7350 | AK2: 7477 | AL2: 7718 | AM2: 7936 | AN2: 8226 | AO2: 8292 | AP2: 8250 | AQ2: 8462 | AR2: 8439 | AS2: 8352 | AT2: 8282 | AU2: 8093 | AV2: 7956 | AW2: 7778 | AX2: 7519 | AY2: 7488 | AZ2: 7492 | BA2: 7381 | BB2: 7388 | BC2: 7471 | BD2: 7386 | BE2: 7276 | BF2: 7456 | BG2: 7606 | BH2: 7684 | BI2: 7970 | BJ2: 8227 | BK2: 8652 | BL2: 9104 | BM2: 9505 | BN2: 9529 | BO2: 9010 | BP2: 8664 | BQ2: 8167 | BR2: 7739 | BS2: 7609 | BT2: 7298 | BU2: 6993 | BV2: 6863 | BW2: 6661 | BX2: 6336 | BY2: 5945 | BZ2: 5683 | CA2: 5192 | CB2: 4961 | CC2: 4707 | CD2: 4349 | CE2: 3898 | CF2: 3338 | CG2: 3355 | CH2: 3432 | CI2: 3355 | CJ2: 3185 | CK2: 2901 | CL2: 2665 | CM2: 2455 | CN2: 2309 | CO2: 2290 | CP2: 2150 | CQ2: 2159 | CR2: 2075 | CS2: 2027
A3: 46236 | B3: 1915 | C3: 1816 | D3: 1708 | E3: 1734 | F3: 1735 | G3: 1678 | H3: 1723 | I3: 1828 | J3: 1866 | K3: 1816 | L3: 1845 | M3: 1872 | N3: 1869 | O3: 1866 | P3: 1739 | Q3: 1504 | R3: 1364 | S3: 1185 | T3: 1124 | U3: 1146 | V3: 1072 | W3: 1006 | X3: 940 | Y3: 897 | Z3: 836 | AA3: 740 | AB3: 658 | AC3: 531 | AD3: 402 | AE3: 399 | AF3: 417 | AG3: 435 | AH3: 430 | AI3: 486 | AJ3: 534 | AK3: 533 | AL3: 515 | AM3: 490 | AN3: 456 | AO3: 470 | AP3: 498 | AQ3: 534 | AR3: 566 | AS3: 638 | AT3: 669 | AU3: 662 | AV3: 677 | AW3: 769 | AX3: 856 | AY3: 961 | AZ3: 1095 | BA3: 1205 | BB3: 1354 | BC3: 1613 | BD3: 1579 | BE3: 1540 | BF3: 1547 | BG3: 1731 | BH3: 1819 | BI3: 1872 | BJ3: 1970 | BK3: 2065 | BL3: 2170 | BM3: 2307 | BN3: 2562 | BO3: 2730 | BP3: 2742 | BQ3: 2743 | BR3: 2771 | BS3: 2723 | BT3: 2566 | BU3: 2510 | BV3: 2576 | BW3: 2700 | BX3: 2733 | BY3: 2705 | BZ3: 2709 | CA3: 2632 | CB3: 2600 | CC3: 2671 | CD3: 2723 | CE3: 2891 | CF3: 3054 | CG3: 3101 | CH3: 3081 | CI3: 3157 | CJ3: 3170 | CK3: 3390 | CL3: 3519 | CM3: 3481 | CN3: 3321 | CO3: 3237 | CP3: 3358 | CQ3: 3598 | CR3: 3942 | CS3: 4363
A4: 46237 | B4: 4707 | C4: 5101 | D4: 5303 | E4: 5371 | F4: 5448 | G4: 5474 | H4: 5556 | I4: 5635 | J4: 5773 | K4: 5976 | L4: 6295 | M4: 6410 | N4: 6541 | O4: 6541 | P4: 6736 | Q4: 6634 | R4: 6699 | S4: 6885 | T4: 6979 | U4: 7148 | V4: 7233 | W4: 7187 | X4: 7113 | Y4: 6896 | Z4: 6692 | AA4: 6149 | AB4: 5974 | AC4: 5714 | AD4: 5534 | AE4: 5487 | AF4: 5430 | AG4: 5568 | AH4: 5898 | AI4: 6156 | AJ4: 6303 | AK4: 6597 | AL4: 6815 | AM4: 7024 | AN4: 7090 | AO4: 7245 | AP4: 7344 | AQ4: 7412 | AR4: 7639 | AS4: 7767 | AT4: 7828 | AU4: 7744 | AV4: 7803 | AW4: 8012 | AX4: 8109 | AY4: 8397 | AZ4: 8573 | BA4: 8770 | BB4: 8889 | BC4: 9016 | BD4: 9081 | BE4: 8952 | BF4: 9197 | BG4: 9302 | BH4: 9218 | BI4: 9346 | BJ4: 9344 | BK4: 9715 | BL4: 9923 | BM4: 10170 | BN4: 10494 | BO4: 10477 | BP4: 10355 | BQ4: 10397 | BR4: 10082 | BS4: 9869 | BT4: 9796 | BU4: 9604 | BV4: 9495 | BW4: 9547 | BX4: 9440 | BY4: 9246 | BZ4: 9092 | CA4: 9082 | CB4: 9188 | CC4: 9343 | CD4: 9398 | CE4: 9605 | CF4: 9766 | CG4: 9702 | CH4: 9553 | CI4: 9292 | CJ4: 9262 | CK4: 9302 | CL4: 9337 | CM4: 9417 | CN4: 9374 | CO4: 9119 | CP4: 9245 | CQ4: 9451 | CR4: 9365 | CS4: 9113
A5: 46238 | B5: 9000 | C5: 8971 | D5: 9008 | E5: 8724 | F5: 8640 | G5: 8611 | H5: 8566 | I5: 8449 | J5: 8226 | K5: 7906 | L5: 7741 | M5: 7692 | N5: 7533 | O5: 7412 | P5: 7137 | Q5: 7195 | R5: 7254 | S5: 6823 | T5: 6514 | U5: 6377 | V5: 6201 | W5: 6039 | X5: 5744 | Y5: 5393 | Z5: 5040 | AA5: 4706 | AB5: 4506 | AC5: 4288 | AD5: 4074 | AE5: 3895 | AF5: 3815 | AG5: 3753 | AH5: 3797 | AI5: 3895 | AJ5: 3905 | AK5: 3985 | AL5: 3930 | AM5: 3897 | AN5: 4147 | AO5: 4437 | AP5: 4851 | AQ5: 5084 | AR5: 5314 | AS5: 5681 | AT5: 5996 | AU5: 6199 | AV5: 6311 | AW5: 6868 | AX5: 7073 | AY5: 7272 | AZ5: 7312 | BA5: 7582 | BB5: 7855 | BC5: 8047 | BD5: 8208 | BE5: 8543 | BF5: 8777 | BG5: 9029 | BH5: 8979 | BI5: 9001 | BJ5: 8917 | BK5: 9055 | BL5: 9085 | BM5: 8940 | BN5: 8780 | BO5: 8540 | BP5: 8302 | BQ5: 8102 | BR5: 7994 | BS5: 7824 | BT5: 7599 | BU5: 7300 | BV5: 6787 | BW5: 6470 | BX5: 6366 | BY5: 6219 | BZ5: 6193 | CA5: 6125 | CB5: 5995 | CC5: 5865 | CD5: 5564 | CE5: 5294 | CF5: 5221 | CG5: 5246 | CH5: 5397 | CI5: 5632 | CJ5: 5661 | CK5: 5809 | CL5: 5923 | CM5: 6046 | CN5: 6087 | CO5: 6183 | CP5: 6282 | CQ5: 6297 | CR5: 6316 | CS5: 6353
A6: 46239 | B6: 6434 | C6: 6452 | D6: 6370 | E6: 6335 | F6: 6259 | G6: 6266 | H6: 6218 | I6: 6102 | J6: 6010 | K6: 5902 | L6: 5655 | M6: 5547 | N6: 5454 | O6: 5323 | P6: 5281 | Q6: 5108 | R6: 4993 | S6: 4877 | T6: 4698 | U6: 4549 | V6: 4440 | W6: 4214 | X6: 3952 | Y6: 3637 | Z6: 3381 | AA6: 3143 | AB6: 2763 | AC6: 2495 | AD6: 2360 | AE6: 2260 | AF6: 2105 | AG6: 2088 | AH6: 2009 | AI6: 1935 | AJ6: 1900 | AK6: 1780 | AL6: 1731 | AM6: 1692 | AN6: 1671 | AO6: 1683 | AP6: 1683 | AQ6: 1771 | AR6: 1828 | AS6: 1911 | AT6: 2055 | AU6: 2150 | AV6: 2214 | AW6: 2246 | AX6: 2255 | AY6: 2238 | AZ6: 2224 | BA6: 2192 | BB6: 2160 | BC6: 2124 | BD6: 2121 | BE6: 2016 | BF6: 1998 | BG6: 1938 | BH6: 1806 | BI6: 1661 | BJ6: 1539 | BK6: 1431 | BL6: 1369 | BM6: 1229 | BN6: 1156 | BO6: 1104 | BP6: 1078 | BQ6: 1054 | BR6: 1040 | BS6: 989 | BT6: 1016 | BU6: 1035 | BV6: 1066 | BW6: 1187 | BX6: 1292 | BY6: 1360 | BZ6: 1416 | CA6: 1426 | CB6: 1455 | CC6: 1461 | CD6: 1446 | CE6: 1461 | CF6: 1447 | CG6: 1379 | CH6: 1383 | CI6: 1413 | CJ6: 1453 | CK6: 1426 | CL6: 1427 | CM6: 1478 | CN6: 1511 | CO6: 1460 | CP6: 1505 | CQ6: 1537 | CR6: 1611 | CS6: 1661
A7: 46240 | B7: 1705 | C7: 1721 | D7: 1717 | E7: 1684 | F7: 1643 | G7: 1620 | H7: 1610 | I7: 1553 | J7: 1513 | K7: 1538 | L7: 1556 | M7: 1585 | N7: 1615 | O7: 1586 | P7: 1580 | Q7: 1611 | R7: 1686 | S7: 1718 | T7: 1786 | U7: 1778 | V7: 1723 | W7: 1711 | X7: 1672 | Y7: 1624 | Z7: 1492 | AA7: 1320 | AB7: 1169 | AC7: 1038 | AD7: 937 | AE7: 853 | AF7: 759 | AG7: 672 | AH7: 620 | AI7: 589 | AJ7: 543 | AK7: 559 | AL7: 550 | AM7: 553 | AN7: 604 | AO7: 632 | AP7: 645 | AQ7: 603 | AR7: 567 | AS7: 531 | AT7: 507 | AU7: 510 | AV7: 492 | AW7: 528 | AX7: 540 | AY7: 596 | AZ7: 672 | BA7: 747 | BB7: 859 | BC7: 996 | BD7: 1140 | BE7: 1256 | BF7: 1292 | BG7: 1371 | BH7: 1337 | BI7: 1268 | BJ7: 1198 | BK7: 1044 | BL7: 938 | BM7: 882 | BN7: 823 | BO7: 851 | BP7: 886 | BQ7: 953 | BR7: 1074 | BS7: 1181 | BT7: 1209 | BU7: 1418 | BV7: 1581 | BW7: 1746 | BX7: 1655 | BY7: 1601 | BZ7: 1568 | CA7: 1544 | CB7: 1263 | CC7: 1205 | CD7: 1097 | CE7: 787 | CF7: 641 | CG7: 630 | CH7: 608 | CI7: 767 | CJ7: 850 | CK7: 908 | CL7: 1030 | CM7: 1053 | CN7: 1100 | CO7: 1155 | CP7: 1202 | CQ7: 1252 | CR7: 1356 | CS7: 1564
A8: 46241 | B8: 1867 | C8: 2439 | D8: 3081 | E8: 4004 | F8: 4747 | G8: 5200 | H8: 5788 | I8: 5916 | J8: 6334 | K8: 6566 | L8: 6941 | M8: 6992 | N8: 7184 | O8: 7473 | P8: 8091 | Q8: 8779 | R8: 9404 | S8: 9813 | T8: 10200 | U8: 10588 | V8: 10868 | W8: 11171 | X8: 11071 | Y8: 10968 | Z8: 11109 | AA8: 11266 | AB8: 11392 | AC8: 11225 | AD8: 11366 | AE8: 10962 | AF8: 10927 | AG8: 11057 | AH8: 11566 | AI8: 11295 | AJ8: 10741 | AK8: 10435 | AL8: 10436 | AM8: 10207 | AN8: 9891 | AO8: 9927 | AP8: 9521 | AQ8: 9544 | AR8: 9756 | AS8: 9998 | AT8: 10381 | AU8: 10138 | AV8: 9904 | AW8: 9969 | AX8: 10445 | AY8: 10396 | AZ8: 10558 | BA8: 10746 | BB8: 10205 | BC8: 10012 | BD8: 9673 | BE8: 9294 | BF8: 9072 | BG8: 8969 | BH8: 8729 | BI8: 8583 | BJ8: 9091 | BK8: 9501 | BL8: 9796 | BM8: 9978 | BN8: 10914 | BO8: 11437 | BP8: 11882 | BQ8: 12469 | BR8: 12625 | BS8: 12884 | BT8: 13148 | BU8: 13118 | BV8: 13007 | BW8: 12795 | BX8: 12679 | BY8: 12782 | BZ8: 13050 | CA8: 13422 | CB8: 13762 | CC8: 14170 | CD8: 14157 | CE8: 14106 | CF8: 14213 | CG8: 14298 | CH8: 14318 | CI8: 14207 | CJ8: 14091 | CK8: 13855 | CL8: 13933 | CM8: 13962 | CN8: 13862 | CO8: 13811 | CP8: 14054 | CQ8: 14012 | CR8: 13954 | CS8: 13833
A9: 46242 | B9: 13531 | C9: 13350 | D9: 12940 | E9: 12897 | F9: 13082 | G9: 13281 | H9: 13477 | I9: 13501 | J9: 13518 | K9: 13512 | L9: 13432 | M9: 13270 | N9: 13072 | O9: 12937 | P9: 12726 | Q9: 12666 | R9: 12765 | S9: 12851 | T9: 12886 | U9: 12861 | V9: 12897 | W9: 12811 | X9: 12540 | Y9: 12053 | Z9: 11494 | AA9: 10904 | AB9: 10492 | AC9: 10170 | AD9: 10147 | AE9: 10231 | AF9: 9647 | AG9: 9546 | AH9: 9753 | AI9: 9416 | AJ9: 8796 | AK9: 8076 | AL9: 7155 | AM9: 6762 | AN9: 6138 | AO9: 5621 | AP9: 5388 | AQ9: 5080 | AR9: 4979 | AS9: 4852 | AT9: 4597 | AU9: 4378 | AV9: 4373 | AW9: 4299 | AX9: 4442 | AY9: 4524 | AZ9: 4762 | BA9: 4866 | BB9: 4759 | BC9: 4954 | BD9: 4878 | BE9: 5123 | BF9: 5359 | BG9: 5414 | BH9: 5623 | BI9: 5907 | BJ9: 6063 | BK9: 6999 | BL9: 6781 | BM9: 7174 | BN9: 7961 | BO9: 8826 | BP9: 8670 | BQ9: 8509 | BR9: 8363 | BS9: 8258 | BT9: 8128 | BU9: 8181 | BV9: 8402 | BW9: 8995 | BX9: 9408 | BY9: 9508 | BZ9: 9470 | CA9: 9573 | CB9: 9538 | CC9: 9608 | CD9: 9667 | CE9: 9690 | CF9: 9827 | CG9: 9898 | CH9: 9854 | CI9: 9865 | CJ9: 9749 | CK9: 9643 | CL9: 9564 | CM9: 9448 | CN9: 9429 | CO9: 9301 | CP9: 9147 | CQ9: 8990 | CR9: 8922 | CS9: 8762
A10: 46243 | B10: 8446 | C10: 8254 | D10: 8031 | E10: 7762 | F10: 7508 | G10: 7232 | H10: 6984 | I10: 6925 | J10: 7080 | K10: 6874 | L10: 6804 | M10: 6727 | N10: 6797 | O10: 6819 | P10: 7066 | Q10: 7318 | R10: 7513 | S10: 7831 | T10: 8078 | U10: 8185 | V10: 8150 | W10: 7956 | X10: 7714 | Y10: 7306 | Z10: 6499 | AA10: 5923 | AB10: 5211 | AC10: 4355 | AD10: 3443 | AE10: 2854 | AF10: 2809 | AG10: 2495 | AH10: 2374 | AI10: 2298 | AJ10: 2111 | AK10: 1985 | AL10: 1808 | AM10: 1662 | AN10: 1455 | AO10: 1421 | AP10: 1406 | AQ10: 1360 | AR10: 1330 | AS10: 1195 | AT10: 1048 | AU10: 919 | AV10: 831 | AW10: 662 | AX10: 507 | AY10: 432 | AZ10: 386 | BA10: 353 | BB10: 286 | BC10: 284 | BD10: 267 | BE10: 229 | BF10: 168 | BG10: 189 | BH10: 193 | BI10: 176 | BJ10: 168 | BK10: 174 | BL10: 185 | BM10: 176 | BN10: 186 | BO10: 169 | BP10: 238 | BQ10: 312 | BR10: 303 | BS10: 324 | BT10: 334 | BU10: 366 | BV10: 462 | BW10: 586 | BX10: 733 | BY10: 864 | BZ10: 969 | CA10: 1059 | CB10: 1108 | CC10: 1178 | CD10: 1229 | CE10: 1267 | CF10: 1301 | CG10: 1337 | CH10: 1362 | CI10: 1392 | CJ10: 1373 | CK10: 1310 | CL10: 1281 | CM10: 1251 | CN10: 1249 | CO10: 1238 | CP10: 1178 | CQ10: 1160 | CR10: 1163 | CS10: 1198
A11: 46244 | B11: 1215 | C11: 1320 | D11: 1403 | E11: 1471 | F11: 1502 | G11: 1650 | H11: 1707 | I11: 1797 | J11: 1989 | K11: 2190 | L11: 2367 | M11: 2438 | N11: 2460 | O11: 2535 | P11: 2653 | Q11: 2811 | R11: 3116 | S11: 3330 | T11: 3616 | U11: 3800 | V11: 3778 | W11: 3817 | X11: 3821 | Y11: 3844 | Z11: 3773 | AA11: 3806 | AB11: 3789 | AC11: 3625 | AD11: 3426 | AE11: 3362 | AF11: 3233 | AG11: 3174 | AH11: 3234 | AI11: 3392 | AJ11: 3672 | AK11: 3977 | AL11: 4426 | AM11: 4738 | AN11: 5248 | AO11: 5733 | AP11: 6251 | AQ11: 6731 | AR11: 7063 | AS11: 7583 | AT11: 7879 | AU11: 7395 | AV11: 7582 | AW11: 8485 | AX11: 9055 | AY11: 9002 | AZ11: 8890 | BA11: 8341 | BB11: 7776 | BC11: 7226 | BD11: 7102 | BE11: 6982 | BF11: 6780 | BG11: 7109 | BH11: 7409 | BI11: 7457 | BJ11: 8107 | BK11: 8887 | BL11: 9754 | BM11: 9898 | BN11: 9980 | BO11: 9775 | BP11: 9568 | BQ11: 9515 | BR11: 9228 | BS11: 9065 | BT11: 8859 | BU11: 8445 | BV11: 8115 | BW11: 7927 | BX11: 7946 | BY11: 8091 | BZ11: 8220 | CA11: 8327 | CB11: 8488 | CC11: 8712 | CD11: 8916 | CE11: 8995 | CF11: 9002 | CG11: 9018 | CH11: 8801 | CI11: 8716 | CJ11: 8750 | CK11: 8808 | CL11: 8979 | CM11: 9207 | CN11: 9261 | CO11: 9334 | CP11: 9283 | CQ11: 9411 | CR11: 9620 | CS11: 9775
A12: 46245 | B12: 9869 | C12: 9883 | D12: 9814 | E12: 9849 | F12: 9904 | G12: 9921 | H12: 9909 | I12: 9893 | J12: 9916 | K12: 9856 | L12: 9851 | M12: 9902 | N12: 9976 | O12: 9914 | P12: 9943 | Q12: 9984 | R12: 9872 | S12: 9767 | T12: 9572 | U12: 9492 | V12: 9439 | W12: 9265 | X12: 9205 | Y12: 8998 | Z12: 8771 | AA12: 8644 | AB12: 8497 | AC12: 8320 | AD12: 8134 | AE12: 8035 | AF12: 8172 | AG12: 8523 | AH12: 8562 | AI12: 8678 | AJ12: 8753 | AK12: 8862 | AL12: 9082 | AM12: 9017 | AN12: 9046 | AO12: 9132 | AP12: 9107 | AQ12: 9218 | AR12: 9279 | AS12: 9380 | AT12: 9382 | AU12: 9589 | AV12: 9484 | AW12: 9515 | AX12: 9604 | AY12: 9634 | AZ12: 9547 | BA12: 9718 | BB12: 9574 | BC12: 9693 | BD12: 9698 | BE12: 9823 | BF12: 9877 | BG12: 9911 | BH12: 9933 | BI12: 9841 | BJ12: 9759 | BK12: 9734 | BL12: 9425 | BM12: 9273 | BN12: 9122 | BO12: 9077 | BP12: 8955 | BQ12: 8651 | BR12: 8225 | BS12: 7974 | BT12: 7620 | BU12: 7193 | BV12: 6869 | BW12: 6624 | BX12: 6447 | BY12: 6383 | BZ12: 6298 | CA12: 6240 | CB12: 6212 | CC12: 6260 | CD12: 6260 | CE12: 6270 | CF12: 6269 | CG12: 6170 | CH12: 6084 | CI12: 5938 | CJ12: 5873 | CK12: 5878 | CL12: 5836 | CM12: 5880 | CN12: 5861 | CO12: 5850 | CP12: 5746 | CQ12: 5705 | CR12: 5634 | CS12: 5626
A13: 46246 | B13: 5514 | C13: 5419 | D13: 5442 | E13: 5390 | F13: 5399 | G13: 5464 | H13: 5577 | I13: 5564 | J13: 5568 | K13: 5510 | L13: 5330 | M13: 5237 | N13: 5170 | O13: 5098 | P13: 4997 | Q13: 5008 | R13: 4923 | S13: 4850 | T13: 4749 | U13: 4685 | V13: 4526 | W13: 4424 | X13: 4311 | Y13: 4054 | Z13: 3717 | AA13: 3296 | AB13: 2934 | AC13: 2619 | AD13: 2347 | AE13: 2156 | AF13: 2057 | AG13: 2156 | AH13: 2301 | AI13: 2380 | AJ13: 2489 | AK13: 2605 | AL13: 2777 | AM13: 2887 | AN13: 3119 | AO13: 3310 | AP13: 3379 | AQ13: 3346 | AR13: 3302 | AS13: 3239 | AT13: 3138 | AU13: 3078 | AV13: 2929 | AW13: 2760 | AX13: 2797 | AY13: 2787 | AZ13: 2875 | BA13: 2974 | BB13: 3197 | BC13: 3385 | BD13: 3499 | BE13: 3505 | BF13: 3545 | BG13: 3399 | BH13: 3359 | BI13: 3421 | BJ13: 3605 | BK13: 3463 | BL13: 3340 | BM13: 3182 | BN13: 3216 | BO13: 3354 | BP13: 3414 | BQ13: 3437 | BR13: 3548 | BS13: 3491 | BT13: 3513 | BU13: 3373 | BV13: 3196 | BW13: 3183 | BX13: 3221 | BY13: 3347 | BZ13: 3366 | CA13: 3451 | CB13: 3658 | CC13: 3815 | CD13: 4023 | CE13: 4148 | CF13: 4051 | CG13: 3960 | CH13: 3915 | CI13: 3894 | CJ13: 3879 | CK13: 3958 | CL13: 3914 | CM13: 3865 | CN13: 3822 | CO13: 3776 | CP13: 3841 | CQ13: 3872 | CR13: 3850 | CS13: 3768
... A32: 46265 | B32: 3925 | C32: 3970 | D32: 3932 | E32: 3784 | F32: 3605 | G32: 3646 | H32: 3691 | I32: 3764 | J32: 3903 | K32: 3976 | L32: 4066 | M32: 4197 | N32: 4388 | O32: 4551 | P32: 4657 | Q32: 4787 | R32: 5031 | S32: 5290 | T32: 5515 | U32: 5813 | V32: 6002 | W32: 6111 | X32: 6096 | Y32: 5946 | Z32: 5688 | AA32: 5312 | AB32: 4789 | AC32: 4309 | AD32: 3888 | AE32: 3665 | AF32: 3467 | AG32: 3405 | AH32: 3407 | AI32: 3486 | AJ32: 3471 | AK32: 3402 | AL32: 3463 | AM32: 3571 | AN32: 3776 | AO32: 3956 | AP32: 4127 | AQ32: 4399 | AR32: 4544 | AS32: 4555 | AT32: 4613 | AU32: 4951 | AV32: 4919 | AW32: 4997 | AX32: 4986 | AY32: 5081 | AZ32: 4949 | BA32: 4985 | BB32: 5036 | BC32: 4907 | BD32: 4902 | BE32: 4868 | BF32: 4864 | BG32: 4824 | BH32: 4912 | BI32: 4935 | BJ32: 4827 | BK32: 4977 | BL32: 4985 | BM32: 5123 | BN32: 5255 | BO32: 5413 | BP32: 5599 | BQ32: 5612 | BR32: 5550 | BS32: 5621 | BT32: 5577 | BU32: 5579 | BV32: 5760 | BW32: 6117 | BX32: 6528 | BY32: 6914 | BZ32: 7260 | CA32: 7396 | CB32: 7513 | CC32: 7558 | CD32: 7517 | CE32: 7412 | CF32: 7284 | CG32: 7131 | CH32: 7120 | CI32: 7089 | CJ32: 7004 | CK32: 6747 | CL32: 6500 | CM32: 6172 | CN32: 5824 | CO32: 5509 | CP32: 5219 | CQ32: 4996 | CR32: 4822 | CS32: 4674

Sheet 光伏
A1: 日期 | B1: 0.010416667 | C1: 0.020833333 | D1: 0.03125 | E1: 0.041666667 | F1: 0.052083333 | G1: 0.0625 | H1: 0.072916667 | I1: 0.083333333 | J1: 0.09375 | K1: 0.10416667 | L1: 0.11458333 | M1: 0.125 | N1: 0.13541667 | O1: 0.14583333 | P1: 0.15625 | Q1: 0.16666667 | R1: 0.17708333 | S1: 0.1875 | T1: 0.19791667 | U1: 0.20833333 | V1: 0.21875 | W1: 0.22916667 | X1: 0.23958333 | Y1: 0.25 | Z1: 0.26041667 | AA1: 0.27083333 | AB1: 0.28125 | AC1: 0.29166667 | AD1: 0.30208333 | AE1: 0.3125 | AF1: 0.32291667 | AG1: 0.33333333 | AH1: 0.34375 | AI1: 0.35416667 | AJ1: 0.36458333 | AK1: 0.375 | AL1: 0.38541667 | AM1: 0.39583333 | AN1: 0.40625 | AO1: 0.41666667 | AP1: 0.42708333 | AQ1: 0.4375 | AR1: 0.44791667 | AS1: 0.45833333 | AT1: 0.46875 | AU1: 0.47916667 | AV1: 0.48958333 | AW1: 0.5 | AX1: 0.51041667 | AY1: 0.52083333 | AZ1: 0.53125 | BA1: 0.54166667 | BB1: 0.55208333 | BC1: 0.5625 | BD1: 0.57291667 | BE1: 0.58333333 | BF1: 0.59375 | BG1: 0.60416667 | BH1: 0.61458333 | BI1: 0.625 | BJ1: 0.63541667 | BK1: 0.64583333 | BL1: 0.65625 | BM1: 0.66666667 | BN1: 0.67708333 | BO1: 0.6875 | BP1: 0.69791667 | BQ1: 0.70833333 | BR1: 0.71875 | BS1: 0.72916667 | BT1: 0.73958333 | BU1: 0.75 | BV1: 0.76041667 | BW1: 0.77083333 | BX1: 0.78125 | BY1: 0.79166667 | BZ1: 0.80208333 | CA1: 0.8125 | CB1: 0.82291667 | CC1: 0.83333333 | CD1: 0.84375 | CE1: 0.85416667 | CF1: 0.86458333 | CG1: 0.875 | CH1: 0.88541667 | CI1: 0.89583333 | CJ1: 0.90625 | CK1: 0.91666667 | CL1: 0.92708333 | CM1: 0.9375 | CN1: 0.94791667 | CO1: 0.95833333 | CP1: 0.96875 | CQ1: 0.97916667 | CR1: 0.98958333 | CS1: 1
A2: 46235 | B2: 0 | C2: 0 | D2: 0 | E2: 0 | F2: 0 | G2: 0 | H2: 0 | I2: 0 | J2: 0 | K2: 0 | L2: 0 | M2: 0 | N2: 0 | O2: 0 | P2: 0 | Q2: 0 | R2: 77 | S2: 77 | T2: 77 | U2: 113 | V2: 234 | W2: 428 | X2: 664 | Y2: 892 | Z2: 1231 | AA2: 1690 | AB2: 2083 | AC2: 2587 | AD2: 3098 | AE2: 3732 | AF2: 4310 | AG2: 4802 | AH2: 5280 | AI2: 5631 | AJ2: 6262 | AK2: 6452 | AL2: 7021 | AM2: 7360 | AN2: 7655 | AO2: 7304 | AP2: 7671 | AQ2: 8258 | AR2: 8199 | AS2: 7821 | AT2: 7953 | AU2: 8534 | AV2: 8664 | AW2: 8466 | AX2: 8397 | AY2: 8455 | AZ2: 8800 | BA2: 8465 | BB2: 8160 | BC2: 7921 | BD2: 7647 | BE2: 7355 | BF2: 6924 | BG2: 6372 | BH2: 6073 | BI2: 5556 | BJ2: 4826 | BK2: 4376 | BL2: 3993 | BM2: 3406 | BN2: 2995 | BO2: 2586 | BP2: 2255 | BQ2: 1833 | BR2: 1307 | BS2: 961 | BT2: 715 | BU2: 501 | BV2: 357 | BW2: 270 | BX2: 170 | BY2: 101 | BZ2: 79 | CA2: 82 | CB2: 81 | CC2: 76 | CD2: 0 | CE2: 0 | CF2: 0 | CG2: 0 | CH2: 0 | CI2: 0 | CJ2: 0 | CK2: 0 | CL2: 0 | CM2: 0 | CN2: 0 | CO2: 0 | CP2: 0 | CQ2: 0 | CR2: 0 | CS2: 0
A3: 46236 | B3: 0 | C3: 0 | D3: 0 | E3: 0 | F3: 0 | G3: 0 | H3: 0 | I3: 0 | J3: 0 | K3: 0 | L3: 0 | M3: 0 | N3: 0 | O3: 0 | P3: 0 | Q3: 0 | R3: 75 | S3: 75 | T3: 75 | U3: 86 | V3: 146 | W3: 290 | X3: 468 | Y3: 670 | Z3: 930 | AA3: 1217 | AB3: 1532 | AC3: 2003 | AD3: 2498 | AE3: 2815 | AF3: 3186 | AG3: 3795 | AH3: 4242 | AI3: 4554 | AJ3: 4999 | AK3: 5199 | AL3: 5260 | AM3: 5734 | AN3: 6322 | AO3: 6809 | AP3: 7033 | AQ3: 6982 | AR3: 7486 | AS3: 7600 | AT3: 7773 | AU3: 8277 | AV3: 7851 | AW3: 7772 | AX3: 7915 | AY3: 7759 | AZ3: 7243 | BA3: 7193 | BB3: 6876 | BC3: 6353 | BD3: 6154 | BE3: 6358 | BF3: 5951 | BG3: 5747 | BH3: 5272 | BI3: 5346 | BJ3: 5067 | BK3: 5083 | BL3: 4734 | BM3: 4306 | BN3: 3734 | BO3: 3307 | BP3: 2936 | BQ3: 2305 | BR3: 1815 | BS3: 1546 | BT3: 1188 | BU3: 908 | BV3: 692 | BW3: 464 | BX3: 243 | BY3: 111 | BZ3: 79 | CA3: 77 | CB3: 76 | CC3: 76 | CD3: 0 | CE3: 0 | CF3: 0 | CG3: 0 | CH3: 0 | CI3: 0 | CJ3: 0 | CK3: 0 | CL3: 0 | CM3: 0 | CN3: 0 | CO3: 0 | CP3: 0 | CQ3: 0 | CR3: 0 | CS3: 0
A4: 46237 | B4: 0 | C4: 0 | D4: 0 | E4: 0 | F4: 0 | G4: 0 | H4: 0 | I4: 0 | J4: 0 | K4: 0 | L4: 0 | M4: 0 | N4: 0 | O4: 0 | P4: 0 | Q4: 0 | R4: 75 | S4: 75 | T4: 75 | U4: 102 | V4: 211 | W4: 389 | X4: 599 | Y4: 858 | Z4: 1205 | AA4: 1586 | AB4: 2059 | AC4: 2493 | AD4: 3005 | AE4: 3606 | AF4: 4210 | AG4: 4954 | AH4: 5450 | AI4: 5988 | AJ4: 6459 | AK4: 6960 | AL4: 7293 | AM4: 7552 | AN4: 7921 | AO4: 8353 | AP4: 8517 | AQ4: 8686 | AR4: 8838 | AS4: 8983 | AT4: 8864 | AU4: 8908 | AV4: 9003 | AW4: 9131 | AX4: 8647 | AY4: 8973 | AZ4: 8649 | BA4: 8531 | BB4: 8268 | BC4: 7892 | BD4: 7826 | BE4: 7617 | BF4: 7495 | BG4: 7027 | BH4: 6686 | BI4: 6303 | BJ4: 5772 | BK4: 5247 | BL4: 5004 | BM4: 4541 | BN4: 4099 | BO4: 3578 | BP4: 3199 | BQ4: 2712 | BR4: 2096 | BS4: 1681 | BT4: 1259 | BU4: 897 | BV4: 640 | BW4: 441 | BX4: 274 | BY4: 181 | BZ4: 146 | CA4: 145 | CB4: 143 | CC4: 143 | CD4: 0 | CE4: 0 | CF4: 0 | CG4: 0 | CH4: 0 | CI4: 0 | CJ4: 0 | CK4: 0 | CL4: 0 | CM4: 0 | CN4: 0 | CO4: 0 | CP4: 0 | CQ4: 0 | CR4: 0 | CS4: 0
A5: 46238 | B5: 0 | C5: 0 | D5: 0 | E5: 0 | F5: 0 | G5: 0 | H5: 0 | I5: 0 | J5: 0 | K5: 0 | L5: 0 | M5: 0 | N5: 0 | O5: 0 | P5: 0 | Q5: 0 | R5: 142 | S5: 142 | T5: 143 | U5: 196 | V5: 347 | W5: 476 | X5: 633 | Y5: 808 | Z5: 1145 | AA5: 1516 | AB5: 1913 | AC5: 2451 | AD5: 2940 | AE5: 3717 | AF5: 4449 | AG5: 5030 | AH5: 5760 | AI5: 6260 | AJ5: 6735 | AK5: 7333 | AL5: 7898 | AM5: 8221 | AN5: 8667 | AO5: 8791 | AP5: 8789 | AQ5: 9273 | AR5: 9184 | AS5: 9494 | AT5: 9322 | AU5: 9212 | AV5: 9540 | AW5: 9602 | AX5: 9613 | AY5: 9490 | AZ5: 9362 | BA5: 9090 | BB5: 9061 | BC5: 8577 | BD5: 8487 | BE5: 8052 | BF5: 7665 | BG5: 7246 | BH5: 6922 | BI5: 6919 | BJ5: 6502 | BK5: 5964 | BL5: 5535 | BM5: 4811 | BN5: 4426 | BO5: 3827 | BP5: 3259 | BQ5: 2528 | BR5: 1897 | BS5: 1488 | BT5: 1128 | BU5: 833 | BV5: 605 | BW5: 424 | BX5: 265 | BY5: 190 | BZ5: 169 | CA5: 167 | CB5: 165 | CC5: 165 | CD5: 0 | CE5: 0 | CF5: 0 | CG5: 0 | CH5: 0 | CI5: 0 | CJ5: 0 | CK5: 0 | CL5: 0 | CM5: 0 | CN5: 0 | CO5: 0 | CP5: 0 | CQ5: 0 | CR5: 0 | CS5: 0
A6: 46239 | B6: 0 | C6: 0 | D6: 0 | E6: 0 | F6: 0 | G6: 0 | H6: 0 | I6: 0 | J6: 0 | K6: 0 | L6: 0 | M6: 0 | N6: 0 | O6: 0 | P6: 0 | Q6: 0 | R6: 165 | S6: 165 | T6: 165 | U6: 191 | V6: 297 | W6: 490 | X6: 707 | Y6: 955 | Z6: 1360 | AA6: 1779 | AB6: 2277 | AC6: 2855 | AD6: 3414 | AE6: 4016 | AF6: 4616 | AG6: 5295 | AH6: 5802 | AI6: 6375 | AJ6: 7134 | AK6: 7555 | AL6: 7978 | AM6: 8152 | AN6: 8341 | AO6: 8901 | AP6: 9046 | AQ6: 9323 | AR6: 9452 | AS6: 9702 | AT6: 9635 | AU6: 9612 | AV6: 9744 | AW6: 9626 | AX6: 10014 | AY6: 9782 | AZ6: 9868 | BA6: 9676 | BB6: 9589 | BC6: 9294 | BD6: 9000 | BE6: 8800 | BF6: 8360 | BG6: 8154 | BH6: 7784 | BI6: 7309 | BJ6: 6696 | BK6: 6369 | BL6: 5806 | BM6: 5224 | BN6: 4695 | BO6: 3994 | BP6: 3354 | BQ6: 2716 | BR6: 2002 | BS6: 1518 | BT6: 1111 | BU6: 824 | BV6: 604 | BW6: 415 | BX6: 276 | BY6: 184 | BZ6: 167 | CA6: 167 | CB6: 165 | CC6: 165 | CD6: 0 | CE6: 0 | CF6: 0 | CG6: 0 | CH6: 0 | CI6: 0 | CJ6: 0 | CK6: 0 | CL6: 0 | CM6: 0 | CN6: 0 | CO6: 0 | CP6: 0 | CQ6: 0 | CR6: 0 | CS6: 0
A7: 46240 | B7: 0 | C7: 0 | D7: 0 | E7: 0 | F7: 0 | G7: 0 | H7: 0 | I7: 0 | J7: 0 | K7: 0 | L7: 0 | M7: 0 | N7: 0 | O7: 0 | P7: 0 | Q7: 0 | R7: 160 | S7: 160 | T7: 162 | U7: 200 | V7: 315 | W7: 503 | X7: 710 | Y7: 983 | Z7: 1397 | AA7: 1903 | AB7: 2240 | AC7: 2687 | AD7: 3167 | AE7: 3589 | AF7: 4210 | AG7: 4770 | AH7: 5244 | AI7: 5737 | AJ7: 6224 | AK7: 6746 | AL7: 7047 | AM7: 7828 | AN7: 8042 | AO7: 8291 | AP7: 8663 | AQ7: 8537 | AR7: 9020 | AS7: 9414 | AT7: 9448 | AU7: 9565 | AV7: 9491 | AW7: 9317 | AX7: 9600 | AY7: 9448 | AZ7: 9477 | BA7: 9533 | BB7: 9461 | BC7: 9264 | BD7: 8888 | BE7: 8883 | BF7: 8627 | BG7: 8397 | BH7: 7977 | BI7: 7606 | BJ7: 7072 | BK7: 6529 | BL7: 5833 | BM7: 5311 | BN7: 4628 | BO7: 3936 | BP7: 3261 | BQ7: 2566 | BR7: 1852 | BS7: 1393 | BT7: 1028 | BU7: 730 | BV7: 538 | BW7: 339 | BX7: 207 | BY7: 116 | BZ7: 94 | CA7: 93 | CB7: 92 | CC7: 92 | CD7: 0 | CE7: 0 | CF7: 0 | CG7: 0 | CH7: 0 | CI7: 0 | CJ7: 0 | CK7: 0 | CL7: 0 | CM7: 0 | CN7: 0 | CO7: 0 | CP7: 0 | CQ7: 0 | CR7: 0 | CS7: 0
A8: 46241 | B8: 0 | C8: 0 | D8: 0 | E8: 0 | F8: 0 | G8: 0 | H8: 0 | I8: 0 | J8: 0 | K8: 0 | L8: 0 | M8: 0 | N8: 0 | O8: 0 | P8: 0 | Q8: 0 | R8: 91 | S8: 91 | T8: 91 | U8: 120 | V8: 199 | W8: 345 | X8: 544 | Y8: 805 | Z8: 1156 | AA8: 1566 | AB8: 2047 | AC8: 2577 | AD8: 2924 | AE8: 3368 | AF8: 3756 | AG8: 4182 | AH8: 4737 | AI8: 4871 | AJ8: 5093 | AK8: 5508 | AL8: 5549 | AM8: 5884 | AN8: 5871 | AO8: 5758 | AP8: 5993 | AQ8: 6177 | AR8: 6550 | AS8: 6980 | AT8: 7186 | AU8: 7143 | AV8: 6940 | AW8: 7099 | AX8: 7072 | AY8: 7596 | AZ8: 7514 | BA8: 7216 | BB8: 7235 | BC8: 6915 | BD8: 6813 | BE8: 6285 | BF8: 6115 | BG8: 5901 | BH8: 5340 | BI8: 5154 | BJ8: 4954 | BK8: 4867 | BL8: 4546 | BM8: 4484 | BN8: 4248 | BO8: 3659 | BP8: 3234 | BQ8: 2645 | BR8: 1888 | BS8: 1386 | BT8: 977 | BU8: 716 | BV8: 498 | BW8: 327 | BX8: 189 | BY8: 114 | BZ8: 93 | CA8: 92 | CB8: 91 | CC8: 91 | CD8: 0 | CE8: 0 | CF8: 0 | CG8: 0 | CH8: 0 | CI8: 0 | CJ8: 0 | CK8: 0 | CL8: 0 | CM8: 0 | CN8: 0 | CO8: 0 | CP8: 0 | CQ8: 0 | CR8: 0 | CS8: 0
A9: 46242 | B9: 0 | C9: 0 | D9: 0 | E9: 0 | F9: 0 | G9: 0 | H9: 0 | I9: 0 | J9: 0 | K9: 0 | L9: 0 | M9: 0 | N9: 0 | O9: 0 | P9: 0 | Q9: 0 | R9: 88 | S9: 88 | T9: 91 | U9: 125 | V9: 218 | W9: 381 | X9: 583 | Y9: 826 | Z9: 1304 | AA9: 1857 | AB9: 2519 | AC9: 3222 | AD9: 3991 | AE9: 4692 | AF9: 5221 | AG9: 5750 | AH9: 6205 | AI9: 6396 | AJ9: 6817 | AK9: 7128 | AL9: 7457 | AM9: 7804 | AN9: 7811 | AO9: 7856 | AP9: 8188 | AQ9: 8275 | AR9: 8505 | AS9: 8472 | AT9: 8442 | AU9: 8119 | AV9: 8066 | AW9: 8185 | AX9: 8111 | AY9: 8012 | AZ9: 8283 | BA9: 8466 | BB9: 8304 | BC9: 8218 | BD9: 8331 | BE9: 8299 | BF9: 8143 | BG9: 7829 | BH9: 7512 | BI9: 7215 | BJ9: 6960 | BK9: 6828 | BL9: 6258 | BM9: 5557 | BN9: 4961 | BO9: 4268 | BP9: 3588 | BQ9: 2863 | BR9: 2046 | BS9: 1580 | BT9: 1106 | BU9: 754 | BV9: 504 | BW9: 313 | BX9: 169 | BY9: 112 | BZ9: 98 | CA9: 97 | CB9: 97 | CC9: 97 | CD9: 0 | CE9: 0 | CF9: 0 | CG9: 0 | CH9: 0 | CI9: 0 | CJ9: 0 | CK9: 0 | CL9: 0 | CM9: 0 | CN9: 0 | CO9: 0 | CP9: 0 | CQ9: 0 | CR9: 0 | CS9: 0
A10: 46243 | B10: 0 | C10: 0 | D10: 0 | E10: 0 | F10: 0 | G10: 0 | H10: 0 | I10: 0 | J10: 0 | K10: 0 | L10: 0 | M10: 0 | N10: 0 | O10: 0 | P10: 0 | Q10: 0 | R10: 89 | S10: 88 | T10: 89 | U10: 122 | V10: 205 | W10: 367 | X10: 548 | Y10: 768 | Z10: 1122 | AA10: 1545 | AB10: 2034 | AC10: 2515 | AD10: 3185 | AE10: 3716 | AF10: 4389 | AG10: 5140 | AH10: 5776 | AI10: 6383 | AJ10: 6968 | AK10: 7526 | AL10: 8004 | AM10: 8317 | AN10: 8618 | AO10: 9167 | AP10: 9468 | AQ10: 9507 | AR10: 9670 | AS10: 9813 | AT10: 10241 | AU10: 9928 | AV10: 10303 | AW10: 10115 | AX10: 9686 | AY10: 9689 | AZ10: 9604 | BA10: 9567 | BB10: 9273 | BC10: 9258 | BD10: 9057 | BE10: 8979 | BF10: 8655 | BG10: 8157 | BH10: 7774 | BI10: 7232 | BJ10: 6667 | BK10: 6144 | BL10: 5677 | BM10: 5101 | BN10: 4329 | BO10: 3743 | BP10: 3086 | BQ10: 2483 | BR10: 1858 | BS10: 1436 | BT10: 1065 | BU10: 780 | BV10: 564 | BW10: 388 | BX10: 235 | BY10: 151 | BZ10: 95 | CA10: 93 | CB10: 93 | CC10: 92 | CD10: 0 | CE10: 0 | CF10: 0 | CG10: 0 | CH10: 0 | CI10: 0 | CJ10: 0 | CK10: 0 | CL10: 0 | CM10: 0 | CN10: 0 | CO10: 0 | CP10: 0 | CQ10: 0 | CR10: 0 | CS10: 0
A11: 46244 | B11: 0 | C11: 0 | D11: 0 | E11: 0 | F11: 0 | G11: 0 | H11: 0 | I11: 0 | J11: 0 | K11: 0 | L11: 0 | M11: 0 | N11: 0 | O11: 0 | P11: 0 | Q11: 0 | R11: 92 | S11: 92 | T11: 92 | U11: 104 | V11: 175 | W11: 330 | X11: 477 | Y11: 704 | Z11: 1067 | AA11: 1560 | AB11: 1921 | AC11: 2423 | AD11: 2864 | AE11: 3232 | AF11: 3617 | AG11: 4129 | AH11: 4715 | AI11: 5273 | AJ11: 5642 | AK11: 5960 | AL11: 6453 | AM11: 6820 | AN11: 7008 | AO11: 7794 | AP11: 7744 | AQ11: 8112 | AR11: 8232 | AS11: 8134 | AT11: 8459 | AU11: 8513 | AV11: 8483 | AW11: 8697 | AX11: 8764 | AY11: 8989 | AZ11: 8084 | BA11: 8432 | BB11: 8550 | BC11: 8323 | BD11: 8052 | BE11: 7772 | BF11: 7650 | BG11: 6772 | BH11: 6495 | BI11: 6477 | BJ11: 6162 | BK11: 5689 | BL11: 5295 | BM11: 4898 | BN11: 4228 | BO11: 3629 | BP11: 3130 | BQ11: 2540 | BR11: 1843 | BS11: 1385 | BT11: 1005 | BU11: 685 | BV11: 457 | BW11: 265 | BX11: 124 | BY11: 47 | BZ11: 44 | CA11: 43 | CB11: 42 | CC11: 42 | CD11: 0 | CE11: 0 | CF11: 0 | CG11: 0 | CH11: 0 | CI11: 0 | CJ11: 0 | CK11: 0 | CL11: 0 | CM11: 0 | CN11: 0 | CO11: 0 | CP11: 0 | CQ11: 0 | CR11: 0 | CS11: 0
A12: 46245 | B12: 0 | C12: 0 | D12: 0 | E12: 0 | F12: 0 | G12: 0 | H12: 0 | I12: 0 | J12: 0 | K12: 0 | L12: 0 | M12: 0 | N12: 0 | O12: 0 | P12: 0 | Q12: 0 | R12: 42 | S12: 42 | T12: 42 | U12: 67 | V12: 121 | W12: 264 | X12: 485 | Y12: 742 | Z12: 1139 | AA12: 1585 | AB12: 2032 | AC12: 2607 | AD12: 3142 | AE12: 3821 | AF12: 4393 | AG12: 5016 | AH12: 5535 | AI12: 6144 | AJ12: 6565 | AK12: 7115 | AL12: 7539 | AM12: 7805 | AN12: 8018 | AO12: 8373 | AP12: 8462 | AQ12: 8938 | AR12: 8734 | AS12: 9311 | AT12: 9367 | AU12: 9441 | AV12: 9339 | AW12: 9198 | AX12: 9092 | AY12: 8708 | AZ12: 8972 | BA12: 9080 | BB12: 8918 | BC12: 8698 | BD12: 8536 | BE12: 8505 | BF12: 8071 | BG12: 7934 | BH12: 7604 | BI12: 6966 | BJ12: 6461 | BK12: 6219 | BL12: 5644 | BM12: 5092 | BN12: 4555 | BO12: 3826 | BP12: 3218 | BQ12: 2629 | BR12: 1841 | BS12: 1332 | BT12: 936 | BU12: 653 | BV12: 434 | BW12: 252 | BX12: 122 | BY12: 53 | BZ12: 51 | CA12: 51 | CB12: 44 | CC12: 50 | CD12: 0 | CE12: 0 | CF12: 0 | CG12: 0 | CH12: 0 | CI12: 0 | CJ12: 0 | CK12: 0 | CL12: 0 | CM12: 0 | CN12: 0 | CO12: 0 | CP12: 0 | CQ12: 0 | CR12: 0 | CS12: 0
A13: 46246 | B13: 0 | C13: 0 | D13: 0 | E13: 0 | F13: 0 | G13: 0 | H13: 0 | I13: 0 | J13: 0 | K13: 0 | L13: 0 | M13: 0 | N13: 0 | O13: 0 | P13: 0 | Q13: 0 | R13: 44 | S13: 44 | T13: 44 | U13: 73 | V13: 163 | W13: 339 | X13: 568 | Y13: 828 | Z13: 1168 | AA13: 1562 | AB13: 1975 | AC13: 2558 | AD13: 3200 | AE13: 3732 | AF13: 4112 | AG13: 4685 | AH13: 5147 | AI13: 5688 | AJ13: 6252 | AK13: 6764 | AL13: 7132 | AM13: 7122 | AN13: 7583 | AO13: 7852 | AP13: 7997 | AQ13: 8550 | AR13: 8620 | AS13: 8658 | AT13: 8818 | AU13: 8857 | AV13: 9260 | AW13: 9138 | AX13: 8685 | AY13: 8797 | AZ13: 8472 | BA13: 8288 | BB13: 8174 | BC13: 8009 | BD13: 7680 | BE13: 7328 | BF13: 6923 | BG13: 6008 | BH13: 5278 | BI13: 5014 | BJ13: 4763 | BK13: 4397 | BL13: 3692 | BM13: 3496 | BN13: 2914 | BO13: 2239 | BP13: 1919 | BQ13: 1512 | BR13: 1003 | BS13: 789 | BT13: 596 | BU13: 436 | BV13: 276 | BW13: 135 | BX13: 79 | BY13: 47 | BZ13: 46 | CA13: 45 | CB13: 45 | CC13: 45 | CD13: 0 | CE13: 0 | CF13: 0 | CG13: 0 | CH13: 0 | CI13: 0 | CJ13: 0 | CK13: 0 | CL13: 0 | CM13: 0 | CN13: 0 | CO13: 0 | CP13: 0 | CQ13: 0 | CR13: 0 | CS13: 0
... A32: 46265 | B32: 0 | C32: 0 | D32: 0 | E32: 0 | F32: 0 | G32: 0 | H32: 0 | I32: 0 | J32: 0 | K32: 0 | L32: 0 | M32: 0 | N32: 0 | O32: 0 | P32: 0 | Q32: 0 | R32: 44 | S32: 44 | T32: 44 | U32: 44 | V32: 48 | W32: 96 | X32: 263 | Y32: 464 | Z32: 854 | AA32: 1267 | AB32: 1847 | AC32: 2511 | AD32: 3243 | AE32: 3957 | AF32: 4698 | AG32: 5334 | AH32: 5992 | AI32: 6660 | AJ32: 7250 | AK32: 7863 | AL32: 8360 | AM32: 8967 | AN32: 9282 | AO32: 9491 | AP32: 9724 | AQ32: 9812 | AR32: 10007 | AS32: 9923 | AT32: 9713 | AU32: 9599 | AV32: 9297 | AW32: 8848 | AX32: 9149 | AY32: 8940 | AZ32: 8872 | BA32: 8678 | BB32: 8564 | BC32: 8649 | BD32: 8438 | BE32: 7900 | BF32: 7589 | BG32: 7395 | BH32: 6079 | BI32: 5773 | BJ32: 5775 | BK32: 5278 | BL32: 4657 | BM32: 4241 | BN32: 3923 | BO32: 3262 | BP32: 2622 | BQ32: 2072 | BR32: 1396 | BS32: 904 | BT32: 559 | BU32: 322 | BV32: 136 | BW32: 53 | BX32: 44 | BY32: 43 | BZ32: 42 | CA32: 43 | CB32: 42 | CC32: 43 | CD32: 0 | CE32: 0 | CF32: 0 | CG32: 0 | CH32: 0 | CI32: 0 | CJ32: 0 | CK32: 0 | CL32: 0 | CM32: 0 | CN32: 0 | CO32: 0 | CP32: 0 | CQ32: 0 | CR32: 0 | CS32: 0

Sheet 联络线
A1: 日期 | B1: 0.010416667 | C1: 0.020833333 | D1: 0.03125 | E1: 0.041666667 | F1: 0.052083333 | G1: 0.0625 | H1: 0.072916667 | I1: 0.083333333 | J1: 0.09375 | K1: 0.10416667 | L1: 0.11458333 | M1: 0.125 | N1: 0.13541667 | O1: 0.14583333 | P1: 0.15625 | Q1: 0.16666667 | R1: 0.17708333 | S1: 0.1875 | T1: 0.19791667 | U1: 0.20833333 | V1: 0.21875 | W1: 0.22916667 | X1: 0.23958333 | Y1: 0.25 | Z1: 0.26041667 | AA1: 0.27083333 | AB1: 0.28125 | AC1: 0.29166667 | AD1: 0.30208333 | AE1: 0.3125 | AF1: 0.32291667 | AG1: 0.33333333 | AH1: 0.34375 | AI1: 0.35416667 | AJ1: 0.36458333 | AK1: 0.375 | AL1: 0.38541667 | AM1: 0.39583333 | AN1: 0.40625 | AO1: 0.41666667 | AP1: 0.42708333 | AQ1: 0.4375 | AR1: 0.44791667 | AS1: 0.45833333 | AT1: 0.46875 | AU1: 0.47916667 | AV1: 0.48958333 | AW1: 0.5 | AX1: 0.51041667 | AY1: 0.52083333 | AZ1: 0.53125 | BA1: 0.54166667 | BB1: 0.55208333 | BC1: 0.5625 | BD1: 0.57291667 | BE1: 0.58333333 | BF1: 0.59375 | BG1: 0.60416667 | BH1: 0.61458333 | BI1: 0.625 | BJ1: 0.63541667 | BK1: 0.64583333 | BL1: 0.65625 | BM1: 0.66666667 | BN1: 0.67708333 | BO1: 0.6875 | BP1: 0.69791667 | BQ1: 0.70833333 | BR1: 0.71875 | BS1: 0.72916667 | BT1: 0.73958333 | BU1: 0.75 | BV1: 0.76041667 | BW1: 0.77083333 | BX1: 0.78125 | BY1: 0.79166667 | BZ1: 0.80208333 | CA1: 0.8125 | CB1: 0.82291667 | CC1: 0.83333333 | CD1: 0.84375 | CE1: 0.85416667 | CF1: 0.86458333 | CG1: 0.875 | CH1: 0.88541667 | CI1: 0.89583333 | CJ1: 0.90625 | CK1: 0.91666667 | CL1: 0.92708333 | CM1: 0.9375 | CN1: 0.94791667 | CO1: 0.95833333 | CP1: 0.96875 | CQ1: 0.97916667 | CR1: 0.98958333 | CS1: 1
A2: 46235 | B2: 2101 | C2: 730 | D2: 527 | E2: 62 | F2: -733 | G2: -917 | H2: -958 | I2: -883 | J2: -950 | K2: -949 | L2: -1041 | M2: -1095 | N2: -1796 | O2: -1477 | P2: -1610 | Q2: -1709 | R2: -1923 | S2: -1883 | T2: -1652 | U2: -1204 | V2: -666 | W2: -578 | X2: -514 | Y2: 124 | Z2: -459 | AA2: 219 | AB2: 1316 | AC2: 1628 | AD2: 1951 | AE2: 2097 | AF2: 2266 | AG2: 2896 | AH2: 3634 | AI2: 3916 | AJ2: 4160 | AK2: 4565 | AL2: 5319 | AM2: 5729 | AN2: 5897 | AO2: 6139 | AP2: 5922 | AQ2: 6019 | AR2: 5992 | AS2: 6216 | AT2: 6966 | AU2: 6516 | AV2: 6668 | AW2: 6912 | AX2: 7761 | AY2: 7990 | AZ2: 8357 | BA2: 8761 | BB2: 9058 | BC2: 8531 | BD2: 8680 | BE2: 8517 | BF2: 8541 | BG2: 8664 | BH2: 8498 | BI2: 8271 | BJ2: 8281 | BK2: 8193 | BL2: 8683 | BM2: 8701 | BN2: 8067 | BO2: 7977 | BP2: 8086 | BQ2: 8297 | BR2: 7945 | BS2: 7724 | BT2: 7915 | BU2: 7893 | BV2: 7712 | BW2: 7653 | BX2: 7661 | BY2: 7469 | BZ2: 7532 | CA2: 7210 | CB2: 7092 | CC2: 7105 | CD2: 6886 | CE2: 6549 | CF2: 6301 | CG2: 5809 | CH2: 5769 | CI2: 5985 | CJ2: 5827 | CK2: 5924 | CL2: 5731 | CM2: 5268 | CN2: 5220 | CO2: 5387 | CP2: 5376 | CQ2: 5399 | CR2: 5401 | CS2: 5003
A3: 46236 | B3: 2569 | C3: 1204 | D3: 326 | E3: -233 | F3: -385 | G3: -596 | H3: -836 | I3: -892 | J3: -747 | K3: -1112 | L3: -1045 | M3: -1401 | N3: -1603 | O3: -1598 | P3: -1444 | Q3: -1466 | R3: -1171 | S3: -716 | T3: -187 | U3: 432 | V3: 846 | W3: 1572 | X3: 1692 | Y3: 1743 | Z3: 1481 | AA3: 1339 | AB3: 1658 | AC3: 1948 | AD3: 3206 | AE3: 3748 | AF3: 4120 | AG3: 4193 | AH3: 4264 | AI3: 4523 | AJ3: 5763 | AK3: 6335 | AL3: 6029 | AM3: 6490 | AN3: 6323 | AO3: 7225 | AP3: 8072 | AQ3: 7916 | AR3: 7550 | AS3: 7621 | AT3: 7050 | AU3: 7158 | AV3: 6895 | AW3: 6880 | AX3: 6822 | AY3: 7136 | AZ3: 7269 | BA3: 7589 | BB3: 7216 | BC3: 7247 | BD3: 7526 | BE3: 7376 | BF3: 7197 | BG3: 7397 | BH3: 7827 | BI3: 8347 | BJ3: 8725 | BK3: 8941 | BL3: 8932 | BM3: 8335 | BN3: 8229 | BO3: 8078 | BP3: 8231 | BQ3: 8661 | BR3: 8578 | BS3: 8575 | BT3: 8352 | BU3: 8464 | BV3: 8242 | BW3: 8598 | BX3: 8410 | BY3: 8961 | BZ3: 8509 | CA3: 8174 | CB3: 8088 | CC3: 8045 | CD3: 8201 | CE3: 8016 | CF3: 7996 | CG3: 7904 | CH3: 6757 | CI3: 5647 | CJ3: 5437 | CK3: 4989 | CL3: 5552 | CM3: 5177 | CN3: 4187 | CO3: 3612 | CP3: 3648 | CQ3: 3722 | CR3: 4001 | CS3: 3760
A4: 46237 | B4: 2877 | C4: 2157 | D4: 1429 | E4: 1125 | F4: 884 | G4: 698 | H4: 380 | I4: 567 | J4: 767 | K4: 816 | L4: 1051 | M4: 1068 | N4: 899 | O4: 886 | P4: 704 | Q4: 746 | R4: 504 | S4: 371 | T4: 13 | U4: 109 | V4: 1342 | W4: 1949 | X4: 2072 | Y4: 2782 | Z4: 2287 | AA4: 2317 | AB4: 2860 | AC4: 3231 | AD4: 3990 | AE4: 4263 | AF4: 4435 | AG4: 4889 | AH4: 4527 | AI4: 5047 | AJ4: 5370 | AK4: 5493 | AL4: 5209 | AM4: 5265 | AN4: 5919 | AO4: 6194 | AP4: 5695 | AQ4: 5278 | AR4: 5276 | AS4: 5479 | AT4: 6206 | AU4: 5931 | AV4: 5221 | AW4: 4718 | AX4: 5075 | AY4: 5451 | AZ4: 4670 | BA4: 4493 | BB4: 5530 | BC4: 5680 | BD4: 5100 | BE4: 5034 | BF4: 5703 | BG4: 5859 | BH4: 5081 | BI4: 4959 | BJ4: 5967 | BK4: 5677 | BL4: 4881 | BM4: 4741 | BN4: 5698 | BO4: 4654 | BP4: 4805 | BQ4: 4793 | BR4: 4042 | BS4: 3796 | BT4: 3969 | BU4: 4376 | BV4: 3723 | BW4: 3328 | BX4: 3599 | BY4: 3586 | BZ4: 3787 | CA4: 3733 | CB4: 4082 | CC4: 3925 | CD4: 4863 | CE4: 4432 | CF4: 3702 | CG4: 4131 | CH4: 5558 | CI4: 5107 | CJ4: 4885 | CK4: 4745 | CL4: 4681 | CM4: 4515 | CN4: 4340 | CO4: 3543 | CP4: 4012 | CQ4: 4309 | CR4: 3716 | CS4: 3342
A5: 46238 | B5: 2762 | C5: 2029 | D5: 2293 | E5: 1710 | F5: 1395 | G5: 568 | H5: 759 | I5: 1214 | J5: 745 | K5: 713 | L5: 815 | M5: 907 | N5: 962 | O5: 1233 | P5: 969 | Q5: 1036 | R5: 1419 | S5: 1391 | T5: 1637 | U5: 1542 | V5: 2139 | W5: 2670 | X5: 3396 | Y5: 3753 | Z5: 3546 | AA5: 3726 | AB5: 4096 | AC5: 4294 | AD5: 4920 | AE5: 5087 | AF5: 5424 | AG5: 5638 | AH5: 5841 | AI5: 6230 | AJ5: 6568 | AK5: 6931 | AL5: 6840 | AM5: 6858 | AN5: 7047 | AO5: 7133 | AP5: 6552 | AQ5: 6383 | AR5: 6330 | AS5: 6446 | AT5: 6489 | AU5: 6413 | AV5: 6081 | AW5: 6130 | AX5: 6394 | AY5: 6661 | AZ5: 7147 | BA5: 7119 | BB5: 6767 | BC5: 6412 | BD5: 7087 | BE5: 7568 | BF5: 7235 | BG5: 6784 | BH5: 6970 | BI5: 6682 | BJ5: 7026 | BK5: 7393 | BL5: 7316 | BM5: 7599 | BN5: 7233 | BO5: 7357 | BP5: 7505 | BQ5: 7248 | BR5: 6749 | BS5: 6639 | BT5: 6523 | BU5: 6891 | BV5: 6807 | BW5: 6783 | BX5: 7301 | BY5: 7464 | BZ5: 7488 | CA5: 7732 | CB5: 7972 | CC5: 7975 | CD5: 8241 | CE5: 7969 | CF5: 7617 | CG5: 6957 | CH5: 6596 | CI5: 5767 | CJ5: 5084 | CK5: 4397 | CL5: 5091 | CM5: 4781 | CN5: 4253 | CO5: 4347 | CP5: 4168 | CQ5: 4000 | CR5: 3988 | CS5: 3312
A6: 46239 | B6: 1416 | C6: 747 | D6: 55 | E6: -136 | F6: -944 | G6: -1319 | H6: -1279 | I6: -1168 | J6: -1035 | K6: -1142 | L6: -1133 | M6: -1217 | N6: -1418 | O6: -1339 | P6: -1365 | Q6: -1425 | R6: -793 | S6: -391 | T6: -248 | U6: 421 | V6: 1436 | W6: 1564 | X6: 1789 | Y6: 2749 | Z6: 3214 | AA6: 3513 | AB6: 3567 | AC6: 3631 | AD6: 4321 | AE6: 4703 | AF6: 5178 | AG6: 6066 | AH6: 7172 | AI6: 7557 | AJ6: 8262 | AK6: 7493 | AL6: 7539 | AM6: 7463 | AN6: 7492 | AO6: 7115 | AP6: 7179 | AQ6: 6654 | AR6: 6533 | AS6: 6810 | AT6: 6965 | AU6: 6877 | AV6: 6221 | AW6: 6121 | AX6: 6125 | AY6: 6365 | AZ6: 6256 | BA6: 6546 | BB6: 6849 | BC6: 7113 | BD6: 7030 | BE6: 7006 | BF6: 6788 | BG6: 6900 | BH6: 7266 | BI6: 9335 | BJ6: 10739 | BK6: 11355 | BL6: 11543 | BM6: 11644 | BN6: 12034 | BO6: 11549 | BP6: 10847 | BQ6: 10479 | BR6: 10388 | BS6: 10305 | BT6: 10516 | BU6: 10659 | BV6: 10840 | BW6: 10859 | BX6: 10600 | BY6: 10345 | BZ6: 10492 | CA6: 10247 | CB6: 10304 | CC6: 10159 | CD6: 10200 | CE6: 9727 | CF6: 9392 | CG6: 8544 | CH6: 8023 | CI6: 7936 | CJ6: 7233 | CK6: 7243 | CL6: 7461 | CM6: 6894 | CN6: 6567 | CO6: 6296 | CP6: 5381 | CQ6: 4944 | CR6: 4372 | CS6: 4271
A7: 46240 | B7: 3513 | C7: 2675 | D7: 2212 | E7: 1952 | F7: 2028 | G7: 1666 | H7: 1452 | I7: 1073 | J7: 540 | K7: 535 | L7: 397 | M7: 537 | N7: 477 | O7: 436 | P7: 404 | Q7: 438 | R7: 532 | S7: 704 | T7: 751 | U7: 1028 | V7: 1435 | W7: 1629 | X7: 2090 | Y7: 3477 | Z7: 4320 | AA7: 4918 | AB7: 5057 | AC7: 4706 | AD7: 5496 | AE7: 5701 | AF7: 5684 | AG7: 5331 | AH7: 5715 | AI7: 5962 | AJ7: 6519 | AK7: 7346 | AL7: 7461 | AM7: 7548 | AN7: 8133 | AO7: 8153 | AP7: 8953 | AQ7: 9334 | AR7: 9176 | AS7: 9413 | AT7: 9234 | AU7: 9004 | AV7: 8828 | AW7: 8642 | AX7: 8678 | AY7: 9093 | AZ7: 9028 | BA7: 9327 | BB7: 9215 | BC7: 9302 | BD7: 9168 | BE7: 9273 | BF7: 9063 | BG7: 9073 | BH7: 9445 | BI7: 9418 | BJ7: 10714 | BK7: 10755 | BL7: 10951 | BM7: 10898 | BN7: 11829 | BO7: 12209 | BP7: 12139 | BQ7: 11877 | BR7: 11639 | BS7: 11825 | BT7: 11296 | BU7: 10714 | BV7: 10959 | BW7: 10876 | BX7: 10776 | BY7: 11317 | BZ7: 11061 | CA7: 10925 | CB7: 11220 | CC7: 11251 | CD7: 11096 | CE7: 11035 | CF7: 10510 | CG7: 10129 | CH7: 10217 | CI7: 8706 | CJ7: 8703 | CK7: 8873 | CL7: 9811 | CM7: 9238 | CN7: 8199 | CO7: 7039 | CP7: 6372 | CQ7: 5679 | CR7: 5673 | CS7: 5466
A8: 46241 | B8: 6572 | C8: 6685 | D8: 6571 | E8: 6241 | F8: 5929 | G8: 5422 | H8: 5703 | I8: 5718 | J8: 4293 | K8: 3964 | L8: 3447 | M8: 3377 | N8: 2859 | O8: 2742 | P8: 2759 | Q8: 2704 | R8: 2667 | S8: 2711 | T8: 2841 | U8: 2858 | V8: 3020 | W8: 3174 | X8: 3466 | Y8: 3592 | Z8: 3258 | AA8: 3618 | AB8: 3923 | AC8: 4388 | AD8: 4403 | AE8: 4256 | AF8: 4714 | AG8: 4878 | AH8: 4823 | AI8: 5228 | AJ8: 6082 | AK8: 6319 | AL8: 6797 | AM8: 6984 | AN8: 7164 | AO8: 7112 | AP8: 7465 | AQ8: 7656 | AR8: 7285 | AS8: 6916 | AT8: 6136 | AU8: 6196 | AV8: 6072 | AW8: 5643 | AX8: 5058 | AY8: 5120 | AZ8: 4810 | BA8: 4586 | BB8: 5781 | BC8: 5983 | BD8: 6389 | BE8: 6919 | BF8: 7471 | BG8: 7772 | BH8: 8335 | BI8: 8612 | BJ8: 8344 | BK8: 8169 | BL8: 8003 | BM8: 7973 | BN8: 7179 | BO8: 7006 | BP8: 6675 | BQ8: 6223 | BR8: 5861 | BS8: 5812 | BT8: 5473 | BU8: 6087 | BV8: 5733 | BW8: 5631 | BX8: 5803 | BY8: 5653 | BZ8: 5939 | CA8: 5697 | CB8: 5112 | CC8: 4948 | CD8: 4274 | CE8: 3815 | CF8: 3558 | CG8: 2975 | CH8: 3117 | CI8: 2511 | CJ8: 1760 | CK8: 1325 | CL8: 1875 | CM8: 1318 | CN8: 904 | CO8: 136 | CP8: 135 | CQ8: -82 | CR8: 128 | CS8: -483
A9: 46242 | B9: -930 | C9: -1496 | D9: -2248 | E9: -2551 | F9: -2995 | G9: -3154 | H9: -2926 | I9: -3096 | J9: -3558 | K9: -3529 | L9: -3266 | M9: -3357 | N9: -3527 | O9: -3778 | P9: -3714 | Q9: -3734 | R9: -3271 | S9: -3251 | T9: -3291 | U9: -3360 | V9: -3340 | W9: -2788 | X9: -2162 | Y9: -1564 | Z9: -1547 | AA9: -1368 | AB9: -1241 | AC9: -1265 | AD9: -744 | AE9: -585 | AF9: 25 | AG9: 291 | AH9: 406 | AI9: 645 | AJ9: 1255 | AK9: 1745 | AL9: 2946 | AM9: 3322 | AN9: 4042 | AO9: 4426 | AP9: 4745 | AQ9: 4909 | AR9: 5007 | AS9: 4993 | AT9: 5089 | AU9: 4861 | AV9: 4750 | AW9: 4864 | AX9: 4541 | AY9: 4351 | AZ9: 4488 | BA9: 4434 | BB9: 4901 | BC9: 4749 | BD9: 4866 | BE9: 4512 | BF9: 4548 | BG9: 4695 | BH9: 5000 | BI9: 5058 | BJ9: 5381 | BK9: 4775 | BL9: 5679 | BM9: 5590 | BN9: 5639 | BO9: 5454 | BP9: 5162 | BQ9: 4299 | BR9: 4431 | BS9: 4215 | BT9: 4423 | BU9: 4318 | BV9: 4315 | BW9: 3991 | BX9: 4249 | BY9: 5320 | BZ9: 5976 | CA9: 5937 | CB9: 6039 | CC9: 5651 | CD9: 5587 | CE9: 5365 | CF9: 5314 | CG9: 5336 | CH9: 4744 | CI9: 4992 | CJ9: 4441 | CK9: 4360 | CL9: 4035 | CM9: 3267 | CN9: 2510 | CO9: 1983 | CP9: 1050 | CQ9: 788 | CR9: 944 | CS9: 839
A10: 46243 | B10: 1051 | C10: 692 | D10: 531 | E10: 254 | F10: 295 | G10: -253 | H10: -327 | I10: -444 | J10: -12 | K10: 45 | L10: 55 | M10: 10 | N10: -790 | O10: -755 | P10: -673 | Q10: -788 | R10: -498 | S10: -593 | T10: -507 | U10: -274 | V10: 1281 | W10: 1427 | X10: 1484 | Y10: 1523 | Z10: 1099 | AA10: 1236 | AB10: 1489 | AC10: 1993 | AD10: 3649 | AE10: 3943 | AF10: 4033 | AG10: 4131 | AH10: 4558 | AI10: 5036 | AJ10: 5487 | AK10: 5828 | AL10: 6216 | AM10: 6205 | AN10: 6365 | AO10: 6693 | AP10: 6417 | AQ10: 6862 | AR10: 6815 | AS10: 6808 | AT10: 6946 | AU10: 6544 | AV10: 6524 | AW10: 6642 | AX10: 6691 | AY10: 6765 | AZ10: 6963 | BA10: 7287 | BB10: 8096 | BC10: 8117 | BD10: 8177 | BE10: 8305 | BF10: 7892 | BG10: 7746 | BH10: 8677 | BI10: 9009 | BJ10: 9869 | BK10: 9972 | BL10: 9954 | BM10: 10188 | BN10: 9711 | BO10: 9588 | BP10: 9649 | BQ10: 8893 | BR10: 8473 | BS10: 8497 | BT10: 8255 | BU10: 8718 | BV10: 8637 | BW10: 8946 | BX10: 8832 | BY10: 8886 | BZ10: 9428 | CA10: 9470 | CB10: 9252 | CC10: 9515 | CD10: 9684 | CE10: 9367 | CF10: 9193 | CG10: 8554 | CH10: 8904 | CI10: 8976 | CJ10: 8819 | CK10: 8842 | CL10: 8966 | CM10: 8162 | CN10: 7334 | CO10: 6325 | CP10: 6633 | CQ10: 6375 | CR10: 5758 | CS10: 5380
A11: 46244 | B11: 5155 | C11: 5134 | D11: 4820 | E11: 4904 | F11: 4672 | G11: 3846 | H11: 3727 | I11: 3613 | J11: 4188 | K11: 3887 | L11: 3991 | M11: 3824 | N11: 3951 | O11: 3574 | P11: 3905 | Q11: 3597 | R11: 3335 | S11: 3357 | T11: 3579 | U11: 3741 | V11: 3854 | W11: 4045 | X11: 4241 | Y11: 4657 | Z11: 4587 | AA11: 4988 | AB11: 5582 | AC11: 5644 | AD11: 6426 | AE11: 6208 | AF11: 7174 | AG11: 6937 | AH11: 7465 | AI11: 7355 | AJ11: 7876 | AK11: 7700 | AL11: 8273 | AM11: 7796 | AN11: 7708 | AO11: 7911 | AP11: 7768 | AQ11: 7455 | AR11: 7171 | AS11: 6744 | AT11: 6505 | AU11: 6344 | AV11: 5991 | AW11: 5490 | AX11: 5395 | AY11: 5585 | AZ11: 6251 | BA11: 6929 | BB11: 7796 | BC11: 8625 | BD11: 9010 | BE11: 9520 | BF11: 9772 | BG11: 9790 | BH11: 10119 | BI11: 10185 | BJ11: 10376 | BK11: 9809 | BL11: 8952 | BM11: 8092 | BN11: 8878 | BO11: 9242 | BP11: 8836 | BQ11: 8987 | BR11: 9363 | BS11: 9363 | BT11: 9550 | BU11: 9655 | BV11: 10168 | BW11: 10008 | BX11: 10219 | BY11: 9920 | BZ11: 10415 | CA11: 10253 | CB11: 10779 | CC11: 9492 | CD11: 10048 | CE11: 9700 | CF11: 9094 | CG11: 8947 | CH11: 8614 | CI11: 8350 | CJ11: 7778 | CK11: 7175 | CL11: 6036 | CM11: 5212 | CN11: 4635 | CO11: 3794 | CP11: 3608 | CQ11: 3261 | CR11: 2710 | CS11: 1984
A12: 46245 | B12: 1789 | C12: 1745 | D12: 1194 | E12: 1264 | F12: 1326 | G12: 981 | H12: 720 | I12: 287 | J12: -484 | K12: -610 | L12: -502 | M12: -652 | N12: -630 | O12: -556 | P12: -682 | Q12: -620 | R12: -378 | S12: -165 | T12: 320 | U12: 441 | V12: 673 | W12: 920 | X12: 1408 | Y12: 2292 | Z12: 2188 | AA12: 2337 | AB12: 2692 | AC12: 3383 | AD12: 3594 | AE12: 4009 | AF12: 4100 | AG12: 4427 | AH12: 4881 | AI12: 4753 | AJ12: 5013 | AK12: 5322 | AL12: 5241 | AM12: 5416 | AN12: 5495 | AO12: 6041 | AP12: 5858 | AQ12: 5377 | AR12: 5337 | AS12: 5400 | AT12: 5453 | AU12: 5130 | AV12: 5077 | AW12: 5229 | AX12: 5147 | AY12: 5228 | AZ12: 5213 | BA12: 5386 | BB12: 5731 | BC12: 5695 | BD12: 5767 | BE12: 5776 | BF12: 6070 | BG12: 6150 | BH12: 6814 | BI12: 6796 | BJ12: 7460 | BK12: 7921 | BL12: 8110 | BM12: 8199 | BN12: 7904 | BO12: 7736 | BP12: 7955 | BQ12: 7293 | BR12: 7698 | BS12: 8094 | BT12: 8282 | BU12: 8449 | BV12: 8072 | BW12: 7959 | BX12: 7787 | BY12: 7876 | BZ12: 8451 | CA12: 8385 | CB12: 8572 | CC12: 8520 | CD12: 8393 | CE12: 8038 | CF12: 7740 | CG12: 7441 | CH12: 7134 | CI12: 7235 | CJ12: 7685 | CK12: 7695 | CL12: 7612 | CM12: 6711 | CN12: 5964 | CO12: 5016 | CP12: 4947 | CQ12: 4605 | CR12: 4374 | CS12: 4283
A13: 46246 | B13: 3420 | C13: 3439 | D13: 3251 | E13: 2753 | F13: 2619 | G13: 2257 | H13: 1868 | I13: 1697 | J13: 1201 | K13: 1091 | L13: 1230 | M13: 1185 | N13: 1097 | O13: 1065 | P13: 1030 | Q13: 1093 | R13: 1170 | S13: 1162 | T13: 1615 | U13: 1440 | V13: 1825 | W13: 1915 | X13: 2376 | Y13: 2087 | Z13: 1577 | AA13: 1865 | AB13: 2885 | AC13: 3285 | AD13: 3992 | AE13: 4603 | AF13: 4817 | AG13: 4980 | AH13: 5767 | AI13: 5989 | AJ13: 6387 | AK13: 6755 | AL13: 7287 | AM13: 7299 | AN13: 7453 | AO13: 7697 | AP13: 8705 | AQ13: 8580 | AR13: 8878 | AS13: 8846 | AT13: 8707 | AU13: 8398 | AV13: 8491 | AW13: 8529 | AX13: 8329 | AY13: 8626 | AZ13: 8476 | BA13: 8768 | BB13: 8696 | BC13: 9067 | BD13: 8951 | BE13: 9092 | BF13: 9139 | BG13: 9032 | BH13: 9644 | BI13: 9667 | BJ13: 9534 | BK13: 9700 | BL13: 9972 | BM13: 10028 | BN13: 9439 | BO13: 9172 | BP13: 8558 | BQ13: 8510 | BR13: 7875 | BS13: 8191 | BT13: 8096 | BU13: 8114 | BV13: 7812 | BW13: 7324 | BX13: 7594 | BY13: 7503 | BZ13: 7316 | CA13: 7257 | CB13: 7515 | CC13: 7282 | CD13: 6608 | CE13: 6416 | CF13: 6048 | CG13: 5753 | CH13: 6004 | CI13: 5815 | CJ13: 5202 | CK13: 4133 | CL13: 6040 | CM13: 5531 | CN13: 4821 | CO13: 4687 | CP13: 3935 | CQ13: 3739 | CR13: 3564 | CS13: 3450
... A32: 46265 | B32: 3374 | C32: 3177 | D32: 2827 | E32: 2581 | F32: 2556 | G32: 2191 | H32: 1915 | I32: 2071 | J32: 1500 | K32: 1570 | L32: 1319 | M32: 1325 | N32: 1163 | O32: 1215 | P32: 1394 | Q32: 1177 | R32: 1147 | S32: 1262 | T32: 1279 | U32: 1333 | V32: 1540 | W32: 1776 | X32: 1875 | Y32: 2332 | Z32: 2150 | AA32: 2814 | AB32: 3544 | AC32: 3712 | AD32: 3367 | AE32: 3847 | AF32: 4163 | AG32: 4237 | AH32: 4554 | AI32: 4434 | AJ32: 5241 | AK32: 5174 | AL32: 5252 | AM32: 5048 | AN32: 5136 | AO32: 5637 | AP32: 5585 | AQ32: 5265 | AR32: 5608 | AS32: 5456 | AT32: 5288 | AU32: 5032 | AV32: 4498 | AW32: 4631 | AX32: 4725 | AY32: 4787 | AZ32: 4811 | BA32: 5014 | BB32: 5208 | BC32: 5202 | BD32: 5328 | BE32: 5386 | BF32: 6158 | BG32: 6223 | BH32: 6686 | BI32: 6787 | BJ32: 7659 | BK32: 7532 | BL32: 7547 | BM32: 7093 | BN32: 6337 | BO32: 5517 | BP32: 5611 | BQ32: 5704 | BR32: 6008 | BS32: 6107 | BT32: 5758 | BU32: 5881 | BV32: 5804 | BW32: 5412 | BX32: 5424 | BY32: 5375 | BZ32: 5547 | CA32: 5388 | CB32: 5246 | CC32: 4702 | CD32: 4842 | CE32: 4616 | CF32: 4443 | CG32: 3560 | CH32: 3246 | CI32: 3347 | CJ32: 3667 | CK32: 3657 | CL32: 3519 | CM32: 3407 | CN32: 2931 | CO32: 2884 | CP32: 2464 | CQ32: 2415 | CR32: 2935 | CS32: 2837

Sheet 非市场化
A1: 日期 | B1: 0.010416667 | C1: 0.020833333 | D1: 0.03125 | E1: 0.041666667 | F1: 0.052083333 | G1: 0.0625 | H1: 0.072916667 | I1: 0.083333333 | J1: 0.09375 | K1: 0.10416667 | L1: 0.11458333 | M1: 0.125 | N1: 0.13541667 | O1: 0.14583333 | P1: 0.15625 | Q1: 0.16666667 | R1: 0.17708333 | S1: 0.1875 | T1: 0.19791667 | U1: 0.20833333 | V1: 0.21875 | W1: 0.22916667 | X1: 0.23958333 | Y1: 0.25 | Z1: 0.26041667 | AA1: 0.27083333 | AB1: 0.28125 | AC1: 0.29166667 | AD1: 0.30208333 | AE1: 0.3125 | AF1: 0.32291667 | AG1: 0.33333333 | AH1: 0.34375 | AI1: 0.35416667 | AJ1: 0.36458333 | AK1: 0.375 | AL1: 0.38541667 | AM1: 0.39583333 | AN1: 0.40625 | AO1: 0.41666667 | AP1: 0.42708333 | AQ1: 0.4375 | AR1: 0.44791667 | AS1: 0.45833333 | AT1: 0.46875 | AU1: 0.47916667 | AV1: 0.48958333 | AW1: 0.5 | AX1: 0.51041667 | AY1: 0.52083333 | AZ1: 0.53125 | BA1: 0.54166667 | BB1: 0.55208333 | BC1: 0.5625 | BD1: 0.57291667 | BE1: 0.58333333 | BF1: 0.59375 | BG1: 0.60416667 | BH1: 0.61458333 | BI1: 0.625 | BJ1: 0.63541667 | BK1: 0.64583333 | BL1: 0.65625 | BM1: 0.66666667 | BN1: 0.67708333 | BO1: 0.6875 | BP1: 0.69791667 | BQ1: 0.70833333 | BR1: 0.71875 | BS1: 0.72916667 | BT1: 0.73958333 | BU1: 0.75 | BV1: 0.76041667 | BW1: 0.77083333 | BX1: 0.78125 | BY1: 0.79166667 | BZ1: 0.80208333 | CA1: 0.8125 | CB1: 0.82291667 | CC1: 0.83333333 | CD1: 0.84375 | CE1: 0.85416667 | CF1: 0.86458333 | CG1: 0.875 | CH1: 0.88541667 | CI1: 0.89583333 | CJ1: 0.90625 | CK1: 0.91666667 | CL1: 0.92708333 | CM1: 0.9375 | CN1: 0.94791667 | CO1: 0.95833333 | CP1: 0.96875 | CQ1: 0.97916667 | CR1: 0.98958333 | CS1: 1
A2: 46235 | B2: 3252.1 | C2: 3239.2 | D2: 3229.4 | E2: 3214.5 | F2: 3239.6 | G2: 3249.5 | H2: 3285.2 | I2: 3270.4 | J2: 3278.5 | K2: 3266.1 | L2: 3279.9 | M2: 3268.4 | N2: 3267.9 | O2: 3283.4 | P2: 3234.5 | Q2: 3222.2 | R2: 3192.7 | S2: 3184.7 | T2: 3165.4 | U2: 3156.9 | V2: 3144.4 | W2: 3154.8 | X2: 3176 | Y2: 3174.4 | Z2: 3108.5 | AA2: 3112.2 | AB2: 3140.1 | AC2: 3196.9 | AD2: 3245.4 | AE2: 3247.7 | AF2: 3239.8 | AG2: 3258.1 | AH2: 3264.6 | AI2: 3245.8 | AJ2: 3234.9 | AK2: 3207.6 | AL2: 3199.8 | AM2: 3167.9 | AN2: 3121.7 | AO2: 3099.8 | AP2: 3091.6 | AQ2: 3082.7 | AR2: 3066.4 | AS2: 3045.5 | AT2: 3044.6 | AU2: 3069.6 | AV2: 3077.2 | AW2: 3077.2 | AX2: 3065.4 | AY2: 3053.9 | AZ2: 3073.3 | BA2: 3070.8 | BB2: 3055 | BC2: 3064.1 | BD2: 3078.9 | BE2: 3070.3 | BF2: 3075.7 | BG2: 3085.5 | BH2: 3078.2 | BI2: 3105.6 | BJ2: 3105.8 | BK2: 3100.4 | BL2: 3096.8 | BM2: 3064.7 | BN2: 3047.8 | BO2: 3029.3 | BP2: 3050.3 | BQ2: 3036.3 | BR2: 2998.5 | BS2: 2983.6 | BT2: 3010.1 | BU2: 3026.9 | BV2: 3040.4 | BW2: 3057.8 | BX2: 3095.6 | BY2: 3086.4 | BZ2: 3094.3 | CA2: 3087 | CB2: 3081.9 | CC2: 3102.9 | CD2: 3102.9 | CE2: 3115.1 | CF2: 3118.6 | CG2: 3102.9 | CH2: 3121.2 | CI2: 3111.6 | CJ2: 3052.1 | CK2: 3001.8 | CL2: 3000.9 | CM2: 3033.1 | CN2: 3035.5 | CO2: 3011.2 | CP2: 2969.2 | CQ2: 2960.8 | CR2: 2956.4 | CS2: 2973.1
A3: 46236 | B3: 2976.4 | C3: 2959.5 | D3: 2959.3 | E3: 2970.7 | F3: 2985.9 | G3: 3048.6 | H3: 3059.1 | I3: 3078.1 | J3: 3094.6 | K3: 3104.8 | L3: 3104 | M3: 3109.4 | N3: 3110.2 | O3: 3140.3 | P3: 3152.6 | Q3: 3127.2 | R3: 3140.9 | S3: 3149.7 | T3: 3134.3 | U3: 3137.1 | V3: 3122.6 | W3: 3151.7 | X3: 3158.9 | Y3: 3113.1 | Z3: 3133.4 | AA3: 3111.3 | AB3: 3131.1 | AC3: 3118.8 | AD3: 3131.6 | AE3: 3141 | AF3: 3136.7 | AG3: 3129.4 | AH3: 3119.9 | AI3: 3124.9 | AJ3: 3103 | AK3: 3127.5 | AL3: 3125.2 | AM3: 3122.9 | AN3: 3132.8 | AO3: 3128 | AP3: 3112.4 | AQ3: 3121.4 | AR3: 3110.8 | AS3: 3120.6 | AT3: 3126.1 | AU3: 3139.7 | AV3: 3133.9 | AW3: 3137 | AX3: 3134.8 | AY3: 3131 | AZ3: 3138.4 | BA3: 3112.3 | BB3: 3113.9 | BC3: 3112.4 | BD3: 3120.8 | BE3: 3112.9 | BF3: 3114.7 | BG3: 3129.6 | BH3: 3105.6 | BI3: 3123.1 | BJ3: 3113.4 | BK3: 3132.3 | BL3: 3131.8 | BM3: 3120.2 | BN3: 3112 | BO3: 3117.6 | BP3: 3136.8 | BQ3: 3125.3 | BR3: 3123.9 | BS3: 3128.1 | BT3: 3116.2 | BU3: 3111.9 | BV3: 3111.7 | BW3: 3113.9 | BX3: 3115.1 | BY3: 3117.8 | BZ3: 3119.3 | CA3: 3133.4 | CB3: 3156.3 | CC3: 3136.5 | CD3: 3127.7 | CE3: 3117.2 | CF3: 3135.8 | CG3: 3140.3 | CH3: 3127.7 | CI3: 3127.8 | CJ3: 3103.5 | CK3: 3112.8 | CL3: 3108.8 | CM3: 3094.4 | CN3: 3066.9 | CO3: 3068.5 | CP3: 3065 | CQ3: 3069.6 | CR3: 3062.6 | CS3: 3074.7
A4: 46237 | B4: 3051.8 | C4: 3052.4 | D4: 3063 | E4: 3068.5 | F4: 3082.1 | G4: 3077.9 | H4: 3086.1 | I4: 3103.9 | J4: 3083.7 | K4: 3072.7 | L4: 3079.8 | M4: 3074.3 | N4: 3074.3 | O4: 3076.7 | P4: 3104.7 | Q4: 3098.9 | R4: 3100.5 | S4: 3102 | T4: 3086 | U4: 3086.2 | V4: 3089.6 | W4: 3096.1 | X4: 3117.8 | Y4: 3087.7 | Z4: 3101.4 | AA4: 3119.5 | AB4: 3107.4 | AC4: 3096.6 | AD4: 3097.1 | AE4: 3101.1 | AF4: 3097.3 | AG4: 3095.5 | AH4: 3100.3 | AI4: 3104.7 | AJ4: 3115.1 | AK4: 3110.5 | AL4: 3108.4 | AM4: 3088.8 | AN4: 3085.5 | AO4: 3071.2 | AP4: 3078.4 | AQ4: 3087.6 | AR4: 3096.1 | AS4: 3072.5 | AT4: 3094.9 | AU4: 3061.9 | AV4: 3040.3 | AW4: 3052.2 | AX4: 3051.4 | AY4: 3056.8 | AZ4: 3055.8 | BA4: 3057.9 | BB4: 3059.9 | BC4: 3061.9 | BD4: 3079.6 | BE4: 3091.6 | BF4: 3088.4 | BG4: 3079.6 | BH4: 3089.8 | BI4: 3075.4 | BJ4: 3077.3 | BK4: 3071.9 | BL4: 3060.9 | BM4: 3085.4 | BN4: 3075.4 | BO4: 3084.1 | BP4: 3072.2 | BQ4: 3089.4 | BR4: 3087.4 | BS4: 3107.7 | BT4: 3099.2 | BU4: 3101.5 | BV4: 3106.6 | BW4: 3106.4 | BX4: 3112.4 | BY4: 3116.3 | BZ4: 3119.3 | CA4: 3134.9 | CB4: 3123.9 | CC4: 3120 | CD4: 3100.2 | CE4: 3098.1 | CF4: 3113.1 | CG4: 3116.2 | CH4: 3097.6 | CI4: 3104.3 | CJ4: 3105 | CK4: 3101.4 | CL4: 3090.4 | CM4: 3090.4 | CN4: 3077 | CO4: 3100.7 | CP4: 3100.7 | CQ4: 3091.1 | CR4: 3092.3 | CS4: 3116.2
A5: 46238 | B5: 3116.6 | C5: 3108.9 | D5: 3110.4 | E5: 3114 | F5: 3123.8 | G5: 3139 | H5: 3124.7 | I5: 3122.5 | J5: 3114.8 | K5: 3115.1 | L5: 3099.9 | M5: 3118.7 | N5: 3076.8 | O5: 3085.8 | P5: 3097.4 | Q5: 3102.7 | R5: 3097 | S5: 3089.5 | T5: 3104.8 | U5: 3111.9 | V5: 3118.3 | W5: 3121.9 | X5: 3108 | Y5: 3118.4 | Z5: 3111 | AA5: 3109.4 | AB5: 3100.3 | AC5: 3099.5 | AD5: 3107.6 | AE5: 3092.1 | AF5: 3104.5 | AG5: 3104.4 | AH5: 3096.4 | AI5: 3099.3 | AJ5: 3109.4 | AK5: 3089.3 | AL5: 3101.9 | AM5: 3113.2 | AN5: 3098.4 | AO5: 3091.9 | AP5: 3100.2 | AQ5: 3099.9 | AR5: 3091.8 | AS5: 3099.3 | AT5: 3096.3 | AU5: 3077 | AV5: 3094 | AW5: 3094.2 | AX5: 3087.7 | AY5: 3064 | AZ5: 3081.4 | BA5: 3079 | BB5: 3060.1 | BC5: 3060.7 | BD5: 3060.7 | BE5: 3052.8 | BF5: 3061.9 | BG5: 3059.4 | BH5: 3051.6 | BI5: 3056.4 | BJ5: 3068.4 | BK5: 3083.8 | BL5: 3071.6 | BM5: 3052.2 | BN5: 3052.3 | BO5: 3060 | BP5: 3039.3 | BQ5: 3052.5 | BR5: 3078.2 | BS5: 3070.2 | BT5: 3073.7 | BU5: 3088.4 | BV5: 3083.1 | BW5: 3103.5 | BX5: 3101.9 | BY5: 3103.6 | BZ5: 3106 | CA5: 3101.5 | CB5: 3107.5 | CC5: 3116.7 | CD5: 3128.6 | CE5: 3130.9 | CF5: 3110.5 | CG5: 3115.7 | CH5: 3135.5 | CI5: 3123.2 | CJ5: 3136.8 | CK5: 3137.4 | CL5: 3139.4 | CM5: 3129.6 | CN5: 3138.9 | CO5: 3128.1 | CP5: 3132.6 | CQ5: 3120.5 | CR5: 3133.2 | CS5: 3133.1
A6: 46239 | B6: 3116.6 | C6: 3108.9 | D6: 3110.4 | E6: 3114 | F6: 3123.8 | G6: 3139 | H6: 3124.7 | I6: 3122.5 | J6: 3114.8 | K6: 3115.1 | L6: 3099.9 | M6: 3118.7 | N6: 3076.8 | O6: 3085.8 | P6: 3097.4 | Q6: 3102.7 | R6: 3097 | S6: 3089.5 | T6: 3104.8 | U6: 3111.9 | V6: 3118.3 | W6: 3121.9 | X6: 3108 | Y6: 3118.4 | Z6: 3111 | AA6: 3109.4 | AB6: 3100.3 | AC6: 3099.5 | AD6: 3107.6 | AE6: 3092.1 | AF6: 3104.5 | AG6: 3104.4 | AH6: 3096.4 | AI6: 3099.3 | AJ6: 3109.4 | AK6: 3089.3 | AL6: 3101.9 | AM6: 3113.2 | AN6: 3098.4 | AO6: 3091.9 | AP6: 3100.2 | AQ6: 3099.9 | AR6: 3091.8 | AS6: 3099.3 | AT6: 3096.3 | AU6: 3077 | AV6: 3094 | AW6: 3094.2 | AX6: 3087.7 | AY6: 3064 | AZ6: 3081.4 | BA6: 3079 | BB6: 3060.1 | BC6: 3060.7 | BD6: 3060.7 | BE6: 3052.8 | BF6: 3061.9 | BG6: 3059.4 | BH6: 3051.6 | BI6: 3056.4 | BJ6: 3068.4 | BK6: 3083.8 | BL6: 3071.6 | BM6: 3052.2 | BN6: 3052.3 | BO6: 3060 | BP6: 3039.3 | BQ6: 3052.5 | BR6: 3078.2 | BS6: 3070.2 | BT6: 3073.7 | BU6: 3088.4 | BV6: 3083.1 | BW6: 3103.5 | BX6: 3101.9 | BY6: 3103.6 | BZ6: 3106 | CA6: 3101.5 | CB6: 3107.5 | CC6: 3116.7 | CD6: 3128.6 | CE6: 3130.9 | CF6: 3110.5 | CG6: 3115.7 | CH6: 3135.5 | CI6: 3123.2 | CJ6: 3136.8 | CK6: 3137.4 | CL6: 3139.4 | CM6: 3129.6 | CN6: 3138.9 | CO6: 3128.1 | CP6: 3132.6 | CQ6: 3120.5 | CR6: 3133.2 | CS6: 3133.1
A7: 46240 | B7: 3102 | C7: 3124.1 | D7: 3100.3 | E7: 3106.1 | F7: 3120.9 | G7: 3126.3 | H7: 3104.4 | I7: 3093.3 | J7: 3082.4 | K7: 3057.1 | L7: 3020.4 | M7: 3000.3 | N7: 2953.6 | O7: 2963.4 | P7: 2959.5 | Q7: 2963.7 | R7: 2945.6 | S7: 2935.4 | T7: 2941.1 | U7: 2937.4 | V7: 2946.1 | W7: 2966.5 | X7: 2986.8 | Y7: 2999.2 | Z7: 3018 | AA7: 2995.3 | AB7: 2996.8 | AC7: 2978.6 | AD7: 2979.5 | AE7: 2984.4 | AF7: 2973.8 | AG7: 2967.6 | AH7: 2982.1 | AI7: 3007.7 | AJ7: 3035.8 | AK7: 3036.7 | AL7: 3021.4 | AM7: 3036.3 | AN7: 3044.6 | AO7: 3031 | AP7: 3023.3 | AQ7: 3026.2 | AR7: 3035.6 | AS7: 3023.7 | AT7: 3039.8 | AU7: 3025.4 | AV7: 3034.6 | AW7: 3036.4 | AX7: 3023 | AY7: 3031.6 | AZ7: 3025 | BA7: 3004.1 | BB7: 2984.3 | BC7: 2985.4 | BD7: 2988.4 | BE7: 2988.5 | BF7: 2975.6 | BG7: 2973 | BH7: 2981.2 | BI7: 2981.4 | BJ7: 2960.2 | BK7: 2962.3 | BL7: 2973.2 | BM7: 2979 | BN7: 2978.6 | BO7: 2985.1 | BP7: 2965.2 | BQ7: 2991.1 | BR7: 2991.3 | BS7: 2991.4 | BT7: 2977.2 | BU7: 2986.9 | BV7: 2973.4 | BW7: 2984.8 | BX7: 2976.3 | BY7: 2965.2 | BZ7: 2971.7 | CA7: 2972.5 | CB7: 2964.3 | CC7: 2961.4 | CD7: 2975.8 | CE7: 2978.8 | CF7: 2967.2 | CG7: 2969.4 | CH7: 2977.4 | CI7: 2990.7 | CJ7: 2977.1 | CK7: 2985.8 | CL7: 2958.4 | CM7: 2974.5 | CN7: 2973.6 | CO7: 2950.3 | CP7: 2961.3 | CQ7: 2955.6 | CR7: 2968.3 | CS7: 2967.8
A8: 46241 | B8: 2939.6 | C8: 2949.6 | D8: 2949.9 | E8: 2950.1 | F8: 2953.1 | G8: 2967.1 | H8: 2987.7 | I8: 2987.6 | J8: 2974.2 | K8: 2963.2 | L8: 2963.7 | M8: 2980.4 | N8: 2974.3 | O8: 2965 | P8: 2986.5 | Q8: 2976.4 | R8: 2996.6 | S8: 2991.8 | T8: 2981.1 | U8: 2980.2 | V8: 2979.9 | W8: 2991 | X8: 2997.7 | Y8: 2992.5 | Z8: 2990.1 | AA8: 2989.7 | AB8: 2971.8 | AC8: 2977.2 | AD8: 2974.9 | AE8: 2989.6 | AF8: 2996.4 | AG8: 2979.3 | AH8: 2945.5 | AI8: 2864.6 | AJ8: 2860.4 | AK8: 2867.7 | AL8: 2895.9 | AM8: 2915.8 | AN8: 2963.6 | AO8: 3004.2 | AP8: 3002.7 | AQ8: 3014 | AR8: 3020.7 | AS8: 3022.9 | AT8: 3008.1 | AU8: 3011 | AV8: 2991.3 | AW8: 2988.8 | AX8: 2982.8 | AY8: 2974.9 | AZ8: 2979.2 | BA8: 2967.5 | BB8: 2970.3 | BC8: 2982.4 | BD8: 2986.4 | BE8: 2981.7 | BF8: 2976.6 | BG8: 2980.3 | BH8: 2970.5 | BI8: 2970.9 | BJ8: 2986.8 | BK8: 2971.1 | BL8: 2981.5 | BM8: 2995.3 | BN8: 2993.3 | BO8: 2994.1 | BP8: 2993.4 | BQ8: 2998.9 | BR8: 2997.7 | BS8: 2989 | BT8: 2985.1 | BU8: 2981.2 | BV8: 2970.6 | BW8: 2941.8 | BX8: 2970.8 | BY8: 2980.2 | BZ8: 2971.8 | CA8: 2974.7 | CB8: 2986.9 | CC8: 2992.3 | CD8: 2994 | CE8: 2982.1 | CF8: 3001.5 | CG8: 2997 | CH8: 2980.9 | CI8: 2997.4 | CJ8: 3015.2 | CK8: 3014.8 | CL8: 3013.5 | CM8: 2997.3 | CN8: 3008.9 | CO8: 3015.8 | CP8: 3014.5 | CQ8: 3008.9 | CR8: 3001.4 | CS8: 3003.9
A9: 46242 | B9: 3005.7 | C9: 2992.8 | D9: 3013.4 | E9: 2987.3 | F9: 2965 | G9: 2972.9 | H9: 3013 | I9: 3021.1 | J9: 3006.6 | K9: 3025.4 | L9: 3024.8 | M9: 3015.2 | N9: 3025.1 | O9: 3024.9 | P9: 2993.1 | Q9: 2966.6 | R9: 2924.5 | S9: 2910 | T9: 2896.4 | U9: 2918.2 | V9: 2909.3 | W9: 2907.5 | X9: 2902 | Y9: 2888.6 | Z9: 2888.5 | AA9: 2903.4 | AB9: 2877.3 | AC9: 2903.8 | AD9: 2880.6 | AE9: 2889.5 | AF9: 2867.9 | AG9: 2855.5 | AH9: 2863.9 | AI9: 2858.9 | AJ9: 2871.3 | AK9: 2884.8 | AL9: 2872.7 | AM9: 2865.8 | AN9: 2857.6 | AO9: 2846 | AP9: 2842.5 | AQ9: 2829.3 | AR9: 2820 | AS9: 2839.5 | AT9: 2803 | AU9: 2806.6 | AV9: 2790.8 | AW9: 2797.3 | AX9: 2799.3 | AY9: 2765.1 | AZ9: 2767.2 | BA9: 2786.2 | BB9: 2785.3 | BC9: 2771.3 | BD9: 2760.2 | BE9: 2751.4 | BF9: 2756.1 | BG9: 2734.7 | BH9: 2731 | BI9: 2741.4 | BJ9: 2754.4 | BK9: 2752.9 | BL9: 2744.1 | BM9: 2759.2 | BN9: 2759.7 | BO9: 2741.8 | BP9: 2753.4 | BQ9: 2746.8 | BR9: 2769.1 | BS9: 2765.6 | BT9: 2759.1 | BU9: 2774.9 | BV9: 2777.2 | BW9: 2784.8 | BX9: 2800.1 | BY9: 2806.5 | BZ9: 2813 | CA9: 2806 | CB9: 2811.5 | CC9: 2792.8 | CD9: 2838.1 | CE9: 2853.2 | CF9: 2869.6 | CG9: 2865.3 | CH9: 2876 | CI9: 2897.5 | CJ9: 2891.6 | CK9: 2873.3 | CL9: 2894.6 | CM9: 2892.3 | CN9: 2911.7 | CO9: 2924.2 | CP9: 2904.6 | CQ9: 2926.4 | CR9: 2939.8 | CS9: 2935.2
A10: 46243 | B10: 2926.8 | C10: 2949.9 | D10: 2949.7 | E10: 2944.9 | F10: 2925.9 | G10: 2935.5 | H10: 2926 | I10: 2930.8 | J10: 2923.7 | K10: 2940.3 | L10: 2939.9 | M10: 2918.2 | N10: 2939.4 | O10: 2928.5 | P10: 2938.5 | Q10: 2940.7 | R10: 2950.2 | S10: 2957.7 | T10: 2948.7 | U10: 2959 | V10: 2953.4 | W10: 2965.4 | X10: 2993.5 | Y10: 2975.5 | Z10: 2976.5 | AA10: 2960.8 | AB10: 2946 | AC10: 2939.6 | AD10: 2927 | AE10: 2934.1 | AF10: 2923.6 | AG10: 2946.6 | AH10: 2916.3 | AI10: 2931.4 | AJ10: 2926.3 | AK10: 2936.5 | AL10: 2920.4 | AM10: 2920.4 | AN10: 2931.9 | AO10: 2953.9 | AP10: 2970.8 | AQ10: 2946.3 | AR10: 2959.6 | AS10: 2960.6 | AT10: 2936.9 | AU10: 2938.6 | AV10: 2932.1 | AW10: 2943.5 | AX10: 2944.4 | AY10: 2930.9 | AZ10: 2923.6 | BA10: 2928.9 | BB10: 2953.1 | BC10: 2935.1 | BD10: 2932.2 | BE10: 2932.3 | BF10: 2904.7 | BG10: 2923.5 | BH10: 2911.4 | BI10: 2926.8 | BJ10: 2908.1 | BK10: 2919.5 | BL10: 2927.5 | BM10: 2917.9 | BN10: 2916.2 | BO10: 2938.4 | BP10: 2955.8 | BQ10: 2945.1 | BR10: 2927.1 | BS10: 2944.8 | BT10: 2941.1 | BU10: 2938.8 | BV10: 2936.7 | BW10: 2947.3 | BX10: 2934.6 | BY10: 2953.7 | BZ10: 2949.5 | CA10: 2959.7 | CB10: 2935.8 | CC10: 2941.2 | CD10: 2977.4 | CE10: 2978 | CF10: 2971.6 | CG10: 2966.5 | CH10: 2976.2 | CI10: 2983.6 | CJ10: 2979.5 | CK10: 2957.9 | CL10: 2962.4 | CM10: 2962.9 | CN10: 2955.3 | CO10: 2952.3 | CP10: 2964.4 | CQ10: 2973.5 | CR10: 2976.5 | CS10: 2969.8
A11: 46244 | B11: 2960.6 | C11: 2961.1 | D11: 2986.2 | E11: 2979.4 | F11: 2985.1 | G11: 2956.5 | H11: 2978.7 | I11: 2994.2 | J11: 2979.2 | K11: 2982.6 | L11: 2984.6 | M11: 2979.3 | N11: 2971.9 | O11: 2970.5 | P11: 2962.2 | Q11: 2958.8 | R11: 2951.2 | S11: 2963 | T11: 2964.7 | U11: 2969.1 | V11: 2991 | W11: 3011.4 | X11: 2997.7 | Y11: 2988 | Z11: 2986 | AA11: 2965 | AB11: 2989.3 | AC11: 2996.2 | AD11: 2992.9 | AE11: 2996.5 | AF11: 2985.3 | AG11: 2981.6 | AH11: 2975.4 | AI11: 2967.5 | AJ11: 2951.8 | AK11: 2956.5 | AL11: 2976.9 | AM11: 2961.9 | AN11: 2952.5 | AO11: 2928.6 | AP11: 2904.9 | AQ11: 2938.9 | AR11: 2970.6 | AS11: 2961.8 | AT11: 2974.7 | AU11: 2999.1 | AV11: 2992.7 | AW11: 2979.1 | AX11: 2970.8 | AY11: 2980.4 | AZ11: 2977.1 | BA11: 2989.5 | BB11: 2967.4 | BC11: 2945.9 | BD11: 2951.4 | BE11: 2944.7 | BF11: 2945.3 | BG11: 2937.5 | BH11: 2943.9 | BI11: 2952.2 | BJ11: 2948.2 | BK11: 2953.6 | BL11: 2968.9 | BM11: 2978.8 | BN11: 2971.3 | BO11: 2986.9 | BP11: 2943.1 | BQ11: 2932.6 | BR11: 2898.3 | BS11: 2894.7 | BT11: 2917.6 | BU11: 2902.9 | BV11: 2917.5 | BW11: 2926.9 | BX11: 2922.2 | BY11: 2905.5 | BZ11: 2919.5 | CA11: 2916.9 | CB11: 2901.7 | CC11: 2917.4 | CD11: 2903.3 | CE11: 2917.6 | CF11: 2907.3 | CG11: 2891.6 | CH11: 2884.8 | CI11: 2883.8 | CJ11: 2884.5 | CK11: 2883.4 | CL11: 2878.3 | CM11: 2897.8 | CN11: 2913 | CO11: 2913.3 | CP11: 2931.8 | CQ11: 2947.4 | CR11: 2949.2 | CS11: 2951.1
A12: 46245 | B12: 2959.3 | C12: 2956.1 | D12: 2984.9 | E12: 2997.9 | F12: 2992.6 | G12: 3000.6 | H12: 3002.5 | I12: 3012.2 | J12: 3012.2 | K12: 3009.6 | L12: 3006 | M12: 3019.4 | N12: 2986.7 | O12: 2991.2 | P12: 2980.9 | Q12: 2959.7 | R12: 2946.8 | S12: 2996.3 | T12: 2998.2 | U12: 3006.2 | V12: 2997.3 | W12: 2992.5 | X12: 2997.8 | Y12: 3004.9 | Z12: 3009 | AA12: 2989.9 | AB12: 2982.9 | AC12: 2988.1 | AD12: 2993.8 | AE12: 2979.3 | AF12: 2979.8 | AG12: 2973.5 | AH12: 2960 | AI12: 2948.2 | AJ12: 2958.1 | AK12: 2960.4 | AL12: 2966.3 | AM12: 2975.9 | AN12: 2949.3 | AO12: 2966.3 | AP12: 2963.5 | AQ12: 2958.6 | AR12: 2969.4 | AS12: 2963.6 | AT12: 2963.5 | AU12: 2947.8 | AV12: 2965.5 | AW12: 2908.9 | AX12: 2923.8 | AY12: 2918.1 | AZ12: 2895.4 | BA12: 2891.5 | BB12: 2861.4 | BC12: 2882.1 | BD12: 2844.5 | BE12: 2865.8 | BF12: 2858 | BG12: 2849.2 | BH12: 2847.9 | BI12: 2876.4 | BJ12: 2871 | BK12: 2868.2 | BL12: 2889.9 | BM12: 2885.3 | BN12: 2897.7 | BO12: 2901.9 | BP12: 2895.6 | BQ12: 2898.7 | BR12: 2894.5 | BS12: 2865.1 | BT12: 2867.2 | BU12: 2877.9 | BV12: 2881.3 | BW12: 2891.6 | BX12: 2890 | BY12: 2892.1 | BZ12: 2892.6 | CA12: 2896.6 | CB12: 2881.1 | CC12: 2896.7 | CD12: 2909.2 | CE12: 2903.6 | CF12: 2912.6 | CG12: 2907.5 | CH12: 2896.8 | CI12: 2900.4 | CJ12: 2918.7 | CK12: 2886.1 | CL12: 2869 | CM12: 2864.5 | CN12: 2867.9 | CO12: 2885 | CP12: 2871.6 | CQ12: 2887.8 | CR12: 2875.8 | CS12: 2865.9
A13: 46246 | B13: 2868.3 | C13: 2910.4 | D13: 2918.4 | E13: 2917.5 | F13: 2912.7 | G13: 2928.3 | H13: 2927.6 | I13: 2920.5 | J13: 2919.8 | K13: 2891.6 | L13: 2880.5 | M13: 2859.6 | N13: 2877.2 | O13: 2883.2 | P13: 2891.1 | Q13: 2907.8 | R13: 2916 | S13: 2931 | T13: 2940.6 | U13: 2909.7 | V13: 2930.4 | W13: 2923.9 | X13: 2949.4 | Y13: 2978.9 | Z13: 2961.1 | AA13: 2990.4 | AB13: 2995.3 | AC13: 2985.7 | AD13: 2986.2 | AE13: 2988.2 | AF13: 2974.2 | AG13: 3011.6 | AH13: 2959 | AI13: 2948.5 | AJ13: 2896.5 | AK13: 2919.6 | AL13: 2914 | AM13: 2937.6 | AN13: 2957.3 | AO13: 2953.6 | AP13: 2953.1 | AQ13: 2942.3 | AR13: 2955.7 | AS13: 2958.1 | AT13: 2944.2 | AU13: 2925.9 | AV13: 2925.4 | AW13: 2934 | AX13: 2934 | AY13: 2940.2 | AZ13: 2935.8 | BA13: 2929.8 | BB13: 2932.7 | BC13: 2918.5 | BD13: 2904.5 | BE13: 2922.9 | BF13: 2936.2 | BG13: 2940.8 | BH13: 2940.5 | BI13: 2948.1 | BJ13: 2972.8 | BK13: 2988.2 | BL13: 2985 | BM13: 2963.5 | BN13: 2961.7 | BO13: 2946.4 | BP13: 2934.1 | BQ13: 2920.9 | BR13: 2913.2 | BS13: 2929.9 | BT13: 2944.9 | BU13: 2956.2 | BV13: 2948 | BW13: 2965.6 | BX13: 2959.3 | BY13: 2957.9 | BZ13: 2943 | CA13: 2917.8 | CB13: 2918.7 | CC13: 2940.3 | CD13: 2939 | CE13: 2934.3 | CF13: 2957.2 | CG13: 2945.8 | CH13: 2955.5 | CI13: 2969 | CJ13: 2958.6 | CK13: 2965.3 | CL13: 2958.3 | CM13: 2957.4 | CN13: 2964.3 | CO13: 2982.5 | CP13: 2963.3 | CQ13: 2966.7 | CR13: 2991.9 | CS13: 3014
... A32: 46265 | B32: 3071.4 | C32: 3075.2 | D32: 3124.8 | E32: 3124.2 | F32: 3130 | G32: 3109.6 | H32: 3120.9 | I32: 3069.4 | J32: 3054.2 | K32: 3045.4 | L32: 3090.9 | M32: 3119 | N32: 3105.4 | O32: 3126.2 | P32: 3123.2 | Q32: 3125.2 | R32: 3150.1 | S32: 3166.2 | T32: 3181.2 | U32: 3185.6 | V32: 3184.2 | W32: 3174.4 | X32: 3184.1 | Y32: 3229.6 | Z32: 3241.8 | AA32: 3218.2 | AB32: 3240.1 | AC32: 3249.6 | AD32: 3240.8 | AE32: 3207.6 | AF32: 3181.7 | AG32: 3179.7 | AH32: 3169.6 | AI32: 3124.6 | AJ32: 3133.3 | AK32: 3167.1 | AL32: 3177.4 | AM32: 3146.8 | AN32: 3173.2 | AO32: 3176.8 | AP32: 3174 | AQ32: 3164.4 | AR32: 3169.1 | AS32: 3170.3 | AT32: 3172.6 | AU32: 3176.9 | AV32: 3162.8 | AW32: 3155.4 | AX32: 3147.8 | AY32: 3121.9 | AZ32: 3127.4 | BA32: 3157.2 | BB32: 3192.4 | BC32: 3184.5 | BD32: 3215.1 | BE32: 3219.7 | BF32: 3222.3 | BG32: 3247.5 | BH32: 3225.2 | BI32: 3219.7 | BJ32: 3242.9 | BK32: 3247.3 | BL32: 3230.8 | BM32: 3203.9 | BN32: 3189.1 | BO32: 3166.1 | BP32: 3158.4 | BQ32: 3188.8 | BR32: 3168.7 | BS32: 3157.1 | BT32: 3182.2 | BU32: 3179.2 | BV32: 3116.2 | BW32: 3042.2 | BX32: 3048.6 | BY32: 3027.1 | BZ32: 3020.1 | CA32: 3036.5 | CB32: 3041.3 | CC32: 3096.4 | CD32: 3106.9 | CE32: 3086 | CF32: 3087.8 | CG32: 3153.1 | CH32: 3122.4 | CI32: 3071.2 | CJ32: 3049.9 | CK32: 3059.4 | CL32: 3002 | CM32: 2995.8 | CN32: 3001.3 | CO32: 3007.7 | CP32: 3031.8 | CQ32: 3022.4 | CR32: 3018.3 | CS32: 3027.9

Sheet 开机容量
A1: 日期 | B1: 0.010416667 | C1: 0.020833333 | D1: 0.03125 | E1: 0.041666667 | F1: 0.052083333 | G1: 0.0625 | H1: 0.072916667 | I1: 0.083333333 | J1: 0.09375 | K1: 0.10416667 | L1: 0.11458333 | M1: 0.125 | N1: 0.13541667 | O1: 0.14583333 | P1: 0.15625 | Q1: 0.16666667 | R1: 0.17708333 | S1: 0.1875 | T1: 0.19791667 | U1: 0.20833333 | V1: 0.21875 | W1: 0.22916667 | X1: 0.23958333 | Y1: 0.25 | Z1: 0.26041667 | AA1: 0.27083333 | AB1: 0.28125 | AC1: 0.29166667 | AD1: 0.30208333 | AE1: 0.3125 | AF1: 0.32291667 | AG1: 0.33333333 | AH1: 0.34375 | AI1: 0.35416667 | AJ1: 0.36458333 | AK1: 0.375 | AL1: 0.38541667 | AM1: 0.39583333 | AN1: 0.40625 | AO1: 0.41666667 | AP1: 0.42708333 | AQ1: 0.4375 | AR1: 0.44791667 | AS1: 0.45833333 | AT1: 0.46875 | AU1: 0.47916667 | AV1: 0.48958333 | AW1: 0.5 | AX1: 0.51041667 | AY1: 0.52083333 | AZ1: 0.53125 | BA1: 0.54166667 | BB1: 0.55208333 | BC1: 0.5625 | BD1: 0.57291667 | BE1: 0.58333333 | BF1: 0.59375 | BG1: 0.60416667 | BH1: 0.61458333 | BI1: 0.625 | BJ1: 0.63541667 | BK1: 0.64583333 | BL1: 0.65625 | BM1: 0.66666667 | BN1: 0.67708333 | BO1: 0.6875 | BP1: 0.69791667 | BQ1: 0.70833333 | BR1: 0.71875 | BS1: 0.72916667 | BT1: 0.73958333 | BU1: 0.75 | BV1: 0.76041667 | BW1: 0.77083333 | BX1: 0.78125 | BY1: 0.79166667 | BZ1: 0.80208333 | CA1: 0.8125 | CB1: 0.82291667 | CC1: 0.83333333 | CD1: 0.84375 | CE1: 0.85416667 | CF1: 0.86458333 | CG1: 0.875 | CH1: 0.88541667 | CI1: 0.89583333 | CJ1: 0.90625 | CK1: 0.91666667 | CL1: 0.92708333 | CM1: 0.9375 | CN1: 0.94791667 | CO1: 0.95833333 | CP1: 0.96875 | CQ1: 0.97916667 | CR1: 0.98958333 | CS1: 1
A2: 45175
A3: 45176
A4: 45177
A5: 45178
A6: 45179
A7: 45180
A8: 45181
A9: 45182
A10: 45183
A11: 45184
A12: 45185
A13: 45186
... A42: 45392

Sheet 竞价空间
A1: 日期 | B1: 0.010416667 | C1: 0.020833333 | D1: 0.03125 | E1: 0.041666667 | F1: 0.052083333 | G1: 0.0625 | H1: 0.072916667 | I1: 0.083333333 | J1: 0.09375 | K1: 0.10416667 | L1: 0.11458333 | M1: 0.125 | N1: 0.13541667 | O1: 0.14583333 | P1: 0.15625 | Q1: 0.16666667 | R1: 0.17708333 | S1: 0.1875 | T1: 0.19791667 | U1: 0.20833333 | V1: 0.21875 | W1: 0.22916667 | X1: 0.23958333 | Y1: 0.25 | Z1: 0.26041667 | AA1: 0.27083333 | AB1: 0.28125 | AC1: 0.29166667 | AD1: 0.30208333 | AE1: 0.3125 | AF1: 0.32291667 | AG1: 0.33333333 | AH1: 0.34375 | AI1: 0.35416667 | AJ1: 0.36458333 | AK1: 0.375 | AL1: 0.38541667 | AM1: 0.39583333 | AN1: 0.40625 | AO1: 0.41666667 | AP1: 0.42708333 | AQ1: 0.4375 | AR1: 0.44791667 | AS1: 0.45833333 | AT1: 0.46875 | AU1: 0.47916667 | AV1: 0.48958333 | AW1: 0.5 | AX1: 0.51041667 | AY1: 0.52083333 | AZ1: 0.53125 | BA1: 0.54166667 | BB1: 0.55208333 | BC1: 0.5625 | BD1: 0.57291667 | BE1: 0.58333333 | BF1: 0.59375 | BG1: 0.60416667 | BH1: 0.61458333 | BI1: 0.625 | BJ1: 0.63541667 | BK1: 0.64583333 | BL1: 0.65625 | BM1: 0.66666667 | BN1: 0.67708333 | BO1: 0.6875 | BP1: 0.69791667 | BQ1: 0.70833333 | BR1: 0.71875 | BS1: 0.72916667 | BT1: 0.73958333 | BU1: 0.75 | BV1: 0.76041667 | BW1: 0.77083333 | BX1: 0.78125 | BY1: 0.79166667 | BZ1: 0.80208333 | CA1: 0.8125 | CB1: 0.82291667 | CC1: 0.83333333 | CD1: 0.84375 | CE1: 0.85416667 | CF1: 0.86458333 | CG1: 0.875 | CH1: 0.88541667 | CI1: 0.89583333 | CJ1: 0.90625 | CK1: 0.91666667 | CL1: 0.92708333 | CM1: 0.9375 | CN1: 0.94791667 | CO1: 0.95833333 | CP1: 0.96875 | CQ1: 0.97916667 | CR1: 0.98958333 | CS1: 1
A2: 46235 | B2: {=负荷!B2:CS2-水电!B2:CS2-核电!B2:CS2-地方燃煤!B2:CS2-风电!B2:CS2-光伏!B2:CS2-非市场化!B2:CS2-联络线!B2:CS2} -> 10350.81 | C2: 11161.26 | D2: 10717.96 | E2: 10513.03 | F2: 10851.68 | G2: 10748.63 | H2: 10548.89 | I2: 10759.84 | J2: 11103.51 | K2: 11208.9 | L2: 11513.73 | M2: 11814.57 | N2: 12452.61 | O2: 11898.67 | P2: 12125.43 | Q2: 12116.18 | R2: 12532.02 | S2: 12463.74 | T2: 12636.25 | U2: 12103.41 | V2: 12164.54 | W2: 12709.19 | X2: 12948.62 | Y2: 13139.48 | Z2: 13859.42 | AA2: 13946.43 | AB2: 13576 | AC2: 13311.37 | AD2: 13420.03 | AE2: 13477.83 | AF2: 13752.65 | AG2: 13229.49 | AH2: 13551.63 | AI2: 13506.88 | AJ2: 13285.23 | AK2: 13020.61 | AL2: 12520.77 | AM2: 12395.95 | AN2: 11802 | AO2: 11844.03 | AP2: 12241.56 | AQ2: 11893.49 | AR2: 12092.44 | AS2: 12093.43 | AT2: 10920.39 | AU2: 11533.72 | AV2: 11110.5 | AW2: 11425.38 | AX2: 10569.54 | AY2: 10598.97 | AZ2: 10312.34 | BA2: 9894.92 | BB2: 10550.67 | BC2: 10908.38 | BD2: 11091.45 | BE2: 11323.47 | BF2: 11333.79 | BG2: 11776.05 | BH2: 12083.91 | BI2: 12472.2 | BJ2: 12830.88 | BK2: 13080.81 | BL2: 12696.97 | BM2: 12601.93 | BN2: 14002.71 | BO2: 14683.13 | BP2: 15009.89 | BQ2: 15002.08 | BR2: 16021.93 | BS2: 16769.63 | BT2: 16718.55 | BU2: 17176.61 | BV2: 17233.35 | BW2: 17390.53 | BX2: 18128.34 | BY2: 18542.08 | BZ2: 19030.3 | CA2: 19798.93 | CB2: 20509.43 | CC2: 20608.85 | CD2: 20912.81 | CE2: 21722.14 | CF2: 22053.65 | CG2: 22014.63 | CH2: 21763.48 | CI2: 20915.79 | CJ2: 20573.73 | CK2: 20236.09 | CL2: 20560.05 | CM2: 20515.26 | CN2: 19906.22 | CO2: 19088.16 | CP2: 18687.74 | CQ2: 18049.34 | CR2: 17654.42 | CS2: 17454.21
A3: 46236 | B3: {=负荷!B3:CS3-水电!B3:CS3-核电!B3:CS3-地方燃煤!B3:CS3-风电!B3:CS3-光伏!B3:CS3-非市场化!B3:CS3-联络线!B3:CS3} -> 19200.83 | C3: 20593.51 | D3: 21193.07 | E3: 21348.12 | F3: 21372.1 | G3: 21133.15 | H3: 21145.26 | I3: 20689.57 | J3: 20341.1 | K3: 20771.23 | L3: 20539.44 | M3: 20464.28 | N3: 20601.19 | O3: 20494.87 | P3: 20507.83 | Q3: 20492.78 | R3: 20593.59 | S3: 20236.41 | T3: 19726.83 | U3: 19267.03 | V3: 19222.88 | W3: 18638.3 | X3: 18850.36 | Y3: 19078.36 | Z3: 19530.52 | AA3: 20100.69 | AB3: 19988.11 | AC3: 19926.01 | AD3: 18688.84 | AE3: 18501.28 | AF3: 18601.04 | AG3: 18877.49 | AH3: 19221.46 | AI3: 19262.08 | AJ3: 18501 | AK3: 18038.4 | AL3: 19030.27 | AM3: 18890.49 | AN3: 18976.01 | AO3: 18360.72 | AP3: 17513.39 | AQ3: 17527.75 | AR3: 17938.5 | AS3: 17942.78 | AT3: 18241.33 | AU3: 17795.7 | AV3: 18131.65 | AW3: 17951.72 | AX3: 18110.98 | AY3: 17583.75 | AZ3: 17776.54 | BA3: 17331.78 | BB3: 18016.03 | BC3: 17876.08 | BD3: 17953.69 | BE3: 18050.96 | BF3: 18380.37 | BG3: 18385.71 | BH3: 18174.07 | BI3: 17356.22 | BJ3: 17380.55 | BK3: 17213.36 | BL3: 17766.91 | BM3: 18487.4 | BN3: 18916.81 | BO3: 19383.94 | BP3: 19458.78 | BQ3: 19036.12 | BR3: 19620.42 | BS3: 19866 | BT3: 20371.67 | BU3: 20788.66 | BV3: 20628.54 | BW3: 20372.57 | BX3: 20711.83 | BY3: 20008.23 | BZ3: 20935.26 | CA3: 21643.87 | CB3: 22095.79 | CC3: 21950.87 | CD3: 21780.06 | CE3: 21586.74 | CF3: 20777.67 | CG3: 20348.6 | CH3: 21083.93 | CI3: 21608.42 | CJ3: 20992.58 | CK3: 20408.31 | CL3: 19807.43 | CM3: 19374.61 | CN3: 19700.35 | CO3: 19776.34 | CP3: 18842.77 | CQ3: 18041.41 | CR3: 16606.7 | CS3: 15870.94
A4: 46237 | B4: {=负荷!B4:CS4-水电!B4:CS4-核电!B4:CS4-地方燃煤!B4:CS4-风电!B4:CS4-光伏!B4:CS4-非市场化!B4:CS4-联络线!B4:CS4} -> 16083.19 | C4: 16085.79 | D4: 16225.92 | E4: 16057.93 | F4: 16148.99 | G4: 16010.47 | H4: 15885.33 | I4: 15466.08 | J4: 15042.97 | K4: 14686.07 | L4: 13881.43 | M4: 13368.42 | N4: 13733.19 | O4: 13655.61 | P4: 13346.28 | Q4: 13310.79 | R4: 13318.62 | S4: 13475.91 | T4: 13866.41 | U4: 13924.01 | V4: 12942.42 | W4: 12517.77 | X4: 12781.45 | Y4: 12366.6 | Z4: 13739.2 | AA4: 14593.77 | AB4: 14350.75 | AC4: 14476.24 | AD4: 14241.71 | AE4: 14434.02 | AF4: 14613.51 | AG4: 14210.76 | AH4: 15230.37 | AI4: 14858.85 | AJ4: 14688.6 | AK4: 14787.66 | AL4: 15254.4 | AM4: 15189.91 | AN4: 14852.63 | AO4: 14669.72 | AP4: 15264.8 | AQ4: 15859.37 | AR4: 15439.19 | AS4: 15281.87 | AT4: 14473.84 | AU4: 14458.43 | AV4: 15049.01 | AW4: 15207.88 | AX4: 14919.77 | AY4: 14450.5 | AZ4: 15224.64 | BA4: 15382.02 | BB4: 14511.56 | BC4: 14454.58 | BD4: 14935.95 | BE4: 15028.45 | BF4: 14826.05 | BG4: 15008.45 | BH4: 15386.13 | BI4: 15285.9 | BJ4: 15392.87 | BK4: 15439.42 | BL4: 15304.04 | BM4: 15237.47 | BN4: 15135.08 | BO4: 15349.46 | BP4: 15822.45 | BQ4: 15956.69 | BR4: 16549.68 | BS4: 17099.48 | BT4: 17412.51 | BU4: 17537.26 | BV4: 17916.95 | BW4: 18205.54 | BX4: 18348.19 | BY4: 18487.63 | BZ4: 18605.43 | CA4: 18789.59 | CB4: 18670 | CC4: 18463.02 | CD4: 18347.79 | CE4: 18135.42 | CF4: 17949.52 | CG4: 17862.21 | CH4: 17066.4 | CI4: 16757.74 | CJ4: 16505.25 | CK4: 16029.03 | CL4: 15782.1 | CM4: 15250.44 | CN4: 14566.44 | CO4: 14961.42 | CP4: 13750.2 | CQ4: 12646.26 | CR4: 12711.81 | CS4: 12605.69
A5: 46238 | B5: {=负荷!B5:CS5-水电!B5:CS5-核电!B5:CS5-地方燃煤!B5:CS5-风电!B5:CS5-光伏!B5:CS5-非市场化!B5:CS5-联络线!B5:CS5} -> 12762.37 | C5: 13171.07 | D5: 12301.36 | E5: 13005.63 | F5: 13063.01 | G5: 13616.06 | H5: 13174.97 | I5: 12721.96 | J5: 13142.3 | K5: 13380.72 | L5: 13372.31 | M5: 13082.25 | N5: 13016.35 | O5: 12692.02 | P5: 13134.44 | Q5: 12922.72 | R5: 12470.03 | S5: 12908.13 | T5: 13061.08 | U5: 13586.44 | V5: 13373.57 | W5: 13330.72 | X5: 13021.01 | Y5: 13534.8 | Z5: 14442.69 | AA5: 14725.98 | AB5: 14811.08 | AC5: 14857.97 | AD5: 14823.99 | AE5: 14944.77 | AF5: 14652.55 | AG5: 14973.72 | AH5: 15196.65 | AI5: 15173.44 | AJ5: 14946.42 | AK5: 15004.55 | AL5: 15560.01 | AM5: 15796.66 | AN5: 15439.48 | AO5: 15243.66 | AP5: 15802.59 | AQ5: 15878.37 | AR5: 15748.66 | AS5: 14814.07 | AT5: 14634.43 | AU5: 14448.66 | AV5: 14551.06 | AW5: 13670.49 | AX5: 13262.56 | AY5: 13325.44 | AZ5: 12823.52 | BA5: 12809.23 | BB5: 13349.74 | BC5: 13623.65 | BD5: 13063.53 | BE5: 12555.89 | BF5: 13241.82 | BG5: 13652.91 | BH5: 13682.83 | BI5: 13902.55 | BJ5: 13974.62 | BK5: 13992.57 | BL5: 14923.2 | BM5: 15061.7 | BN5: 16538.27 | BO5: 16634.17 | BP5: 17165.99 | BQ5: 17486.44 | BR5: 18501.32 | BS5: 19287.86 | BT5: 19519.41 | BU5: 19944.97 | BV5: 20477.6 | BW5: 20821.18 | BX5: 20433.46 | BY5: 20298.78 | BZ5: 20635.23 | CA5: 20662.55 | CB5: 20597.84 | CC5: 20566.87 | CD5: 20311.7 | CE5: 20605.33 | CF5: 20475.08 | CG5: 20639.6 | CH5: 20307.52 | CI5: 20168.49 | CJ5: 20193.71 | CK5: 19854.69 | CL5: 18812.38 | CM5: 17968.03 | CN5: 17753.42 | CO5: 16843.37 | CP5: 16222.31 | CQ5: 15878.45 | CR5: 15132.18 | CS5: 14974.48
A6: 46239 | B6: {=负荷!B6:CS6-水电!B6:CS6-核电!B6:CS6-地方燃煤!B6:CS6-风电!B6:CS6-光伏!B6:CS6-非市场化!B6:CS6-联络线!B6:CS6} -> 16697.81 | C6: 16899.1 | D6: 17125.96 | E6: 17311.14 | F6: 17763.45 | G6: 17762.22 | H6: 17584.6 | I6: 17320.25 | J6: 17353.32 | K6: 17349.06 | L6: 17299.51 | M6: 17219.28 | N6: 17320.33 | O6: 17217.9 | P6: 17254.85 | Q6: 17587.59 | R6: 16961.85 | S6: 16679.57 | T6: 16499.99 | U6: 16434.09 | V6: 15678.19 | W6: 16093 | X6: 16384.54 | Y6: 15896.29 | Z6: 15930.53 | AA6: 16152.94 | AB6: 16603.57 | AC6: 16863.95 | AD6: 16709.53 | AE6: 16643.13 | AF6: 16505.37 | AG6: 16059.91 | AH6: 15723.5 | AI6: 15814.43 | AJ6: 15311.3 | AK6: 16694.19 | AL6: 16755.34 | AM6: 17079.27 | AN6: 17405.79 | AO6: 17864.73 | AP6: 17933.87 | AQ6: 18733.44 | AR6: 18767.25 | AS6: 18261.26 | AT6: 18101.98 | AU6: 17826.48 | AV6: 17990.96 | AW6: 18182.81 | AX6: 18043.36 | AY6: 17891.77 | AZ6: 18412.42 | BA6: 18170.19 | BB6: 18180.02 | BC6: 18367 | BD6: 18912.66 | BE6: 18764.69 | BF6: 19429.52 | BG6: 19679.94 | BH6: 20231.61 | BI6: 18756.29 | BJ6: 18111.82 | BK6: 18076.87 | BL6: 18549.81 | BM6: 17951.73 | BN6: 18928.28 | BO6: 19939.73 | BP6: 21476.27 | BQ6: 21980.94 | BR6: 22403.26 | BS6: 23021.06 | BT6: 23194.71 | BU6: 23155.26 | BV6: 22783.95 | BW6: 22879.45 | BX6: 22865.07 | BY6: 23064.39 | BZ6: 23191.49 | CA6: 23385.38 | CB6: 23510.14 | CC6: 23429.85 | CD6: 23072.27 | CE6: 23589.95 | CF6: 23446.48 | CG6: 23458.04 | CH6: 23273.44 | CI6: 22729.61 | CJ6: 22672.59 | CK6: 21910.27 | CL6: 21224.74 | CM6: 21025.67 | CN6: 20515.31 | CO6: 20046.99 | CP6: 20145.02 | CQ6: 19993.16 | CR6: 19923.75 | CS6: 19340.84
A7: 46240 | B7: {=负荷!B7:CS7-水电!B7:CS7-核电!B7:CS7-地方燃煤!B7:CS7-风电!B7:CS7-光伏!B7:CS7-非市场化!B7:CS7-联络线!B7:CS7} -> 19661.44 | C7: 20167.87 | D7: 20350 | E7: 20171.46 | F7: 19779.41 | G7: 19940.49 | H7: 19990.71 | I7: 20165.91 | J7: 20516.24 | K7: 20255.66 | L7: 20174.94 | M7: 19737.39 | N7: 19877.73 | O7: 19624.71 | P7: 19643.56 | Q7: 19369.1 | R7: 19271.94 | S7: 19095.54 | T7: 19107.2 | U7: 19140.83 | V7: 19033.1 | W7: 18822.54 | X7: 18724.56 | Y7: 17620.28 | Z7: 17307.06 | AA7: 16985.25 | AB7: 17223.99 | AC7: 17999.12 | AD7: 17613.86 | AE7: 17907.07 | AF7: 18260.35 | AG7: 19503.46 | AH7: 19884.57 | AI7: 20055.95 | AJ7: 19976.32 | AK7: 19396.13 | AL7: 19405.96 | AM7: 19640.92 | AN7: 18976.51 | AO7: 19278.59 | AP7: 18646.23 | AQ7: 18694.11 | AR7: 18497.51 | AS7: 18223.71 | AT7: 18301.79 | AU7: 18232.85 | AV7: 18303.24 | AW7: 18376.73 | AX7: 18198.18 | AY7: 17894.38 | AZ7: 17952.12 | BA7: 17520.35 | BB7: 17929.84 | BC7: 18006.25 | BD7: 18236.81 | BE7: 18252.97 | BF7: 18407.05 | BG7: 18646.03 | BH7: 18724.16 | BI7: 19270.64 | BJ7: 18814.84 | BK7: 19603.65 | BL7: 19897.92 | BM7: 20427.59 | BN7: 20417.98 | BO7: 20616.15 | BP7: 21039.02 | BQ7: 21369.65 | BR7: 21985.51 | BS7: 22146.31 | BT7: 22864.74 | BU7: 23553.27 | BV7: 23016.29 | BW7: 23022.56 | BX7: 22968.24 | BY7: 22354.94 | BZ7: 23112.74 | CA7: 23316.55 | CB7: 23331.49 | CC7: 23407.06 | CD7: 23133.31 | CE7: 23032.57 | CF7: 23088.08 | CG7: 23301.68 | CH7: 22491.21 | CI7: 22964.42 | CJ7: 22186.21 | CK7: 21129.37 | CL7: 19705.56 | CM7: 19640.11 | CN7: 19752.45 | CO7: 20095.01 | CP7: 20243.43 | CQ7: 20085.54 | CR7: 19368.31 | CS7: 18876.35
A8: 46241 | B8: {=负荷!B8:CS8-水电!B8:CS8-核电!B8:CS8-地方燃煤!B8:CS8-风电!B8:CS8-光伏!B8:CS8-非市场化!B8:CS8-联络线!B8:CS8} -> 16972.34 | C8: 15697.42 | D8: 14843.76 | E8: 13768.94 | F8: 13177.42 | G8: 12609.23 | H8: 11565.3 | I8: 11121.25 | J8: 11967.99 | K8: 11763.65 | L8: 11654.33 | M8: 11629.43 | N8: 11811.28 | O8: 11443.26 | P8: 10782.67 | Q8: 9926.95 | R8: 9543.64 | S8: 8788.34 | T8: 8515.73 | U8: 8329.89 | V8: 8290.85 | W8: 7805.46 | X8: 7800.36 | Y8: 8150.3 | Z8: 8452.17 | AA8: 8092.09 | AB8: 7847.26 | AC8: 7876.32 | AD8: 7863.28 | AE8: 8381.47 | AF8: 8238.67 | AG8: 8289.32 | AH8: 8390.97 | AI8: 8706.57 | AJ8: 8877.92 | AK8: 8977.45 | AL8: 8914.1 | AM8: 9005.54 | AN8: 9066.71 | AO8: 9147.81 | AP8: 8962.68 | AQ8: 9365.09 | AR8: 9232.97 | AS8: 8739.56 | AT8: 9109.32 | AU8: 9014.17 | AV8: 9432.13 | AW8: 9506.26 | AX8: 9383.41 | AY8: 9052.24 | AZ8: 9217.71 | BA8: 9403.48 | BB8: 9345.99 | BC8: 9439.44 | BD8: 8902.39 | BE8: 9165.05 | BF8: 9145.04 | BG8: 8949.58 | BH8: 8966.17 | BI8: 8901.38 | BJ8: 8837.58 | BK8: 8879.91 | BL8: 9044.77 | BM8: 8966.62 | BN8: 8985.26 | BO8: 9101.8 | BP8: 9075.61 | BQ8: 9050.99 | BR8: 9384.34 | BS8: 9728.3 | BT8: 9779.68 | BU8: 9086.87 | BV8: 9590.19 | BW8: 9384.98 | BX8: 9249.06 | BY8: 9050.4 | BZ8: 8916.33 | CA8: 8894.11 | CB8: 9491.15 | CC8: 8941.27 | CD8: 9219.34 | CE8: 9625.18 | CF8: 9329.28 | CG8: 9176.88 | CH8: 8909.89 | CI8: 8888.65 | CJ8: 9299.14 | CK8: 9160.38 | CL8: 8741.68 | CM8: 8740.98 | CN8: 8576.87 | CO8: 8679.73 | CP8: 7859.38 | CQ8: 7780.28 | CR8: 7032.5 | CS8: 7356.4
A9: 46242 | B9: {=负荷!B9:CS9-水电!B9:CS9-核电!B9:CS9-地方燃煤!B9:CS9-风电!B9:CS9-光伏!B9:CS9-非市场化!B9:CS9-联络线!B9:CS9} -> 7996.13 | C9: 8299.56 | D9: 9092.72 | E9: 9233.5 | F9: 9118.5 | G9: 9034.56 | H9: 8389.38 | I9: 8211.15 | J9: 8581.27 | K9: 8297.96 | L9: 8271.2 | M9: 8097.29 | N9: 8731.88 | O9: 9008.62 | P9: 9086.85 | Q9: 8950.58 | R9: 8440.95 | S9: 8577.57 | T9: 8747.69 | U9: 8939.52 | V9: 9411.05 | W9: 9068.47 | X9: 8744.07 | Y9: 8594.94 | Z9: 9074.49 | AA9: 9341.31 | AB9: 9278.41 | AC9: 8972.56 | AD9: 8050.97 | AE9: 7401.8 | AF9: 7106.48 | AG9: 6786.52 | AH9: 7015.86 | AI9: 7213.3 | AJ9: 7205.91 | AK9: 7103.41 | AL9: 7056.69 | AM9: 7098.81 | AN9: 7069.25 | AO9: 7177.21 | AP9: 7021.72 | AQ9: 7114.14 | AR9: 7155.47 | AS9: 7042.52 | AT9: 7045.35 | AU9: 7072.53 | AV9: 7088.54 | AW9: 6982.48 | AX9: 6979.42 | AY9: 6992.12 | AZ9: 6990.05 | BA9: 6895.8 | BB9: 6849.43 | BC9: 6788.19 | BD9: 7085.28 | BE9: 7041.69 | BF9: 7198.6 | BG9: 7189.98 | BH9: 7198.36 | BI9: 7038.19 | BJ9: 7118.93 | BK9: 7082.32 | BL9: 6977.9 | BM9: 7436.54 | BN9: 7114.79 | BO9: 7376.44 | BP9: 8699.15 | BQ9: 9851.32 | BR9: 10260.99 | BS9: 11355.37 | BT9: 11485.88 | BU9: 11922.59 | BV9: 11697.29 | BW9: 11111.93 | BX9: 10673.28 | BY9: 9337 | BZ9: 8980.86 | CA9: 8921.26 | CB9: 8947.1 | CC9: 8857.56 | CD9: 8912.96 | CE9: 8783.23 | CF9: 8419.4 | CG9: 7809.96 | CH9: 8518.03 | CI9: 7803.22 | CJ9: 7884.63 | CK9: 7477.85 | CL9: 8098.71 | CM9: 8407.96 | CN9: 8787.39 | CO9: 9098.83 | CP9: 9830.53 | CQ9: 9794.52 | CR9: 9265.39 | CS9: 9056.28
A10: 46243 | B10: {=负荷!B10:CS10-水电!B10:CS10-核电!B10:CS10-地方燃煤!B10:CS10-风电!B10:CS10-光伏!B10:CS10-非市场化!B10:CS10-联络线!B10:CS10} -> 9151.18 | C10: 9504.05 | D10: 9841.52 | E10: 9786.39 | F10: 10010.8 | G10: 10539.23 | H10: 10750.01 | I10: 10734.93 | J10: 10011.05 | K10: 10079.02 | L10: 10056.99 | M10: 10034.29 | N10: 10791.85 | O10: 10695.12 | P10: 10349.16 | Q10: 10255.97 | R10: 9558.56 | S10: 9795.35 | T10: 9682.09 | U10: 9557.96 | V10: 8440.18 | W10: 8406.74 | X10: 8863.27 | Y10: 9210.64 | Z10: 10511.15 | AA10: 10914.63 | AB10: 11300.42 | AC10: 11346.74 | AD10: 10209.86 | AE10: 10111.3 | AF10: 9925.55 | AG10: 9653.88 | AH10: 9381.67 | AI10: 8775.84 | AJ10: 8359.03 | AK10: 8068.11 | AL10: 7528.17 | AM10: 8164.02 | AN10: 8184.39 | AO10: 7742.5 | AP10: 8007.55 | AQ10: 7721.36 | AR10: 7878.96 | AS10: 7790.79 | AT10: 7758.41 | AU10: 7650.95 | AV10: 7622.26 | AW10: 7610.29 | AX10: 8304.8 | AY10: 8378.72 | AZ10: 8752.17 | BA10: 8592.46 | BB10: 8382.1 | BC10: 8512.86 | BD10: 8906.48 | BE10: 8606.51 | BF10: 9481.23 | BG10: 9865.95 | BH10: 9126.15 | BI10: 9581.12 | BJ10: 9658.22 | BK10: 9928.57 | BL10: 10443.94 | BM10: 10875.98 | BN10: 12276.19 | BO10: 12972.01 | BP10: 13317.66 | BQ10: 14481.55 | BR10: 15508.47 | BS10: 15728.26 | BT10: 16239.03 | BU10: 16050.66 | BV10: 15902.53 | BW10: 15700.26 | BX10: 15699.59 | BY10: 15591.36 | BZ10: 15379.39 | CA10: 15538.81 | CB10: 15693.29 | CC10: 15314.22 | CD10: 14836.82 | CE10: 14927.86 | CF10: 14826.26 | CG10: 15032.09 | CH10: 14271.17 | CI10: 13648.93 | CJ10: 13386.61 | CK10: 12700.78 | CL10: 12657.46 | CM10: 12907.19 | CN10: 13281.51 | CO10: 13869.87 | CP10: 13117.19 | CQ10: 12949.05 | CR10: 13122.28 | CS10: 12935.98
A11: 46244 | B11: {=负荷!B11:CS11-水电!B11:CS11-核电!B11:CS11-地方燃煤!B11:CS11-风电!B11:CS11-光伏!B11:CS11-非市场化!B11:CS11-联络线!B11:CS11} -> 12937.68 | C11: 12543.71 | D11: 12339.58 | E11: 12064.47 | F11: 12062.57 | G11: 12527.86 | H11: 12527.28 | I11: 12326.63 | J11: 11617.14 | K11: 11441.39 | L11: 11079.76 | M11: 11237.29 | N11: 10954.87 | O11: 10993.5 | P11: 10796 | Q11: 10827.57 | R11: 10843.77 | S11: 10606.72 | T11: 10471.7 | U11: 10508.6 | V11: 10833.45 | W11: 10937.25 | X11: 10875.89 | Y11: 10864.28 | Z11: 11288.8 | AA11: 10801.38 | AB11: 10375.86 | AC11: 10420.27 | AD11: 9880.93 | AE11: 10194.83 | AF11: 10046.22 | AG11: 10533.36 | AH11: 10536 | AI11: 10764.21 | AJ11: 10100.01 | AK11: 10154.44 | AL11: 9210.51 | AM11: 9649.23 | AN11: 9024.75 | AO11: 8265.11 | AP11: 8353.7 | AQ11: 7957.75 | AR11: 8017.22 | AS11: 7766.98 | AT11: 7743.67 | AU11: 8001.2 | AV11: 7796.21 | AW11: 7385.51 | AX11: 7532.37 | AY11: 7001.34 | AZ11: 7541.78 | BA11: 7077.68 | BB11: 7296 | BC11: 7403.56 | BD11: 7395.38 | BE11: 7018.12 | BF11: 7530.73 | BG11: 7779.91 | BH11: 7562.64 | BI11: 7523.69 | BJ11: 7339.27 | BK11: 7385.56 | BL11: 7889.62 | BM11: 8955.52 | BN11: 8523.84 | BO11: 8884.11 | BP11: 9629.82 | BQ11: 9581.44 | BR11: 9904.36 | BS11: 10297.46 | BT11: 10651.66 | BU11: 11144.82 | BV11: 10775.36 | BW11: 11242.84 | BX11: 11120.19 | BY11: 11167.36 | BZ11: 11040.75 | CA11: 11313.18 | CB11: 10655.77 | CC11: 11460.61 | CD11: 10544.56 | CE11: 10612.9 | CF11: 10558.04 | CG11: 10608.1 | CH11: 10456.08 | CI11: 9994.34 | CJ11: 10124.28 | CK11: 10022.23 | CL11: 10831.48 | CM11: 10625.76 | CN11: 10939.22 | CO11: 10744.43 | CP11: 10311.26 | CQ11: 9994.86 | CR11: 9977.01 | CS11: 9624.92
A12: 46245 | B12: {=负荷!B12:CS12-水电!B12:CS12-核电!B12:CS12-地方燃煤!B12:CS12-风电!B12:CS12-光伏!B12:CS12-非市场化!B12:CS12-联络线!B12:CS12} -> 9600.68 | C12: 9520.17 | D12: 9495.94 | E12: 9139.48 | F12: 8707.5 | G12: 8784.72 | H12: 8943.87 | I12: 9345.07 | J12: 9968.8 | K12: 10082.48 | L12: 9761 | M12: 9651.66 | N12: 9675.17 | O12: 9498.59 | P12: 9557.19 | Q12: 9524.14 | R12: 9353.7 | S12: 9276.39 | T12: 9060.85 | U12: 9399.28 | V12: 9780.31 | W12: 9779.51 | X12: 9982.82 | Y12: 9321.12 | Z12: 9986.59 | AA12: 9868.15 | AB12: 9875.2 | AC12: 9416.13 | AD12: 9142.75 | AE12: 8665.1 | AF12: 8644.05 | AG12: 8346.36 | AH12: 8596.74 | AI12: 8722.81 | AJ12: 8558.55 | AK12: 8424.32 | AL12: 8457.77 | AM12: 8644.41 | AN12: 8629 | AO12: 7927.28 | AP12: 8272.17 | AQ12: 8585.29 | AR12: 8953.12 | AS12: 8677.34 | AT12: 8197.78 | AU12: 8148.22 | AV12: 8145.81 | AW12: 8130.93 | AX12: 8431.08 | AY12: 9048.66 | AZ12: 8717.36 | BA12: 8955.28 | BB12: 9505.39 | BC12: 9087.49 | BD12: 9661.24 | BE12: 9267.94 | BF12: 9196.97 | BG12: 9683.51 | BH12: 8998.63 | BI12: 9677.93 | BJ12: 9642.53 | BK12: 9649.35 | BL12: 10117.79 | BM12: 10768.85 | BN12: 11877.73 | BO12: 12637.79 | BP12: 13124.06 | BQ12: 13923.88 | BR12: 14328.53 | BS12: 14732.47 | BT12: 15296.11 | BU12: 15425.77 | BV12: 16235.28 | BW12: 16463.51 | BX12: 16975.36 | BY12: 16731.06 | BZ12: 16248.47 | CA12: 16489.42 | CB12: 16546.09 | CC12: 16422.69 | CD12: 16311.82 | CE12: 16363.83 | CF12: 16115.25 | CG12: 16003.14 | CH12: 15965.19 | CI12: 15443.65 | CJ12: 14326.2 | CK12: 13361.41 | CL12: 13386.31 | CM12: 13589.27 | CN12: 13528.66 | CO12: 13725.54 | CP12: 13301.76 | CQ12: 13112.52 | CR12: 13038.37 | CS12: 12474.4
A13: 46246 | B13: {=负荷!B13:CS13-水电!B13:CS13-核电!B13:CS13-地方燃煤!B13:CS13-风电!B13:CS13-光伏!B13:CS13-非市场化!B13:CS13-联络线!B13:CS13} -> 13376.75 | C13: 12907.62 | D13: 12887.19 | E13: 13104.93 | F13: 13131.35 | G13: 13059.25 | H13: 13078.11 | I13: 12989.11 | J13: 13295.55 | K13: 13415.27 | L13: 13446.82 | M13: 13330.91 | N13: 13393.58 | O13: 13370.74 | P13: 13513.55 | Q13: 13251.84 | R13: 13479.79 | S13: 13392.08 | T13: 13314.01 | U13: 13671.55 | V13: 13874.43 | W13: 14054.53 | X13: 13752.34 | Y13: 14685.39 | Z13: 15957.7 | AA13: 16010.5 | AB13: 15773.2 | AC13: 15392.74 | AD13: 14870.21 | AE13: 14724.82 | AF13: 14929.09 | AG13: 14964.03 | AH13: 14705.06 | AI13: 14749.72 | AJ13: 14474.1 | AK13: 14119.11 | AL13: 13607.88 | AM13: 13617.49 | AN13: 13156.23 | AO13: 12586.53 | AP13: 11924.96 | AQ13: 11852.95 | AR13: 11821.64 | AS13: 11954.5 | AT13: 11691.43 | AU13: 12168.45 | AV13: 11657.36 | AW13: 11786.57 | AX13: 12304.96 | AY13: 12045.5 | AZ13: 12597.84 | BA13: 12206.71 | BB13: 12689.46 | BC13: 12458.66 | BD13: 12897.71 | BE13: 12933.43 | BF13: 13474.66 | BG13: 14195.97 | BH13: 14345.39 | BI13: 14500.65 | BJ13: 14777.51 | BK13: 14867.15 | BL13: 15231.4 | BM13: 15706.15 | BN13: 16756.77 | BO13: 17441.4 | BP13: 17918.74 | BQ13: 17541.88 | BR13: 18284.74 | BS13: 17993.13 | BT13: 17975.73 | BU13: 18175.82 | BV13: 18539.04 | BW13: 19008.23 | BX13: 18994.2 | BY13: 18888.75 | BZ13: 19480.68 | CA13: 19299.26 | CB13: 19088.32 | CC13: 18584.13 | CD13: 18716.93 | CE13: 18540.86 | CF13: 18662.51 | CG13: 18288.38 | CH13: 17699.13 | CI13: 17301.58 | CJ13: 17137.49 | CK13: 17726.44 | CL13: 15576.93 | CM13: 15357.2 | CN13: 15399.37 | CO13: 14790.83 | CP13: 15198.13 | CQ13: 14926.85 | CR13: 14550.43 | CS13: 14133.47
... A32: 46265 | B32: {=负荷!B32:CS32-水电!B32:CS32-核电!B32:CS32-地方燃煤!B32:CS32-风电!B32:CS32-光伏!B32:CS32-非市场化!B32:CS32-联络线!B32:CS32} -> 10375.9 | C32: 10453.39 | D32: 10484.2 | E32: 10814.97 | F32: 10717.39 | G32: 10995.34 | H32: 10921.56 | I32: 10526.59 | J32: 11022.3 | K32: 10841.19 | L32: 10765.45 | M32: 10407.46 | N32: 10434.31 | O32: 10134.97 | P32: 9876.09 | Q32: 9778.8 | R32: 9792.5 | S32: 9450.94 | T32: 9334.13 | U32: 9194.4 | V32: 9461.71 | W32: 9555.78 | X32: 9827.02 | Y32: 9972.61 | Z32: 10690.52 | AA32: 10448.31 | AB32: 10264.48 | AC32: 9842.44 | AD32: 10516.99 | AE32: 9999.36 | AF32: 9376.33 | AG32: 9284.36 | AH32: 9000.3 | AI32: 9075.2 | AJ32: 8133.24 | AK32: 8023.1 | AL32: 7545.44 | AM32: 7568.21 | AN32: 7136.84 | AO32: 6445.37 | AP32: 6382.11 | AQ32: 6302.22 | AR32: 6102.07 | AS32: 6176.27 | AT32: 6205.47 | AU32: 6043.72 | AV32: 6315.47 | AW32: 6430.83 | AX32: 6151.2 | AY32: 6681.45 | AZ32: 7242.98 | BA32: 6859.35 | BB32: 7428.53 | BC32: 7431.05 | BD32: 7694.99 | BE32: 7654.25 | BF32: 7543.73 | BG32: 7517.31 | BH32: 7726.09 | BI32: 8080.5 | BJ32: 7625.5 | BK32: 7745.92 | BL32: 8407.01 | BM32: 9190.9 | BN32: 10415.19 | BO32: 11656.72 | BP32: 11773.76 | BQ32: 11690.47 | BR32: 11781.84 | BS32: 11959.87 | BT32: 12397.91 | BU32: 12665.08 | BV32: 12651.82 | BW32: 13112.21 | BX32: 13025.5 | BY32: 12765 | BZ32: 12307.05 | CA32: 12057.12 | CB32: 12148.38 | CC32: 12294.16 | CD32: 11927.97 | CE32: 11991.47 | CF32: 12028.21 | CG32: 12436.54 | CH32: 12364.78 | CI32: 11613.38 | CJ32: 11043.76 | CK32: 10488.09 | CL32: 11177.58 | CM32: 11159.3 | CN32: 11610.73 | CO32: 11359.51 | CP32: 11404.58 | CQ32: 11274.61 | CR32: 10494.48 | CS32: 10391.88

Sheet 7日火电空间
A1: 负荷 | B1: 水电 | C1: 核电 | D1: 地方燃煤 | E1: 风电 | F1: 光伏 | G1: 联络线 | H1: 非市场化 | M1: 0.010416667 | N1: 0.020833333 | O1: 0.03125 | P1: 0.041666667 | Q1: 0.052083333 | R1: 0.0625 | S1: 0.072916667 | T1: 0.083333333 | U1: 0.09375 | V1: 0.10416667 | W1: 0.11458333 | X1: 0.125 | Y1: 0.13541667 | Z1: 0.14583333 | AA1: 0.15625 | AB1: 0.16666667
A2: {=_xlfn.TOCOL(OFFSET(负荷!B$1,COUNTA(负荷!B:B)-7,,7,96),3,FALSE)} -> 28657.7 | B2: {=_xlfn.TOCOL(OFFSET(水电!B$1,COUNTA(水电!B:B)-7,,7,96),3,FALSE)} -> 361 | C2: {=_xlfn.TOCOL(OFFSET(核电!B$1,COUNTA(核电!B:B)-7,,7,96),3,FALSE)} -> 6354.61 | D2: {=_xlfn.TOCOL(OFFSET(地方燃煤!B$1,COUNTA(地方燃煤!B:B)-7,,7,96),3,FALSE)} -> 41.19 | E2: {=_xlfn.TOCOL(OFFSET(风电!B$1,COUNTA(风电!B:B)-7,,7,96),3,FALSE)} -> 5074 | F2: {=_xlfn.TOCOL(OFFSET(光伏!B$1,COUNTA(光伏!B:B)-7,,7,96),3,FALSE)} -> 0 | G2: {=_xlfn.TOCOL(OFFSET(联络线!B$1,COUNTA(联络线!B:B)-7,,7,96),3,FALSE)} -> 4338 | H2: {=_xlfn.TOCOL(OFFSET(非市场化!B$1,COUNTA(非市场化!B:B)-7,,7,96),3,FALSE)} -> 3204.8 | I2: {=_xlfn.TOCOL(OFFSET(负荷!B$1,COUNTA(负荷!B:B)-7,,7,96),3,FALSE)} -> 28657.7 | M2: 3105.5 | N2: 3068.7 | O2: 3113.4 | P2: 3077 | Q2: 3074 | R2: 3071.2 | S2: 3072.7 | T2: 3058.5 | U2: 3045.1 | V2: 3078.8 | W2: 3068.8 | X2: 3069 | Y2: 3058.1 | Z2: 3037.2 | AA2: 3041.6 | AB2: 3049.5
A3: 28554 | B3: 321 | C3: 6354.6 | D3: 41.57 | E3: 4900 | F3: 0 | G3: 4399 | H3: 3212.1 | I3: 28554 | M3: 0.17708333 | N3: 0.1875 | O3: 0.19791667 | P3: 0.20833333 | Q3: 0.21875 | R3: 0.22916667 | S3: 0.23958333 | T3: 0.25 | U3: 0.26041667 | V3: 0.27083333 | W3: 0.28125 | X3: 0.29166667 | Y3: 0.30208333 | Z3: 0.3125 | AA3: 0.32291667 | AB3: 0.33333333
A4: 28312.9 | B4: 276 | C4: 6358.22 | D4: 41.91 | E4: 4726 | F4: 0 | G4: 4194 | H4: 3182.6 | I4: 28312.9 | M4: 3116.2 | N4: 3121.9 | O4: 3159.8 | P4: 3257.3 | Q4: 3364.3 | R4: 3481.1 | S4: 3594.3 | T4: 3756.2 | U4: 3973.6 | V4: 4188.1 | W4: 4501.3 | X4: 4792.6 | Y4: 5096.1 | Z4: 5423.9 | AA4: 5653.7 | AB4: 5981.2
A5: 27967.3 | B5: 276 | C5: 6359.82 | D5: 42.35 | E5: 4577 | F5: 0 | G5: 4253 | H5: 3200.3 | I5: 27967.3 | M5: 0.34375 | N5: 0.35416667 | O5: 0.36458333 | P5: 0.375 | Q5: 0.38541667 | R5: 0.39583333 | S5: 0.40625 | T5: 0.41666667 | U5: 0.42708333 | V5: 0.4375 | W5: 0.44791667 | X5: 0.45833333 | Y5: 0.46875 | Z5: 0.47916667 | AA5: 0.48958333 | AB5: 0.5
A6: 27980.6 | B6: 278 | C6: 6357 | D6: 41.65 | E6: 4514 | F6: 0 | G6: 4196 | H6: 3203.4 | I6: 27980.6 | M6: 6179.5 | N6: 6597.8 | O6: 6887.9 | P6: 7010.1 | Q6: 7268.4 | R6: 7540.6 | S6: 7768.7 | T6: 7869.4 | U6: 8000.7 | V6: 8095.7 | W6: 8189.7 | X6: 8230.1 | Y6: 8250.1 | Z6: 8240.8 | AA6: 8264.8 | AB6: 8251.9
A7: 27678.5 | B7: 280 | C7: 6352.59 | D7: 39.9 | E7: 4412 | F7: 0 | G7: 3987 | H7: 3217.2 | I7: 27678.5 | M7: 0.51041667 | N7: 0.52083333 | O7: 0.53125 | P7: 0.54166667 | Q7: 0.55208333 | R7: 0.5625 | S7: 0.57291667 | T7: 0.58333333 | U7: 0.59375 | V7: 0.60416667 | W7: 0.61458333 | X7: 0.625 | Y7: 0.63541667 | Z7: 0.64583333 | AA7: 0.65625 | AB7: 0.66666667
A8: 27689.4 | B8: 280 | C8: 6355.8 | D8: 40.39 | E8: 4422 | F8: 0 | G8: 3592 | H8: 3214.6 | I8: 27689.4 | M8: 8071.5 | N8: 8088.9 | O8: 8118.5 | P8: 8092 | Q8: 7940.5 | R8: 7898.9 | S8: 7821 | T8: 7707.1 | U8: 7500.7 | V8: 7358.9 | W8: 7155.2 | X8: 7014.6 | Y8: 6767.3 | Z8: 6609.1 | AA8: 6345 | AB8: 6054.9
A9: 27597 | B9: 281 | C9: 6352.59 | D9: 39.97 | E9: 4310 | F9: 0 | G9: 3480 | H9: 3191.8 | I9: 27597 | M9: 0.67708333 | N9: 0.6875 | O9: 0.69791667 | P9: 0.70833333 | Q9: 0.71875 | R9: 0.72916667 | S9: 0.73958333 | T9: 0.75 | U9: 0.76041667 | V9: 0.77083333 | W9: 0.78125 | X9: 0.79166667 | Y9: 0.80208333 | Z9: 0.8125 | AA9: 0.82291667 | AB9: 0.83333333
A10: 27325.3 | B10: 281 | C10: 6352.2 | D10: 40 | E10: 4168 | F10: 0 | G10: 3397 | H10: 3193.1 | I10: 27325.3 | M10: 5725.2 | N10: 5361.2 | O10: 4974.8 | P10: 4629.8 | Q10: 4273.1 | R10: 3956.4 | S10: 3701.4 | T10: 3496.1 | U10: 3361.4 | V10: 3270.1 | W10: 3199.3 | X10: 3110.7 | Y10: 3051.2 | Z10: 3018.4 | AA10: 3028 | AB10: 3032.8
A11: 27263.8 | B11: 281 | C11: 6359.01 | D11: 41.58 | E11: 3995 | F11: 0 | G11: 3438 | H11: 3193 | I11: 27263.8 | M11: 0.84375 | N11: 0.85416667 | O11: 0.86458333 | P11: 0.875 | Q11: 0.88541667 | R11: 0.89583333 | S11: 0.90625 | T11: 0.91666667 | U11: 0.92708333 | V11: 0.9375 | W11: 0.94791667 | X11: 0.95833333 | Y11: 0.96875 | Z11: 0.97916667 | AA11: 0.98958333 | AB11: 1
A12: 27215.9 | B12: 282 | C12: 6355.81 | D12: 41.9 | E12: 3708 | F12: 0 | G12: 2911 | H12: 3195.1 | I12: 27215.9 | M12: 3007.7 | N12: 3049.4 | O12: 3048.8 | P12: 3040.9 | Q12: 3039.8 | R12: 3051 | S12: 3051.2 | T12: 3061.4 | U12: 3047.2 | V12: 3048.4 | W12: 3063.8 | X12: 3055.2 | Y12: 3074.2 | Z12: 3024.1 | AA12: 3038.9 | AB12: 3009
A13: 27064.4 | B13: 282 | C13: 6351.79 | D13: 41.38 | E13: 3531 | F13: 0 | G13: 2759 | H13: 3206.2 | I13: 27064.4
A14: 27073.2 | B14: 281 | C14: 6350.99 | D14: 41.89 | E14: 3486 | F14: 0 | G14: 2643 | H14: 3194.3 | I14: 27073.2
A15: 27002.6 | B15: 282 | C15: 6350.18 | D15: 41.98 | E15: 3375 | F15: 0 | G15: 2745 | H15: 3199.3 | I15: 27002.6
A16: 27115.1 | B16: 282 | C16: 6355 | D16: 42.12 | E16: 3244 | F16: 0 | G16: 2798 | H16: 3212 | I16: 27115.1 | M16: {=M2:AB2} -> 3105.5 | N16: 3068.7 | O16: 3113.4 | P16: 3077 | Q16: 3074 | R16: 3071.2 | S16: 3072.7 | T16: 3058.5 | U16: 3045.1 | V16: 3078.8 | W16: 3068.8 | X16: 3069 | Y16: 3058.1 | Z16: 3037.2 | AA16: 3041.6 | AB16: 3049.5 | AC16: {=M4:AB4} -> 3116.2 | AD16: 3121.9 | AE16: 3159.8 | AF16: 3257.3 | AG16: 3364.3 | AH16: 3481.1 | AI16: 3594.3 | AJ16: 3756.2 | AK16: 3973.6 | AL16: 4188.1 | AM16: 4501.3 | AN16: 4792.6 | AO16: 5096.1 | AP16: 5423.9 | AQ16: 5653.7 | AR16: 5981.2 | AS16: {=M6:AB6} -> 6179.5 | AT16: 6597.8 | AU16: 6887.9 | AV16: 7010.1 | AW16: 7268.4 | AX16: 7540.6 | AY16: 7768.7 | AZ16: 7869.4 | BA16: 8000.7 | BB16: 8095.7 | BC16: 8189.7 | BD16: 8230.1 | BE16: 8250.1 | BF16: 8240.8 | BG16: 8264.8 | BH16: 8251.9 | BI16: {=M8:AB8} -> 8071.5 | BJ16: 8088.9 | BK16: 8118.5 | BL16: 8092 | BM16: 7940.5 | BN16: 7898.9 | BO16: 7821 | BP16: 7707.1 | BQ16: 7500.7 | BR16: 7358.9 | BS16: 7155.2 | BT16: 7014.6 | BU16: 6767.3 | BV16: 6609.1 | BW16: 6345 | BX16: 6054.9 | BY16: {=M10:AB10} -> 5725.2 | BZ16: 5361.2 | CA16: 4974.8 | CB16: 4629.8 | CC16: 4273.1 | CD16: 3956.4 | CE16: 3701.4 | CF16: 3496.1 | CG16: 3361.4 | CH16: 3270.1 | CI16: 3199.3 | CJ16: 3110.7 | CK16: 3051.2 | CL16: 3018.4 | CM16: 3028 | CN16: 3032.8 | CO16: {=M12:AB12} -> 3007.7 | CP16: 3049.4 | CQ16: 3048.8 | CR16: 3040.9 | CS16: 3039.8 | CT16: 3051 | CU16: 3051.2 | CV16: 3061.4 | CW16: 3047.2 | CX16: 3048.4 | CY16: 3063.8 | CZ16: 3055.2 | DA16: 3074.2 | DB16: 3024.1 | DC16: 3038.9 | DD16: 3009
A17: 27133.5 | B17: 282 | C17: 6351.79 | D17: 41.74 | E17: 3109 | F17: 0 | G17: 3072 | H17: 3204.2 | I17: 27133.5
A18: 27329.9 | B18: 282 | C18: 6348.57 | D18: 40.07 | E18: 2973 | F18: 53 | G18: 3464 | H18: 3204.2 | I18: 27329.9 | M18: {=VALUE(LEFT(M16:DD16,LEN(M16:DD16)-2))} -> 3105 | N18: 3068 | O18: 3113 | P18: 30 | Q18: 30 | R18: 3071 | S18: 3072 | T18: 3058 | U18: 3045 | V18: 3078 | W18: 3068 | X18: 30 | Y18: 3058 | Z18: 3037 | AA18: 3041 | AB18: 3049 | AC18: 3116 | AD18: 3121 | AE18: 3159 | AF18: 3257 | AG18: 3364 | AH18: 3481 | AI18: 3594 | AJ18: 3756 | AK18: 3973 | AL18: 4188 | AM18: 4501 | AN18: 4792 | AO18: 5096 | AP18: 5423 | AQ18: 5653 | AR18: 5981 | AS18: 6179 | AT18: 6597 | AU18: 6887 | AV18: 7010 | AW18: 7268 | AX18: 7540 | AY18: 7768 | AZ18: 7869 | BA18: 8000 | BB18: 8095 | BC18: 8189 | BD18: 8230 | BE18: 8250 | BF18: 8240 | BG18: 8264 | BH18: 8251 | BI18: 8071 | BJ18: 8088 | BK18: 8118 | BL18: 80 | BM18: 7940 | BN18: 7898 | BO18: 78 | BP18: 7707 | BQ18: 7500 | BR18: 7358 | BS18: 7155 | BT18: 7014 | BU18: 6767 | BV18: 6609 | BW18: 63 | BX18: 6054 | BY18: 5725 | BZ18: 5361 | CA18: 4974 | CB18: 4629 | CC18: 4273 | CD18: 3956 | CE18: 3701 | CF18: 3496 | CG18: 3361 | CH18: 3270 | CI18: 3199 | CJ18: 3110 | CK18: 3051 | CL18: 3018 | CM18: 30 | CN18: 3032 | CO18: 3007 | CP18: 3049 | CQ18: 3048 | CR18: 3040 | CS18: 3039 | CT18: 30 | CU18: 3051 | CV18: 3061 | CW18: 3047 | CX18: 3048 | CY18: 3063 | CZ18: 3055 | DA18: 3074 | DB18: 3024 | DC18: 3038 | DD18: 30
A19: 27294.9 | B19: 282 | C19: 6347.36 | D19: 40.49 | E19: 2926 | F19: 53 | G19: 3728 | H19: 3213.2 | I19: 27294.9
A20: 27417.3 | B20: 282 | C20: 6341.33 | D20: 40.72 | E20: 2796 | F20: 53 | G20: 3835 | H20: 3210.1 | I20: 27417.3
A21: 27440.4 | B21: 282 | C21: 6352.99 | D21: 41.35 | E21: 2728 | F21: 53 | G21: 4048 | H21: 3194.4 | I21: 27440.4
A22: 27937.9 | B22: 282 | C22: 6357.41 | D22: 40.92 | E22: 2630 | F22: 59 | G22: 4476 | H22: 3207.5 | I22: 27937.9
A23: 28355.6 | B23: 282 | C23: 6359.01 | D23: 43.22 | E23: 2552 | F23: 96 | G23: 4868 | H23: 3224.6 | I23: 28355.6
A24: 28980.9 | B24: 283 | C24: 6349.78 | D24: 42.8 | E24: 2494 | F24: 247 | G24: 5194 | H24: 3217.2 | I24: 28980.9
A25: 29371.7 | B25: 282 | C25: 6348.17 | D25: 41.94 | E25: 2389 | F25: 454 | G25: 5675 | H25: 3201.7 | I25: 29371.7
A26: 30047.7 | B26: 283 | C26: 6344.15 | D26: 42.87 | E26: 2344 | F26: 773 | G26: 5324 | H26: 3206.7 | I26: 30047.7
A27: 30733.7 | B27: 283 | C27: 6353.39 | D27: 42.61 | E27: 2210 | F27: 1163 | G27: 5887 | H27: 3195.3 | I27: 30733.7
A28: 31035.6 | B28: 313 | C28: 6357.41 | D28: 42.77 | E28: 2046 | F28: 1541 | G28: 5744 | H28: 3158.3 | I28: 31035.6 | L28: 4
A29: 31482.4 | B29: 347 | C29: 6344.16 | D29: 42.57 | E29: 1914 | F29: 1923 | G29: 6174 | H29: 3135.6 | I29: 31482.4 | M29: 4 | N29: 4 | O29: 4 | P29: 4 | Q29: 4 | R29: 4 | S29: 4 | T29: 4 | U29: 4 | V29: 4 | W29: 4 | X29: 4 | Y29: 4 | Z29: 4 | AA29: 4 | AB29: 4 | AC29: 4 | AD29: 4 | AE29: 4 | AF29: 4 | AG29: 4 | AH29: 4 | AI29: 4 | AJ29: 4 | AK29: 4 | AL29: 4 | AM29: 4 | AN29: 4 | AO29: 4 | AP29: 4 | AQ29: 4 | AR29: 4 | AS29: 4 | AT29: 4 | AU29: 4 | AV29: 4 | AW29: 4 | AX29: 4 | AY29: 4 | AZ29: 4 | BA29: 4 | BB29: 4 | BC29: 4 | BD29: 4 | BE29: 4 | BF29: 4 | BG29: 4 | BH29: 4 | BI29: 4 | BJ29: 4 | BK29: 4 | BL29: 4 | BM29: 4 | BN29: 4 | BO29: 4 | BP29: 4 | BQ29: 4 | BR29: 4 | BS29: 4 | BT29: 4 | BU29: 4 | BV29: 4 | BW29: 4 | BX29: 4 | BY29: 4 | BZ29: 4 | CA29: 4 | CB29: 4 | CC29: 4 | CD29: 4 | CE29: 4 | CF29: 4 | CG29: 4 | CH29: 4 | CI29: 4 | CJ29: 4 | CK29: 4 | CL29: 4 | CM29: 4 | CN29: 4 | CO29: 4 | CP29: 4 | CQ29: 4 | CR29: 4 | CS29: 4 | CT29: 4 | CU29: 4 | CV29: 4 | CW29: 4 | CX29: 4 | CY29: 4 | CZ29: 4 | DA29: 4 | DB29: 4 | DC29: 4 | DD29: 4
A30: 32126.2 | B30: 347 | C30: 6348.18 | D30: 41.86 | E30: 1804 | F30: 2311 | G30: 7177 | H30: 3161.9 | I30: 32126.2
A31: 32495.8 | B31: 348 | C31: 6366.64 | D31: 42.33 | E31: 1715 | F31: 2653 | G31: 7466 | H31: 3175.6 | I31: 32495.8
A32: 33180.6 | B32: 348 | C32: 6350.19 | D32: 42.01 | E32: 1632 | F32: 3186 | G32: 7914 | H32: 3193.3 | I32: 33180.6
A33: 33923.5 | B33: 348 | C33: 6356.21 | D33: 42.29 | E33: 1584 | F33: 3639 | G33: 7745 | H33: 3227 | I33: 33923.5
A34: 34665.5 | B34: 348 | C34: 6350.59 | D34: 41.15 | E34: 1523 | F34: 3943 | G34: 7716 | H34: 3207.1 | I34: 34665.5
A35: 35432.9 | B35: 348 | C35: 6351.39 | D35: 42.76 | E35: 1551 | F35: 4324 | G35: 8233 | H35: 3243.6 | I35: 35432.9
A36: 35781.6 | B36: 348 | C36: 6348.98 | D36: 42.13 | E36: 1615 | F36: 4638 | G36: 8298 | H36: 3229.5 | I36: 35781.6
A37: 36472.9 | B37: 348 | C37: 6361.84 | D37: 43.2 | E37: 1756 | F37: 5129 | G37: 8318 | H37: 3217.1 | I37: 36472.9
A38: 36804.7 | B38: 349 | C38: 6344.96 | D38: 44.65 | E38: 2094 | F38: 5340 | G38: 8405 | H38: 3235.1 | I38: 36804.7
A39: 37191 | B39: 349 | C39: 6355.41 | D39: 43.96 | E39: 2406 | F39: 5842 | G39: 8409 | H39: 3226.2 | I39: 37191
A40: 37601.8 | B40: 349 | C40: 6350.59 | D40: 42.94 | E40: 2689 | F40: 6253 | G40: 8507 | H40: 3211.2 | I40: 37601.8
A41: 37888 | B41: 349 | C41: 6356.21 | D41: 42.73 | E41: 3068 | F41: 6293 | G41: 8073 | H41: 3204.2 | I41: 37888
... A673: 27548.7 | B673: 249 | C673: 6327.68 | D673: 41.24 | E673: 4674 | F673: 0 | G673: 2837 | H673: 3027.9 | I673: 27548.7

Sheet Sheet1
A1: 0.010416667 | B1: 0.020833333 | C1: 0.03125 | D1: 0.041666667 | E1: 0.052083333 | F1: 0.0625 | G1: 0.072916667 | H1: 0.083333333 | I1: 0.09375 | J1: 0.10416667 | K1: 0.11458333 | L1: 0.125 | M1: 0.13541667 | N1: 0.14583333 | O1: 0.15625 | P1: 0.16666667
A2: 0 | B2: 0 | C2: 0 | D2: 0 | E2: 0 | F2: 0 | G2: 0 | H2: 0 | I2: 0 | J2: 0 | K2: 0 | L2: 0 | M2: 0 | N2: 0 | O2: 0 | P2: 0
A3: 0.17708333 | B3: 0.1875 | C3: 0.19791667 | D3: 0.20833333 | E3: 0.21875 | F3: 0.22916667 | G3: 0.23958333 | H3: 0.25 | I3: 0.26041667 | J3: 0.27083333 | K3: 0.28125 | L3: 0.29166667 | M3: 0.30208333 | N3: 0.3125 | O3: 0.32291667 | P3: 0.33333333
A4: 42 | B4: 42 | C4: 42 | D4: 67 | E4: 121 | F4: 264 | G4: 485 | H4: 742 | I4: 1139 | J4: 1585 | K4: 2032 | L4: 2607 | M4: 3142 | N4: 3821 | O4: 4393 | P4: 5016
A5: 0.34375 | B5: 0.35416667 | C5: 0.36458333 | D5: 0.375 | E5: 0.38541667 | F5: 0.39583333 | G5: 0.40625 | H5: 0.41666667 | I5: 0.42708333 | J5: 0.4375 | K5: 0.44791667 | L5: 0.45833333 | M5: 0.46875 | N5: 0.47916667 | O5: 0.48958333 | P5: 0.5
A6: 5535 | B6: 6144 | C6: 6565 | D6: 7115 | E6: 7539 | F6: 7805 | G6: 8018 | H6: 8373 | I6: 8462 | J6: 8938 | K6: 8734 | L6: 9311 | M6: 9367 | N6: 9441 | O6: 9339 | P6: 9198
A7: 0.51041667 | B7: 0.52083333 | C7: 0.53125 | D7: 0.54166667 | E7: 0.55208333 | F7: 0.5625 | G7: 0.57291667 | H7: 0.58333333 | I7: 0.59375 | J7: 0.60416667 | K7: 0.61458333 | L7: 0.625 | M7: 0.63541667 | N7: 0.64583333 | O7: 0.65625 | P7: 0.66666667
A8: 9092 | B8: 8708 | C8: 8972 | D8: 9080 | E8: 8918 | F8: 8698 | G8: 8536 | H8: 8505 | I8: 8071 | J8: 7934 | K8: 7604 | L8: 6966 | M8: 6461 | N8: 6219 | O8: 5644 | P8: 5092
A9: 0.67708333 | B9: 0.6875 | C9: 0.69791667 | D9: 0.70833333 | E9: 0.71875 | F9: 0.72916667 | G9: 0.73958333 | H9: 0.75 | I9: 0.76041667 | J9: 0.77083333 | K9: 0.78125 | L9: 0.79166667 | M9: 0.80208333 | N9: 0.8125 | O9: 0.82291667 | P9: 0.83333333
A10: 4555 | B10: 3826 | C10: 3218 | D10: 2629 | E10: 1841 | F10: 1332 | G10: 936 | H10: 653 | I10: 434 | J10: 252 | K10: 122 | L10: 53 | M10: 51 | N10: 51 | O10: 44 | P10: 50
A11: 0.84375 | B11: 0.85416667 | C11: 0.86458333 | D11: 0.875 | E11: 0.88541667 | F11: 0.89583333 | G11: 0.90625 | H11: 0.91666667 | I11: 0.92708333 | J11: 0.9375 | K11: 0.94791667 | L11: 0.95833333 | M11: 0.96875 | N11: 0.97916667 | O11: 0.98958333 | P11: 1
A12: 0 | B12: 0 | C12: 0 | D12: 0 | E12: 0 | F12: 0 | G12: 0 | H12: 0 | I12: 0 | J12: 0 | K12: 0 | L12: 0 | M12: 0 | N12: 0 | O12: 0 | P12: 0
A14: {=A2:P2} -> 0 | B14: 0 | C14: 0 | D14: 0 | E14: 0 | F14: 0 | G14: 0 | H14: 0 | I14: 0 | J14: 0 | K14: 0 | L14: 0 | M14: 0 | N14: 0 | O14: 0 | P14: 0 | Q14: {=A4:P4} -> 42 | R14: 42 | S14: 42 | T14: 67 | U14: 121 | V14: 264 | W14: 485 | X14: 742 | Y14: 1139 | Z14: 1585 | AA14: 2032 | AB14: 2607 | AC14: 3142 | AD14: 3821 | AE14: 4393 | AF14: 5016 | AG14: {=A6:P6} -> 5535 | AH14: 6144 | AI14: 6565 | AJ14: 7115 | AK14: 7539 | AL14: 7805 | AM14: 8018 | AN14: 8373 | AO14: 8462 | AP14: 8938 | AQ14: 8734 | AR14: 9311 | AS14: 9367 | AT14: 9441 | AU14: 9339 | AV14: 9198 | AW14: {=A8:P8} -> 9092 | AX14: 8708 | AY14: 8972 | AZ14: 9080 | BA14: 8918 | BB14: 8698 | BC14: 8536 | BD14: 8505 | BE14: 8071 | BF14: 7934 | BG14: 7604 | BH14: 6966 | BI14: 6461 | BJ14: 6219 | BK14: 5644 | BL14: 5092 | BM14: {=A10:P10} -> 4555 | BN14: 3826 | BO14: 3218 | BP14: 2629 | BQ14: 1841 | BR14: 1332 | BS14: 936 | BT14: 653 | BU14: 434 | BV14: 252 | BW14: 122 | BX14: 53 | BY14: 51 | BZ14: 51 | CA14: 44 | CB14: 50 | CC14: {=A12:P12} -> 0 | CD14: 0 | CE14: 0 | CF14: 0 | CG14: 0 | CH14: 0 | CI14: 0 | CJ14: 0 | CK14: 0 | CL14: 0 | CM14: 0 | CN14: 0 | CO14: 0 | CP14: 0 | CQ14: 0 | CR14: 0

Sheet 实时开机
A1: 日期 | B1: 0.010416667 | C1: 0.020833333 | D1: 0.03125 | E1: 0.041666667 | F1: 0.052083333 | G1: 0.0625 | H1: 0.072916667 | I1: 0.083333333 | J1: 0.09375 | K1: 0.10416667 | L1: 0.11458333 | M1: 0.125 | N1: 0.13541667 | O1: 0.14583333 | P1: 0.15625 | Q1: 0.16666667 | R1: 0.17708333 | S1: 0.1875 | T1: 0.19791667 | U1: 0.20833333 | V1: 0.21875 | W1: 0.22916667 | X1: 0.23958333 | Y1: 0.25 | Z1: 0.26041667 | AA1: 0.27083333 | AB1: 0.28125 | AC1: 0.29166667 | AD1: 0.30208333 | AE1: 0.3125 | AF1: 0.32291667 | AG1: 0.33333333 | AH1: 0.34375 | AI1: 0.35416667 | AJ1: 0.36458333 | AK1: 0.375 | AL1: 0.38541667 | AM1: 0.39583333 | AN1: 0.40625 | AO1: 0.41666667 | AP1: 0.42708333 | AQ1: 0.4375 | AR1: 0.44791667 | AS1: 0.45833333 | AT1: 0.46875 | AU1: 0.47916667 | AV1: 0.48958333 | AW1: 0.5 | AX1: 0.51041667 | AY1: 0.52083333 | AZ1: 0.53125 | BA1: 0.54166667 | BB1: 0.55208333 | BC1: 0.5625 | BD1: 0.57291667 | BE1: 0.58333333 | BF1: 0.59375 | BG1: 0.60416667 | BH1: 0.61458333 | BI1: 0.625 | BJ1: 0.63541667 | BK1: 0.64583333 | BL1: 0.65625 | BM1: 0.66666667 | BN1: 0.67708333 | BO1: 0.6875 | BP1: 0.69791667 | BQ1: 0.70833333 | BR1: 0.71875 | BS1: 0.72916667 | BT1: 0.73958333 | BU1: 0.75 | BV1: 0.76041667 | BW1: 0.77083333 | BX1: 0.78125 | BY1: 0.79166667 | BZ1: 0.80208333 | CA1: 0.8125 | CB1: 0.82291667 | CC1: 0.83333333 | CD1: 0.84375 | CE1: 0.85416667 | CF1: 0.86458333 | CG1: 0.875 | CH1: 0.88541667 | CI1: 0.89583333 | CJ1: 0.90625 | CK1: 0.91666667 | CL1: 0.92708333 | CM1: 0.9375 | CN1: 0.94791667 | CO1: 0.95833333 | CP1: 0.96875 | CQ1: 0.97916667 | CR1: 0.98958333 | CS1: 1
A2: 46235 | B2: 18050 | C2: 18050 | D2: 18370 | E2: 18370 | F2: 18370 | G2: 18370 | H2: 18370 | I2: 18370 | J2: 18370 | K2: 18370 | L2: 18370 | M2: 18370 | N2: 18370 | O2: 18370 | P2: 18370 | Q2: 18370 | R2: 18370 | S2: 18370 | T2: 18370 | U2: 18370 | V2: 18370 | W2: 18370 | X2: 18370 | Y2: 18370 | Z2: 18370 | AA2: 18505 | AB2: 18505 | AC2: 18505 | AD2: 18505 | AE2: 18505 | AF2: 18505 | AG2: 18505 | AH2: 18805 | AI2: 18805 | AJ2: 18805 | AK2: 19755 | AL2: 19755 | AM2: 19755 | AN2: 19755 | AO2: 19755 | AP2: 19755 | AQ2: 20105 | AR2: 20105 | AS2: 20105 | AT2: 20105 | AU2: 20105 | AV2: 20105 | AW2: 20105 | AX2: 20455 | AY2: 20955 | AZ2: 20955 | BA2: 21585 | BB2: 21935 | BC2: 23185 | BD2: 23185 | BE2: 23185 | BF2: 23185 | BG2: 23185 | BH2: 24665 | BI2: 24665 | BJ2: 25265 | BK2: 25265 | BL2: 25945 | BM2: 26145 | BN2: 26145 | BO2: 26145 | BP2: 26145 | BQ2: 26145 | BR2: 26145 | BS2: 26145 | BT2: 26145 | BU2: 26280 | BV2: 26280 | BW2: 26415 | BX2: 26715 | BY2: 26715 | BZ2: 26715 | CA2: 27065 | CB2: 27065 | CC2: 27065 | CD2: 27065 | CE2: 27065 | CF2: 27065 | CG2: 27065 | CH2: 27065 | CI2: 27065 | CJ2: 27065 | CK2: 27065 | CL2: 27065 | CM2: 27065 | CN2: 27065 | CO2: 27065 | CP2: 27065 | CQ2: 27065 | CR2: 27065 | CS2: 27065
A3: 46236 | B3: 27065 | C3: 27065 | D3: 27065 | E3: 27065 | F3: 27065 | G3: 27065 | H3: 27265 | I3: 27265 | J3: 27265 | K3: 27265 | L3: 27265 | M3: 27265 | N3: 27265 | O3: 27265 | P3: 27265 | Q3: 27265 | R3: 27265 | S3: 27265 | T3: 27265 | U3: 27265 | V3: 27265 | W3: 27265 | X3: 27265 | Y3: 27265 | Z3: 27265 | AA3: 27265 | AB3: 27265 | AC3: 27265 | AD3: 27265 | AE3: 27265 | AF3: 27265 | AG3: 27265 | AH3: 27265 | AI3: 27265 | AJ3: 27265 | AK3: 27265 | AL3: 27265 | AM3: 27265 | AN3: 27265 | AO3: 27265 | AP3: 27265 | AQ3: 27265 | AR3: 27265 | AS3: 27265 | AT3: 27265 | AU3: 27265 | AV3: 27265 | AW3: 27265 | AX3: 27265 | AY3: 27265 | AZ3: 27265 | BA3: 27265 | BB3: 27265 | BC3: 27265 | BD3: 27265 | BE3: 27265 | BF3: 27265 | BG3: 27265 | BH3: 27265 | BI3: 27265 | BJ3: 27265 | BK3: 27265 | BL3: 27265 | BM3: 27265 | BN3: 27265 | BO3: 27265 | BP3: 27265 | BQ3: 27265 | BR3: 27265 | BS3: 27265 | BT3: 27265 | BU3: 27265 | BV3: 27265 | BW3: 27265 | BX3: 27265 | BY3: 27265 | BZ3: 27265 | CA3: 27265 | CB3: 27265 | CC3: 27265 | CD3: 27265 | CE3: 27265 | CF3: 27265 | CG3: 27265 | CH3: 27265 | CI3: 27265 | CJ3: 27265 | CK3: 27265 | CL3: 27265 | CM3: 27265 | CN3: 27265 | CO3: 27265 | CP3: 27265 | CQ3: 27265 | CR3: 27265 | CS3: 27265
A4: 46237 | B4: 27265 | C4: 27265 | D4: 27265 | E4: 27265 | F4: 27265 | G4: 27265 | H4: 27265 | I4: 27265 | J4: 27265 | K4: 27265 | L4: 27265 | M4: 27265 | N4: 27265 | O4: 27265 | P4: 27265 | Q4: 27265 | R4: 27265 | S4: 27265 | T4: 27265 | U4: 27265 | V4: 27265 | W4: 27265 | X4: 27265 | Y4: 27265 | Z4: 27265 | AA4: 27265 | AB4: 27265 | AC4: 27265 | AD4: 27265 | AE4: 27265 | AF4: 27265 | AG4: 27265 | AH4: 27265 | AI4: 27265 | AJ4: 27265 | AK4: 27265 | AL4: 27265 | AM4: 27265 | AN4: 27265 | AO4: 27265 | AP4: 27265 | AQ4: 27265 | AR4: 27265 | AS4: 27265 | AT4: 27265 | AU4: 27265 | AV4: 27265 | AW4: 27265 | AX4: 27265 | AY4: 27265 | AZ4: 27265 | BA4: 27265 | BB4: 27265 | BC4: 27265 | BD4: 27265 | BE4: 27265 | BF4: 27265 | BG4: 27265 | BH4: 27265 | BI4: 27265 | BJ4: 27265 | BK4: 27265 | BL4: 27265 | BM4: 27265 | BN4: 27265 | BO4: 27265 | BP4: 27265 | BQ4: 27265 | BR4: 27265 | BS4: 27265 | BT4: 27265 | BU4: 27265 | BV4: 27265 | BW4: 27265 | BX4: 27265 | BY4: 27265 | BZ4: 27265 | CA4: 27265 | CB4: 27265 | CC4: 27265 | CD4: 27265 | CE4: 27265 | CF4: 27265 | CG4: 27265 | CH4: 27265 | CI4: 27265 | CJ4: 27265 | CK4: 27265 | CL4: 27265 | CM4: 27265 | CN4: 27265 | CO4: 27265 | CP4: 27265 | CQ4: 27265 | CR4: 27265 | CS4: 27265
A5: 46238 | B5: 27265 | C5: 27265 | D5: 27265 | E5: 27265 | F5: 27265 | G5: 27265 | H5: 27265 | I5: 27265 | J5: 27265 | K5: 27265 | L5: 27265 | M5: 27265 | N5: 27265 | O5: 27265 | P5: 27265 | Q5: 27265 | R5: 27265 | S5: 27265 | T5: 27265 | U5: 27265 | V5: 27265 | W5: 27265 | X5: 27265 | Y5: 27265 | Z5: 27265 | AA5: 27265 | AB5: 27265 | AC5: 27265 | AD5: 27265 | AE5: 27565 | AF5: 27565 | AG5: 27565 | AH5: 27565 | AI5: 27565 | AJ5: 27565 | AK5: 27565 | AL5: 27565 | AM5: 27565 | AN5: 27565 | AO5: 27565 | AP5: 27565 | AQ5: 27565 | AR5: 27565 | AS5: 27565 | AT5: 27565 | AU5: 27565 | AV5: 27565 | AW5: 27565 | AX5: 27565 | AY5: 27565 | AZ5: 27565 | BA5: 27565 | BB5: 27565 | BC5: 27565 | BD5: 27565 | BE5: 27565 | BF5: 27565 | BG5: 27565 | BH5: 27565 | BI5: 27565 | BJ5: 27565 | BK5: 27565 | BL5: 27565 | BM5: 27565 | BN5: 27565 | BO5: 27565 | BP5: 27565 | BQ5: 27565 | BR5: 27565 | BS5: 27565 | BT5: 27565 | BU5: 27565 | BV5: 27565 | BW5: 27565 | BX5: 27565 | BY5: 27565 | BZ5: 27565 | CA5: 27565 | CB5: 27565 | CC5: 27565 | CD5: 27565 | CE5: 27565 | CF5: 27565 | CG5: 27565 | CH5: 27565 | CI5: 27565 | CJ5: 27565 | CK5: 27565 | CL5: 27565 | CM5: 27565 | CN5: 27565 | CO5: 27565 | CP5: 27565 | CQ5: 27565 | CR5: 27565 | CS5: 27565
A6: 46239 | B6: 27565 | C6: 27565 | D6: 27565 | E6: 27565 | F6: 27565 | G6: 27565 | H6: 27565 | I6: 27565 | J6: 27565 | K6: 27565 | L6: 27565 | M6: 27565 | N6: 27565 | O6: 27565 | P6: 27565 | Q6: 27565 | R6: 27565 | S6: 27565 | T6: 27565 | U6: 27565 | V6: 27565 | W6: 27565 | X6: 27565 | Y6: 27565 | Z6: 27565 | AA6: 27565 | AB6: 27565 | AC6: 27565 | AD6: 27565 | AE6: 27565 | AF6: 27565 | AG6: 27565 | AH6: 27565 | AI6: 27565 | AJ6: 27565 | AK6: 27565 | AL6: 27565 | AM6: 27565 | AN6: 27565 | AO6: 27565 | AP6: 27565 | AQ6: 27565 | AR6: 27565 | AS6: 27565 | AT6: 27565 | AU6: 27565 | AV6: 27565 | AW6: 27565 | AX6: 27565 | AY6: 27565 | AZ6: 27565 | BA6: 27565 | BB6: 27565 | BC6: 27565 | BD6: 27565 | BE6: 27565 | BF6: 27565 | BG6: 27565 | BH6: 27565 | BI6: 27565 | BJ6: 27565 | BK6: 27565 | BL6: 27565 | BM6: 27565 | BN6: 27565 | BO6: 27565 | BP6: 27565 | BQ6: 27565 | BR6: 27565 | BS6: 27565 | BT6: 27565 | BU6: 27565 | BV6: 27565 | BW6: 27565 | BX6: 27565 | BY6: 27565 | BZ6: 27565 | CA6: 27565 | CB6: 27565 | CC6: 27565 | CD6: 27565 | CE6: 27565 | CF6: 27565 | CG6: 27565 | CH6: 27565 | CI6: 27565 | CJ6: 27565 | CK6: 27565 | CL6: 27565 | CM6: 27565 | CN6: 27565 | CO6: 27565 | CP6: 27565 | CQ6: 27565 | CR6: 27565 | CS6: 27565
A7: 46240 | B7: 27565 | C7: 27565 | D7: 27565 | E7: 27565 | F7: 27565 | G7: 27565 | H7: 27565 | I7: 27565 | J7: 27565 | K7: 27565 | L7: 27565 | M7: 27565 | N7: 27565 | O7: 27565 | P7: 27565 | Q7: 27565 | R7: 27565 | S7: 27565 | T7: 27565 | U7: 27565 | V7: 27565 | W7: 27565 | X7: 27565 | Y7: 27565 | Z7: 27565 | AA7: 27565 | AB7: 27565 | AC7: 27565 | AD7: 27565 | AE7: 27565 | AF7: 27565 | AG7: 27565 | AH7: 27565 | AI7: 27565 | AJ7: 27565 | AK7: 27565 | AL7: 27565 | AM7: 27565 | AN7: 27565 | AO7: 27565 | AP7: 27565 | AQ7: 27565 | AR7: 27565 | AS7: 27565 | AT7: 27565 | AU7: 27565 | AV7: 27565 | AW7: 27565 | AX7: 27565 | AY7: 27565 | AZ7: 27565 | BA7: 27565 | BB7: 27565 | BC7: 27565 | BD7: 27565 | BE7: 27565 | BF7: 27565 | BG7: 27565 | BH7: 27565 | BI7: 27565 | BJ7: 27565 | BK7: 27565 | BL7: 27565 | BM7: 27565 | BN7: 27565 | BO7: 27565 | BP7: 27565 | BQ7: 27565 | BR7: 27565 | BS7: 27565 | BT7: 27565 | BU7: 27565 | BV7: 27565 | BW7: 27565 | BX7: 27565 | BY7: 27565 | BZ7: 27565 | CA7: 27565 | CB7: 27565 | CC7: 27565 | CD7: 27565 | CE7: 27565 | CF7: 27565 | CG7: 27565 | CH7: 27565 | CI7: 27565 | CJ7: 27565 | CK7: 27565 | CL7: 27565 | CM7: 27565 | CN7: 27565 | CO7: 27565 | CP7: 27565 | CQ7: 27565 | CR7: 27565 | CS7: 27565
A8: 46241 | B8: 27430 | C8: 26550 | D8: 26250 | E8: 25720 | F8: 25420 | G8: 25420 | H8: 25420 | I8: 25120 | J8: 25120 | K8: 25120 | L8: 25120 | M8: 25120 | N8: 25120 | O8: 24570 | P8: 24570 | Q8: 24570 | R8: 24570 | S8: 24570 | T8: 24570 | U8: 24570 | V8: 24570 | W8: 24570 | X8: 24570 | Y8: 24570 | Z8: 24570 | AA8: 24570 | AB8: 24570 | AC8: 24570 | AD8: 24570 | AE8: 24570 | AF8: 24570 | AG8: 24570 | AH8: 24570 | AI8: 24570 | AJ8: 24570 | AK8: 24570 | AL8: 24570 | AM8: 24570 | AN8: 24570 | AO8: 24570 | AP8: 24570 | AQ8: 24570 | AR8: 24570 | AS8: 24570 | AT8: 24570 | AU8: 24570 | AV8: 24570 | AW8: 24570 | AX8: 24570 | AY8: 24570 | AZ8: 24570 | BA8: 24570 | BB8: 24570 | BC8: 24570 | BD8: 24570 | BE8: 24570 | BF8: 24570 | BG8: 24570 | BH8: 24570 | BI8: 24570 | BJ8: 24570 | BK8: 24570 | BL8: 24570 | BM8: 24570 | BN8: 24570 | BO8: 24570 | BP8: 24570 | BQ8: 24570 | BR8: 24570 | BS8: 24570 | BT8: 24570 | BU8: 24570 | BV8: 24570 | BW8: 24570 | BX8: 24570 | BY8: 24570 | BZ8: 24570 | CA8: 24570 | CB8: 24570 | CC8: 24570 | CD8: 24570 | CE8: 24570 | CF8: 24570 | CG8: 24570 | CH8: 24570 | CI8: 24570 | CJ8: 24115 | CK8: 23980 | CL8: 23680 | CM8: 23680 | CN8: 23330 | CO8: 22830 | CP8: 22830 | CQ8: 22830 | CR8: 22830 | CS8: 22830
A9: 46242 | B9: 22480 | C9: 22480 | D9: 22480 | E9: 22480 | F9: 22480 | G9: 22480 | H9: 22480 | I9: 22480 | J9: 22480 | K9: 22480 | L9: 22480 | M9: 22480 | N9: 22480 | O9: 22480 | P9: 22480 | Q9: 22480 | R9: 22480 | S9: 22480 | T9: 22480 | U9: 22480 | V9: 22480 | W9: 22480 | X9: 22480 | Y9: 22480 | Z9: 22480 | AA9: 22480 | AB9: 22480 | AC9: 22480 | AD9: 22480 | AE9: 22480 | AF9: 22480 | AG9: 22480 | AH9: 22480 | AI9: 22480 | AJ9: 22480 | AK9: 22480 | AL9: 22480 | AM9: 22480 | AN9: 22480 | AO9: 22480 | AP9: 22480 | AQ9: 22480 | AR9: 22480 | AS9: 22480 | AT9: 22480 | AU9: 22480 | AV9: 22480 | AW9: 22480 | AX9: 22480 | AY9: 22480 | AZ9: 22480 | BA9: 22480 | BB9: 22480 | BC9: 22480 | BD9: 22480 | BE9: 22480 | BF9: 22480 | BG9: 22480 | BH9: 22480 | BI9: 22480 | BJ9: 22480 | BK9: 22480 | BL9: 22480 | BM9: 22480 | BN9: 22480 | BO9: 22480 | BP9: 22480 | BQ9: 22480 | BR9: 22480 | BS9: 22480 | BT9: 22480 | BU9: 22480 | BV9: 22480 | BW9: 22480 | BX9: 22480 | BY9: 22480 | BZ9: 22480 | CA9: 22480 | CB9: 22480 | CC9: 22480 | CD9: 22480 | CE9: 22480 | CF9: 22480 | CG9: 22480 | CH9: 22480 | CI9: 22480 | CJ9: 22480 | CK9: 22480 | CL9: 22480 | CM9: 22480 | CN9: 22480 | CO9: 22480 | CP9: 22480 | CQ9: 22480 | CR9: 22480 | CS9: 22480
A10: 46243 | B10: 22480 | C10: 22480 | D10: 22480 | E10: 22480 | F10: 22480 | G10: 22480 | H10: 22480 | I10: 22480 | J10: 22480 | K10: 22480 | L10: 22480 | M10: 22480 | N10: 22480 | O10: 22480 | P10: 22480 | Q10: 22480 | R10: 22480 | S10: 22480 | T10: 22480 | U10: 22480 | V10: 22480 | W10: 22480 | X10: 22480 | Y10: 22480 | Z10: 22480 | AA10: 22480 | AB10: 22480 | AC10: 22480 | AD10: 22480 | AE10: 22480 | AF10: 22480 | AG10: 22480 | AH10: 22480 | AI10: 22480 | AJ10: 22480 | AK10: 22480 | AL10: 22480 | AM10: 22480 | AN10: 22480 | AO10: 22480 | AP10: 22480 | AQ10: 22480 | AR10: 22480 | AS10: 22480 | AT10: 22480 | AU10: 22480 | AV10: 22480 | AW10: 22480 | AX10: 22480 | AY10: 22480 | AZ10: 22480 | BA10: 22480 | BB10: 22480 | BC10: 22480 | BD10: 22480 | BE10: 22480 | BF10: 22480 | BG10: 22480 | BH10: 22480 | BI10: 22480 | BJ10: 22480 | BK10: 22480 | BL10: 22480 | BM10: 22480 | BN10: 22480 | BO10: 22480 | BP10: 22480 | BQ10: 22480 | BR10: 22480 | BS10: 22480 | BT10: 22480 | BU10: 22480 | BV10: 22480 | BW10: 22480 | BX10: 22480 | BY10: 22480 | BZ10: 22480 | CA10: 22480 | CB10: 22480 | CC10: 22480 | CD10: 22480 | CE10: 22480 | CF10: 22480 | CG10: 22480 | CH10: 22480 | CI10: 22480 | CJ10: 22480 | CK10: 22480 | CL10: 22480 | CM10: 22480 | CN10: 22480 | CO10: 22480 | CP10: 22480 | CQ10: 22480 | CR10: 22480 | CS10: 22480
A11: 46244 | B11: 22480 | C11: 22480 | D11: 22480 | E11: 22480 | F11: 22480 | G11: 22480 | H11: 22480 | I11: 22480 | J11: 22480 | K11: 22480 | L11: 21880 | M11: 21880 | N11: 21880 | O11: 21880 | P11: 21880 | Q11: 21880 | R11: 21880 | S11: 21880 | T11: 21880 | U11: 21880 | V11: 21880 | W11: 21880 | X11: 22230 | Y11: 22230 | Z11: 22230 | AA11: 22230 | AB11: 22230 | AC11: 22230 | AD11: 22230 | AE11: 22230 | AF11: 22230 | AG11: 22230 | AH11: 22230 | AI11: 22230 | AJ11: 22230 | AK11: 22230 | AL11: 22230 | AM11: 22230 | AN11: 22230 | AO11: 22230 | AP11: 22230 | AQ11: 22230 | AR11: 22230 | AS11: 22230 | AT11: 22230 | AU11: 22230 | AV11: 22230 | AW11: 22230 | AX11: 21880 | AY11: 21880 | AZ11: 21880 | BA11: 21880 | BB11: 21880 | BC11: 21880 | BD11: 21880 | BE11: 21880 | BF11: 21880 | BG11: 21880 | BH11: 21880 | BI11: 21880 | BJ11: 21880 | BK11: 21880 | BL11: 21880 | BM11: 21880 | BN11: 21880 | BO11: 21880 | BP11: 21880 | BQ11: 21880 | BR11: 21880 | BS11: 21880 | BT11: 21880 | BU11: 21880 | BV11: 21880 | BW11: 21880 | BX11: 21880 | BY11: 21880 | BZ11: 21880 | CA11: 21880 | CB11: 21880 | CC11: 21880 | CD11: 21880 | CE11: 21880 | CF11: 21880 | CG11: 21880 | CH11: 21880 | CI11: 21880 | CJ11: 21880 | CK11: 21880 | CL11: 21880 | CM11: 21880 | CN11: 21880 | CO11: 21880 | CP11: 21880 | CQ11: 21880 | CR11: 21880 | CS11: 21880
A12: 46245 | B12: 21880 | C12: 21880 | D12: 21880 | E12: 21880 | F12: 21880 | G12: 21880 | H12: 21880 | I12: 21880 | J12: 21880 | K12: 21880 | L12: 21880 | M12: 21880 | N12: 21880 | O12: 21880 | P12: 21880 | Q12: 21880 | R12: 21880 | S12: 21880 | T12: 21880 | U12: 21880 | V12: 21880 | W12: 21880 | X12: 21880 | Y12: 21880 | Z12: 21880 | AA12: 21880 | AB12: 21880 | AC12: 21880 | AD12: 21880 | AE12: 21880 | AF12: 21880 | AG12: 21880 | AH12: 21880 | AI12: 21880 | AJ12: 21880 | AK12: 21880 | AL12: 21880 | AM12: 21880 | AN12: 21880 | AO12: 21880 | AP12: 21880 | AQ12: 21880 | AR12: 21880 | AS12: 21880 | AT12: 21880 | AU12: 21880 | AV12: 21880 | AW12: 21880 | AX12: 21880 | AY12: 21880 | AZ12: 21880 | BA12: 21880 | BB12: 21880 | BC12: 21880 | BD12: 21880 | BE12: 21880 | BF12: 21880 | BG12: 22760 | BH12: 22760 | BI12: 22760 | BJ12: 22760 | BK12: 22760 | BL12: 22760 | BM12: 22760 | BN12: 22760 | BO12: 22760 | BP12: 22760 | BQ12: 22760 | BR12: 22760 | BS12: 22760 | BT12: 22760 | BU12: 22895 | BV12: 22895 | BW12: 22895 | BX12: 22895 | BY12: 22895 | BZ12: 22895 | CA12: 23195 | CB12: 23195 | CC12: 23195 | CD12: 23545 | CE12: 23545 | CF12: 23545 | CG12: 23545 | CH12: 23545 | CI12: 23545 | CJ12: 23545 | CK12: 23545 | CL12: 23545 | CM12: 23545 | CN12: 23245 | CO12: 23245 | CP12: 23245 | CQ12: 23245 | CR12: 23245 | CS12: 23245
A13: 46246 | B13: 23245 | C13: 23245 | D13: 23595 | E13: 23595 | F13: 23595 | G13: 23595 | H13: 23595 | I13: 23595 | J13: 23595 | K13: 23595 | L13: 23595 | M13: 23595 | N13: 23595 | O13: 23595 | P13: 23595 | Q13: 23595 | R13: 23595 | S13: 23945 | T13: 23945 | U13: 23945 | V13: 23945 | W13: 23945 | X13: 23945 | Y13: 23945 | Z13: 23945 | AA13: 23945 | AB13: 23945 | AC13: 23945 | AD13: 24080 | AE13: 24080 | AF13: 24080 | AG13: 24080 | AH13: 24080 | AI13: 24080 | AJ13: 24080 | AK13: 24080 | AL13: 24080 | AM13: 24080 | AN13: 24080 | AO13: 24080 | AP13: 24080 | AQ13: 24080 | AR13: 24080 | AS13: 24080 | AT13: 24080 | AU13: 24080 | AV13: 24080 | AW13: 24080 | AX13: 24410 | AY13: 24560 | AZ13: 24560 | BA13: 24910 | BB13: 24910 | BC13: 25710 | BD13: 26010 | BE13: 26010 | BF13: 26310 | BG13: 26445 | BH13: 26445 | BI13: 26445 | BJ13: 26445 | BK13: 26745 | BL13: 26745 | BM13: 26745 | BN13: 26745 | BO13: 26745 | BP13: 26745 | BQ13: 26745 | BR13: 26745 | BS13: 26745 | BT13: 26745 | BU13: 26745 | BV13: 26745 | BW13: 26645 | BX13: 26645 | BY13: 26645 | BZ13: 26645 | CA13: 26645 | CB13: 26645 | CC13: 26945 | CD13: 26945 | CE13: 26945 | CF13: 26945 | CG13: 26945 | CH13: 26945 | CI13: 26945 | CJ13: 26945 | CK13: 26945 | CL13: 26945 | CM13: 26945 | CN13: 26945 | CO13: 26945 | CP13: 26945 | CQ13: 26945 | CR13: 26945 | CS13: 26945
