Workbook
Name DATE1: OFFSET([1]日前信息!$B$89,,,COUNTA([1]日前信息!$B$89:$B$123))
Name NAME: OFFSET([1]日前信息!$A$89,,,COUNTA([1]日前信息!$A$89:$A$123))
Name REAL_1: _xlfn._xlws.FILTER('[1]收益测算-累计创值'!$AE$242:$AE$276,'[1]收益测算-累计创值'!$A$242:$A$276<=[1]测算看板2.0!$C$2)
Name DATE7: OFFSET([1]日前信息!$P$89,,,COUNTA([1]日前信息!$P$89:$P$123))

Sheet 负荷
A1: 日期 | B1: 0.010416667 | C1: 0.020833333 | D1: 0.03125 | E1: 0.041666667 | F1: 0.052083333 | G1: 0.0625 | H1: 0.072916667 | I1: 0.083333333 | J1: 0.09375 | K1: 0.10416667 | L1: 0.11458333 | M1: 0.125 | N1: 0.13541667 | O1: 0.14583333 | P1: 0.15625 | Q1: 0.16666667 | R1: 0.17708333 | S1: 0.1875 | T1: 0.19791667 | U1: 0.20833333 | V1: 0.21875 | W1: 0.22916667 | X1: 0.23958333 | Y1: 0.25 | Z1: 0.26041667 | AA1: 0.27083333 | AB1: 0.28125 | AC1: 0.29166667 | AD1: 0.30208333 | AE1: 0.3125 | AF1: 0.32291667 | AG1: 0.33333333 | AH1: 0.34375 | AI1: 0.35416667 | AJ1: 0.36458333 | AK1: 0.375 | AL1: 0.38541667 | AM1: 0.39583333 | AN1: 0.40625 | AO1: 0.41666667 | AP1: 0.42708333 | AQ1: 0.4375 | AR1: 0.44791667 | AS1: 0.45833333 | AT1: 0.46875 | AU1: 0.47916667 | AV1: 0.48958333 | AW1: 0.5 | AX1: 0.51041667 | AY1: 0.52083333 | AZ1: 0.53125 | BA1: 0.54166667 | BB1: 0.55208333 | BC1: 0.5625 | BD1: 0.57291667 | BE1: 0.58333333 | BF1: 0.59375 | BG1: 0.60416667 | BH1: 0.61458333 | BI1: 0.625 | BJ1: 0.63541667 | BK1: 0.64583333 | BL1: 0.65625 | BM1: 0.66666667 | BN1: 0.67708333 | BO1: 0.6875 | BP1: 0.69791667 | BQ1: 0.70833333 | BR1: 0.71875 | BS1: 0.72916667 | BT1: 0.73958333 | BU1: 0.75 | BV1: 0.76041667 | BW1: 0.77083333 | BX1: 0.78125 | BY1: 0.79166667 | BZ1: 0.80208333 | CA1: 0.8125 | CB1: 0.82291667 | CC1: 0.83333333 | CD1: 0.84375 | CE1: 0.85416667 | CF1: 0.86458333 | CG1: 0.875 | CH1: 0.88541667 | CI1: 0.89583333 | CJ1: 0.90625 | CK1: 0.91666667 | CL1: 0.92708333 | CM1: 0.9375 | CN1: 0.94791667 | CO1: 0.95833333 | CP1: 0.96875 | CQ1: 0.97916667 | CR1: 0.98958333 | CS1: 1
A2: 46235 | B2: 33749.1 | C2: 33229.73 | D2: 32912.51 | E2: 32638.83 | F2: 32276.52 | G2: 31931.31 | H2: 31638.97 | I2: 31438.37 | J2: 31327.97 | K2: 30976.54 | L2: 30858.36 | M2: 30534.92 | N2: 30334.32 | O2: 30307.89 | P2: 30301.67 | Q2: 30091.74 | R2: 30149.28 | S2: 30069.97 | T2: 30000 | U2: 30500.71 | V2: 30925.22 | W2: 31264.21 | X2: 31712.05 | Y2: 32002.84 | Z2: 32581.3 | AA2: 32937.39 | AB2: 33439.66 | AC2: 33949.7 | AD2: 34853.15 | AE2: 35590.22 | AF2: 36457.91 | AG2: 37336.49 | AH2: 38491.85 | AI2: 39465.28 | AJ2: 40280.1 | AK2: 40993.85 | AL2: 41693.6 | AM2: 42471.1 | AN2: 42796.09 | AO2: 43236.16 | AP2: 43808.4 | AQ2: 44494.15 | AR2: 44578.12 | AS2: 44766.28 | AT2: 44812.93 | AU2: 44347.98 | AV2: 44430.4 | AW2: 44542.36 | AX2: 44803.6 | AY2: 44837.81 | AZ2: 44872.02 | BA2: 45207.9 | BB2: 45430.26 | BC2: 45195.46 | BD2: 45315.19 | BE2: 45170.58 | BF2: 45284.09 | BG2: 45169.02 | BH2: 45150.36 | BI2: 45225 | BJ2: 45550 | BK2: 45438.04 | BL2: 45200.12 | BM2: 45364.95 | BN2: 45495.57 | BO2: 45459.81 | BP2: 45235.89 | BQ2: 44458.39 | BR2: 44068.08 | BS2: 43971.67 | BT2: 43786.63 | BU2: 43648.23 | BV2: 43329.46 | BW2: 43349.67 | BX2: 42978.03 | BY2: 42831.86 | BZ2: 42973.36 | CA2: 43124.2 | CB2: 43425.87 | CC2: 43303.02 | CD2: 43077.55 | CE2: 42813.2 | CF2: 42399.57 | CG2: 41776.01 | CH2: 41505.44 | CI2: 40746.6 | CJ2: 40188.36 | CK2: 39326.89 | CL2: 39155.84 | CM2: 38306.81 | CN2: 37532.42 | CO2: 36663.17 | CP2: 36151.58 | CQ2: 35593.33 | CR2: 34798.73 | CS2: 34136.3
A3: 46236 | B3: 33523.48 | C3: 33056.3 | D3: 32590.54 | E3: 32474.1 | F3: 32241.22 | G3: 32123.36 | H3: 31890.48 | I3: 31657.6 | J3: 31541.16 | K3: 31308.28 | L3: 31191.84 | M3: 30841.1 | N3: 30724.66 | O3: 30724.66 | P3: 30724.66 | Q3: 30608.22 | R3: 30608.22 | S3: 30608.22 | T3: 30550 | U3: 30899.32 | V3: 31191.84 | W3: 31482.94 | X3: 32183 | Y3: 32735.38 | Z3: 33228.12 | AA3: 33539.1 | AB3: 33993.5 | AC3: 34442.22 | AD3: 35238.84 | AE3: 35879.26 | AF3: 36673.04 | AG3: 37446.94 | AH3: 38494.9 | AI3: 39345.48 | AJ3: 40086.72 | AK3: 40741.34 | AL3: 41391.7 | AM3: 42087.5 | AN3: 42401.32 | AO3: 42808.86 | AP3: 43317.22 | AQ3: 43923.56 | AR3: 44020.12 | AS3: 44191.94 | AT3: 44233.12 | AU3: 43804.28 | AV3: 43861.08 | AW3: 43940.6 | AX3: 44157.86 | AY3: 44216.08 | AZ3: 44244.48 | BA3: 44519.96 | BB3: 44713.08 | BC3: 44494.4 | BD3: 44619.36 | BE3: 44463.16 | BF3: 44552.62 | BG3: 44461.74 | BH3: 44414.88 | BI3: 44478.78 | BJ3: 44750 | BK3: 44676.16 | BL3: 44453.22 | BM3: 44583.86 | BN3: 44688.94 | BO3: 44652.02 | BP3: 44447.54 | BQ3: 43744.64 | BR3: 43408.1 | BS3: 43298.76 | BT3: 43122.68 | BU3: 42967.9 | BV3: 42693.84 | BW3: 42675.38 | BX3: 42358.72 | BY3: 42219.56 | BZ3: 42372.92 | CA3: 42527.7 | CB3: 42813.12 | CC3: 42735.02 | CD3: 42533.38 | CE3: 42306.18 | CF3: 41934.14 | CG3: 41359.04 | CH3: 41138.94 | CI3: 40461.6 | CJ3: 39964.6 | CK3: 39183.6 | CL3: 39075.68 | CM3: 38317.4 | CN3: 37590.36 | CO3: 36803.68 | CP3: 36316.62 | CQ3: 35788.38 | CR3: 35064.18 | CS3: 34460.68
A4: 46237 | B4: 33620 | C4: 33270.5 | D4: 32954 | E4: 32615 | F4: 32307.5 | G4: 32013.5 | H4: 31811 | I4: 31635.5 | J4: 31565 | K4: 31286 | L4: 31154 | M4: 31008.5 | N4: 30839 | O4: 30822.5 | P4: 30815 | Q4: 30650 | R4: 30768.5 | S4: 30690.5 | T4: 30723.5 | U4: 31041.5 | V4: 31559 | W4: 31901 | X4: 32322.5 | Y4: 32792 | Z4: 33311 | AA4: 33903.5 | AB4: 34416.5 | AC4: 34851.5 | AD4: 35685.5 | AE4: 36431 | AF4: 37286 | AG4: 38216 | AH4: 39578 | AI4: 40434.5 | AJ4: 41250.5 | AK4: 41856.5 | AL4: 42534.5 | AM4: 43334 | AN4: 43623.5 | AO4: 43907 | AP4: 44462 | AQ4: 44960 | AR4: 45144.5 | AS4: 45116 | AT4: 45068 | AU4: 45027.5 | AV4: 44795.24 | AW4: 45147.5 | AX4: 45159.5 | AY4: 45291.5 | AZ4: 45479 | BA4: 45446 | BB4: 45650 | BC4: 45581 | BD4: 45591.5 | BE4: 45417.5 | BF4: 45495.5 | BG4: 45455 | BH4: 45449 | BI4: 45353 | BJ4: 45515 | BK4: 45491 | BL4: 45416 | BM4: 45344 | BN4: 45441.5 | BO4: 45201.5 | BP4: 44870 | BQ4: 44123 | BR4: 43724 | BS4: 43650.5 | BT4: 43337 | BU4: 43259 | BV4: 42915.5 | BW4: 42833 | BX4: 42758 | BY4: 42563 | BZ4: 42765.5 | CA4: 42849.5 | CB4: 43172 | CC4: 42999.5 | CD4: 42729.5 | CE4: 42588.5 | CF4: 42147.5 | CG4: 41699 | CH4: 41414 | CI4: 40692.5 | CJ4: 40160 | CK4: 39503 | CL4: 39407 | CM4: 38687 | CN4: 37980.5 | CO4: 37244 | CP4: 36654.5 | CQ4: 36068 | CR4: 35466.5 | CS4: 34788.5
A5: 46238 | B5: 34222.79 | C5: 33893.84 | D5: 33587.84 | E5: 33179.33 | F5: 32966.66 | G5: 32570.39 | H5: 32538.26 | I5: 32360.78 | J5: 32175.65 | K5: 31857.41 | L5: 31568.24 | M5: 31588.13 | N5: 31410.65 | O5: 31448.9 | P5: 31412.18 | Q5: 31250 | R5: 31416.77 | S5: 31387.7 | T5: 31474.91 | U5: 31738.07 | V5: 32388.32 | W5: 32671.37 | X5: 33142.61 | Y5: 33877.01 | Z5: 34489.01 | AA5: 35110.19 | AB5: 35612.03 | AC5: 36015.95 | AD5: 36675.38 | AE5: 37513.82 | AF5: 38408.87 | AG5: 39433.97 | AH5: 40976.21 | AI5: 41794.76 | AJ5: 42784.67 | AK5: 43326.29 | AL5: 43575.68 | AM5: 44455.43 | AN5: 44732.36 | AO5: 45038.36 | AP5: 45635.06 | AQ5: 45849.26 | AR5: 46066.52 | AS5: 45942.59 | AT5: 46040.51 | AU5: 46011.44 | AV5: 45590.69 | AW5: 45957.89 | AX5: 45986.96 | AY5: 46344.98 | AZ5: 46550 | BA5: 46358.75 | BB5: 46040.51 | BC5: 46386.29 | BD5: 46305.2 | BE5: 46141.49 | BF5: 46404.65 | BG5: 46332.74 | BH5: 46449.02 | BI5: 46074.17 | BJ5: 46332.74 | BK5: 46398.53 | BL5: 46256.24 | BM5: 46228.7 | BN5: 46248.59 | BO5: 45934.94 | BP5: 45462.17 | BQ5: 44795.09 | BR5: 44432.48 | BS5: 44342.21 | BT5: 43964.3 | BU5: 43872.5 | BV5: 43566.5 | BW5: 43456.34 | BX5: 43411.97 | BY5: 43083.02 | BZ5: 43327.82 | CA5: 43407.38 | CB5: 43860.26 | CC5: 43659.83 | CD5: 43404.32 | CE5: 43335.47 | CF5: 42896.36 | CG5: 42648.5 | CH5: 42134.42 | CI5: 41234.78 | CJ5: 40687.04 | CK5: 40102.58 | CL5: 39914.39 | CM5: 39299.33 | CN5: 38727.11 | CO5: 38056.97 | CP5: 37298.09 | CQ5: 36661.61 | CR5: 36146 | CS5: 35433.02
A6: 46239 | B6: 34820.96 | C6: 34458.08 | D6: 34122.08 | E6: 33671.84 | F6: 33440 | G6: 33003.2 | H6: 32966.24 | I6: 32771.36 | J6: 32568.08 | K6: 32216.96 | L6: 31899.44 | M6: 31921.28 | N6: 31726.4 | O6: 31768.4 | P6: 31728.08 | Q6: 31550 | R6: 31733.12 | S6: 31701.2 | T6: 31798.64 | U6: 32087.6 | V6: 32801.6 | W6: 33112.4 | X6: 33631.52 | Y6: 34439.6 | Z6: 35113.28 | AA6: 35797.04 | AB6: 36348.08 | AC6: 36793.28 | AD6: 37519.04 | AE6: 38441.36 | AF6: 39425.84 | AG6: 40553.12 | AH6: 42249.92 | AI6: 43150.4 | AJ6: 44240.72 | AK6: 44837.12 | AL6: 45109.28 | AM6: 46078.64 | AN6: 46382.72 | AO6: 46718.72 | AP6: 47375.6 | AQ6: 47610.8 | AR6: 47851.04 | AS6: 47714.96 | AT6: 47820.8 | AU6: 47788.88 | AV6: 47326.88 | AW6: 47731.76 | AX6: 47762 | AY6: 48195.44 | AZ6: 48350 | BA6: 47871.2 | BB6: 47520.08 | BC6: 47901.44 | BD6: 47810.72 | BE6: 47630.96 | BF6: 47919.92 | BG6: 47565.44 | BH6: 47767.04 | BI6: 47347.04 | BJ6: 47511.68 | BK6: 47439.44 | BL6: 47232.8 | BM6: 47026.16 | BN6: 46947.36 | BO6: 46535.76 | BP6: 45764.64 | BQ6: 45096 | BR6: 44733.12 | BS6: 44642.4 | BT6: 44262.72 | BU6: 44168.64 | BV6: 43862.88 | BW6: 43750.32 | BX6: 43704.96 | BY6: 43372.32 | BZ6: 43614.24 | CA6: 43691.52 | CB6: 44138.4 | CC6: 43936.8 | CD6: 43679.76 | CE6: 43609.2 | CF6: 43170.72 | CG6: 42920.4 | CH6: 42406.32 | CI6: 41510.88 | CJ6: 40961.52 | CK6: 40378.56 | CL6: 40187.04 | CM6: 39572.16 | CN6: 39000.96 | CO6: 38332.32 | CP6: 37572.96 | CQ6: 36939.6 | CR6: 36422.16 | CS6: 35713.2
A7: 46240 | B7: 34857.27 | C7: 34506.82 | D7: 34065.09 | E7: 33755.39 | F7: 33489.7 | G7: 33147.4 | H7: 32925.72 | I7: 32756.2 | J7: 32550.82 | K7: 32338.92 | L7: 32169.4 | M7: 31985.21 | N7: 31830.36 | O7: 31753.75 | P7: 31690.18 | Q7: 31550 | R7: 31708.11 | S7: 31701.59 | T7: 31773.31 | U7: 32141.69 | V7: 32653.51 | W7: 33033.3 | X7: 33445.69 | Y7: 34083.02 | Z7: 34761.1 | AA7: 35393.54 | AB7: 36006.42 | AC7: 36547.58 | AD7: 37391.92 | AE7: 38317.76 | AF7: 39178.4 | AG7: 40265.61 | AH7: 41615.25 | AI7: 42550.87 | AJ7: 43398.47 | AK7: 44246.07 | AL7: 45017.06 | AM7: 45783.16 | AN7: 46234.67 | AO7: 46611.2 | AP7: 47101.83 | AQ7: 47543.56 | AR7: 47616.91 | AS7: 47568.01 | AT7: 47563.12 | AU7: 47479.99 | AV7: 47343.07 | AW7: 47405.01 | AX7: 47447.39 | AY7: 47726.12 | AZ7: 47781.54 | BA7: 47721.23 | BB7: 47850 | BC7: 47685.37 | BD7: 47745.68 | BE7: 47558.23 | BF7: 47744.05 | BG7: 47636.47 | BH7: 47524 | BI7: 47300.69 | BJ7: 47486.51 | BK7: 47458.8 | BL7: 47470.21 | BM7: 47194.74 | BN7: 47581.05 | BO7: 47052.93 | BP7: 46832.88 | BQ7: 46045.59 | BR7: 45660.91 | BS7: 45633.2 | BT7: 45274.6 | BU7: 45360.99 | BV7: 44964.9 | BW7: 44855.69 | BX7: 44777.45 | BY7: 44524.8 | BZ7: 44790.49 | CA7: 44938.82 | CB7: 44935.48 | CC7: 44756.18 | CD7: 44524.72 | CE7: 44332.38 | CF7: 43745.58 | CG7: 43372.31 | CH7: 42940.36 | CI7: 42099.28 | CJ7: 41448.91 | CK7: 40548.58 | CL7: 40279.63 | CM7: 39392.91 | CN7: 38670.82 | CO7: 37934.06 | CP7: 37203.82 | CQ7: 36599.09 | CR7: 35929.16 | CS7: 35151.65
A8: 46241 | B8: 34633.81 | C8: 34204.64 | D8: 33762.11 | E8: 33475.51 | F8: 33205.24 | G8: 32838.44 | H8: 32535.5 | I8: 32366.21 | J8: 32254.84 | K8: 31953.38 | L8: 31816.76 | M8: 31536.1 | N8: 31455.91 | O8: 31409.87 | P8: 31320.77 | Q8: 31150 | R8: 31292.56 | S8: 31201.97 | T8: 31210.88 | U8: 31516.79 | V8: 32008.33 | W8: 32453.83 | X8: 32853.29 | Y8: 33346.31 | Z8: 33999.71 | AA8: 34760.03 | AB8: 35383.73 | AC8: 35916.85 | AD8: 36712.81 | AE8: 37701.82 | AF8: 38573.51 | AG8: 39552.13 | AH8: 40759.43 | AI8: 41656.37 | AJ8: 42373.63 | AK8: 43185.92 | AL8: 43796.26 | AM8: 44415.5 | AN8: 44786.75 | AO8: 44924.86 | AP8: 45336.2 | AQ8: 45830.71 | AR8: 45959.9 | AS8: 46000 | AT8: 45818.83 | AU8: 45659.93 | AV8: 45532.22 | AW8: 45523.31 | AX8: 45517.37 | AY8: 45585.68 | AZ8: 45811.4 | BA8: 45673.3 | BB8: 45835.16 | BC8: 45642.11 | BD8: 45806.95 | BE8: 45422.33 | BF8: 45459.46 | BG8: 45665.87 | BH8: 45509.95 | BI8: 45584.2 | BJ8: 45634.69 | BK8: 45478.76 | BL8: 45469.85 | BM8: 45328.78 | BN8: 45566.38 | BO8: 45302.05 | BP8: 45153.55 | BQ8: 44443.72 | BR8: 44252.15 | BS8: 43907.63 | BT8: 43686.37 | BU8: 43454.71 | BV8: 43027.03 | BW8: 43093.85 | BX8: 43073.06 | BY8: 42986.93 | BZ8: 43315.12 | CA8: 43315.12 | CB8: 43413.13 | CC8: 43145.83 | CD8: 42936.44 | CE8: 42658.75 | CF8: 42040.99 | CG8: 41395.01 | CH8: 41010.4 | CI8: 40432.73 | CJ8: 39546.19 | CK8: 38647.76 | CL8: 38334.43 | CM8: 37621.63 | CN8: 36891.01 | CO8: 36112.87 | CP8: 35408.98 | CQ8: 34760.03 | CR8: 34183.85 | CS8: 33441.35
A9: 46242 | B9: 32574.37 | C9: 32236.94 | D9: 31760.5 | E9: 31624.54 | F9: 31215.6 | G9: 30672.7 | H9: 30401.25 | I9: 30196.9 | J9: 29992.55 | K9: 29721.58 | L9: 29585.62 | M9: 29314.65 | N9: 29043.68 | O9: 28905.22 | P9: 28905.22 | Q9: 28905.22 | R9: 28905.22 | S9: 28812.2 | T9: 28800 | U9: 28912.85 | V9: 29388.65 | W9: 29869.02 | X9: 30314.32 | Y9: 31035.65 | Z9: 31435.2 | AA9: 32174.82 | AB9: 32793.97 | AC9: 33253 | AD9: 34088.7 | AE9: 34861.87 | AF9: 35796.7 | AG9: 36742.2 | AH9: 38183.32 | AI9: 38982.42 | AJ9: 39816.6 | AK9: 40537.92 | AL9: 41486.47 | AM9: 42294.72 | AN9: 42740.02 | AO9: 43074 | AP9: 43459.82 | AQ9: 43828.87 | AR9: 44050 | AS9: 43998.15 | AT9: 43687.05 | AU9: 43616.9 | AV9: 43279.87 | AW9: 43159.4 | AX9: 43058.75 | AY9: 43130.42 | AZ9: 43374.42 | BA9: 43031.3 | BB9: 43468.97 | BC9: 43095.35 | BD9: 43176.17 | BE9: 42828.47 | BF9: 42796.45 | BG9: 42823.9 | BH9: 42611.92 | BI9: 42506.7 | BJ9: 42441.12 | BK9: 42608.87 | BL9: 42773.57 | BM9: 42355.72 | BN9: 42721.72 | BO9: 42497.55 | BP9: 42198.65 | BQ9: 41321.77 | BR9: 41137.25 | BS9: 41012.2 | BT9: 40662.97 | BU9: 40591.3 | BV9: 40306.12 | BW9: 40303.07 | BX9: 40624.85 | BY9: 40501.32 | BZ9: 40940.52 | CA9: 40984.75 | CB9: 41009.15 | CC9: 40664.5 | CD9: 40071.27 | CE9: 39850.15 | CF9: 39101.37 | CG9: 38450.2 | CH9: 38064.37 | CI9: 37358.3 | CJ9: 36682.72 | CK9: 35894.3 | CL9: 36182.52 | CM9: 35323.95 | CN9: 34459.27 | CO9: 33675.42 | CP9: 32963.25 | CQ9: 32304.45 | CR9: 31648.7 | CS9: 30893.82
A10: 46243 | B10: 29525 | C10: 29087.5 | D10: 28878.75 | E10: 28747.5 | F10: 28415 | G10: 28112.5 | H10: 27858.75 | I10: 27720 | J10: 27516.25 | K10: 27360 | L10: 27046.25 | M10: 26860 | N10: 26971.25 | O10: 26661.25 | P10: 26635 | Q10: 26550 | R10: 26678.75 | S10: 26667.5 | T10: 26878.75 | U10: 27385 | V10: 27742.5 | W10: 28007.5 | X10: 28492.5 | Y10: 28747.5 | Z10: 29118.75 | AA10: 29683.75 | AB10: 29873.75 | AC10: 30151.25 | AD10: 30892.5 | AE10: 31425 | AF10: 32078.75 | AG10: 32671.25 | AH10: 33732.5 | AI10: 34276.25 | AJ10: 35123.75 | AK10: 35625 | AL10: 36268.75 | AM10: 36640 | AN10: 36896.25 | AO10: 37295 | AP10: 37436.25 | AQ10: 38183.75 | AR10: 38511.25 | AS10: 38368.75 | AT10: 38645 | AU10: 38127.5 | AV10: 38127.5 | AW10: 38127.5 | AX10: 38127.5 | AY10: 38257.5 | AZ10: 38257.5 | BA10: 38387.5 | BB10: 38387.5 | BC10: 38770 | BD10: 38751.25 | BE10: 38890 | BF10: 38753.75 | BG10: 38590 | BH10: 38690 | BI10: 38568.75 | BJ10: 39050 | BK10: 38933.75 | BL10: 38817.5 | BM10: 38546.25 | BN10: 38432.5 | BO10: 38380 | BP10: 38560 | BQ10: 37793.75 | BR10: 37616.25 | BS10: 37341.25 | BT10: 37013.75 | BU10: 36905 | BV10: 36698.75 | BW10: 36645 | BX10: 36575 | BY10: 36185 | BZ10: 36695 | CA10: 36777.5 | CB10: 37026.25 | CC10: 37166.25 | CD10: 37161.25 | CE10: 36936.25 | CF10: 36535 | CG10: 35930 | CH10: 35457.5 | CI10: 34727.5 | CJ10: 34196.25 | CK10: 33586.25 | CL10: 33611.25 | CM10: 32942.5 | CN10: 32112.5 | CO10: 31475 | CP10: 30677.5 | CQ10: 30111.25 | CR10: 29478.75 | CS10: 29030
A11: 46244 | B11: 28665.25 | C11: 28325.35 | D11: 28087.75 | E11: 27724.75 | F11: 27586.15 | G11: 27277.6 | H11: 27153.85 | I11: 26866.75 | J11: 26785.9 | K11: 26592.85 | L11: 26465.8 | M11: 26213.35 | N11: 26256.25 | O11: 26051.65 | P11: 26050 | Q11: 26097.85 | R11: 26287.6 | S11: 26368.45 | T11: 26533.45 | U11: 26914.6 | V11: 27487.15 | W11: 27935.95 | X11: 28727.95 | Y11: 29048.05 | Z11: 30019.9 | AA11: 30452.2 | AB11: 31132 | AC11: 31526.35 | AD11: 32445.4 | AE11: 33158.2 | AF11: 33979.9 | AG11: 34837.9 | AH11: 36228.85 | AI11: 37243.6 | AJ11: 37931.65 | AK11: 38646.1 | AL11: 39472.75 | AM11: 39990.85 | AN11: 40495.75 | AO11: 40934.65 | AP11: 41236.6 | AQ11: 41795.95 | AR11: 42114.4 | AS11: 42046.75 | AT11: 42172.15 | AU11: 41706.85 | AV11: 41487.4 | AW11: 41446.15 | AX11: 41645.8 | AY11: 41540.2 | AZ11: 41832.25 | BA11: 41774.5 | BB11: 42224.95 | BC11: 42213.4 | BD11: 42488.95 | BE11: 42464.2 | BF11: 42172.15 | BG11: 42378.4 | BH11: 42550 | BI11: 42269.5 | BJ11: 42500.5 | BK11: 42355.3 | BL11: 42312.4 | BM11: 42122.65 | BN11: 41952.7 | BO11: 41692 | BP11: 41484.1 | BQ11: 40480.9 | BR11: 40238.35 | BS11: 39949.6 | BT11: 39839.05 | BU11: 39674.05 | BV11: 39438.1 | BW11: 39294.55 | BX11: 39258.25 | BY11: 39035.5 | BZ11: 39474.4 | CA11: 39596.5 | CB11: 39782.95 | CC11: 39599.8 | CD11: 39405.1 | CE11: 39094.9 | CF11: 38599.9 | CG11: 38052.1 | CH11: 37575.25 | CI11: 36829.45 | CJ11: 36172.75 | CK11: 35294.95 | CL11: 35435.2 | CM11: 34494.7 | CN11: 33752.2 | CO11: 32897.5 | CP11: 32313.4 | CQ11: 31618.75 | CR11: 31127.05 | CS11: 30467.05
A12: 46245 | B12: 30787.98 | C12: 30328.47 | D12: 30085.2 | E12: 29678.16 | F12: 29568.45 | G12: 29172.54 | H12: 29002.41 | I12: 28776.63 | J12: 28542.9 | K12: 28544.49 | L12: 28331.43 | M12: 28129.5 | N12: 28380.72 | O12: 28050 | P12: 28107.24 | Q12: 28072.26 | R12: 28304.4 | S12: 28422.06 | T12: 28560.39 | U12: 29019.9 | V12: 29547.78 | W12: 29792.64 | X12: 30640.11 | Y12: 30656.01 | Z12: 31694.28 | AA12: 31937.55 | AB12: 32716.65 | AC12: 33077.58 | AD12: 33929.82 | AE12: 34832.94 | AF12: 35575.47 | AG12: 36448.38 | AH12: 37742.64 | AI12: 38710.95 | AJ12: 39267.45 | AK12: 39825.54 | AL12: 40582.38 | AM12: 41350.35 | AN12: 41916.39 | AO12: 42167.61 | AP12: 42425.19 | AQ12: 43132.74 | AR12: 43337.85 | AS12: 43347.39 | AT12: 43639.95 | AU12: 43054.83 | AV12: 42776.58 | AW12: 42914.91 | AX12: 43191.57 | AY12: 42865.62 | AZ12: 43077.09 | BA12: 43024.62 | BB12: 43487.31 | BC12: 43360.11 | BD12: 43913.43 | BE12: 43908.66 | BF12: 43277.43 | BG12: 43674.93 | BH12: 43950 | BI12: 43426.89 | BJ12: 43883.22 | BK12: 43927.74 | BL12: 43841.88 | BM12: 43818.03 | BN12: 43555.68 | BO12: 43487.31 | BP12: 43116.84 | BQ12: 42259.83 | BR12: 42104.01 | BS12: 41905.26 | BT12: 41897.31 | BU12: 41658.81 | BV12: 41515.71 | BW12: 41385.33 | BX12: 41119.8 | BY12: 40839.96 | BZ12: 41100.72 | CA12: 41324.91 | CB12: 41642.91 | CC12: 41636.55 | CD12: 41188.17 | CE12: 41043.48 | CF12: 40539.45 | CG12: 40134 | CH12: 39741.27 | CI12: 38947.86 | CJ12: 38356.38 | CK12: 37411.92 | CL12: 37680.63 | CM12: 36756.84 | CN12: 35984.1 | CO12: 35152.53 | CP12: 34308.24 | CQ12: 33692.91 | CR12: 33239.76 | CS12: 32646.69
A13: 46246 | B13: 31878.2 | C13: 31597.43 | D13: 31315.19 | E13: 30893.3 | F13: 30649.28 | G13: 30364.1 | H13: 30149.48 | I13: 29820.2 | J13: 29687.9 | K13: 29540.9 | L13: 29407.13 | M13: 29158.7 | N13: 29074.91 | O13: 28958.78 | P13: 28891.16 | Q13: 28850 | R13: 28939.67 | S13: 28941.14 | T13: 29014.64 | U13: 29301.29 | V13: 29707.01 | W13: 30146.54 | X13: 30771.29 | Y13: 31263.74 | Z13: 31941.41 | AA13: 32514.71 | AB13: 33077.72 | AC13: 33593.69 | AD13: 34443.35 | AE13: 35056.34 | AF13: 35857.49 | AG13: 36835.04 | AH13: 38084.54 | AI13: 38856.29 | AJ13: 39636.86 | AK13: 40157.24 | AL13: 40842.26 | AM13: 41374.4 | AN13: 41809.52 | AO13: 42210.83 | AP13: 42541.58 | AQ13: 42914.96 | AR13: 43175.15 | AS13: 43216.31 | AT13: 43229.54 | AU13: 42695.93 | AV13: 42647.42 | AW13: 42570.98 | AX13: 42738.56 | AY13: 42797.36 | AZ13: 43067.84 | BA13: 43157.51 | BB13: 43347.14 | BC13: 43380.95 | BD13: 43550 | BE13: 43403 | BF13: 43441.22 | BG13: 43445.63 | BH13: 43463.27 | BI13: 43403 | BJ13: 43525.01 | BK13: 43541.18 | BL13: 43385.36 | BM13: 43323.62 | BN13: 43419.17 | BO13: 43233.95 | BP13: 43084.01 | BQ13: 42338.72 | BR13: 42106.46 | BS13: 41993.27 | BT13: 41799.23 | BU13: 41666.93 | BV13: 41475.83 | BW13: 41458.19 | BX13: 41444.96 | BY13: 41322.95 | BZ13: 41652.23 | CA13: 41663.99 | CB13: 41825.69 | CC13: 41650.76 | CD13: 41367.05 | CE13: 41175.95 | CF13: 40664.39 | CG13: 40026.41 | CH13: 39566.3 | CI13: 38835.71 | CJ13: 38183.03 | CK13: 37403.93 | CL13: 37271.63 | CM13: 36492.53 | CN13: 35717.84 | CO13: 35012.24 | CP13: 34397.78 | CQ13: 33762.74 | CR13: 33174.74 | CS13: 32497.07
... A32: 46265 | B32: 27407.6 | C32: 27232.88 | D32: 26952.08 | E32: 26833.52 | F32: 26683.76 | G32: 26466.4 | H32: 26379.04 | I32: 26183.52 | J32: 26017.12 | K32: 25842.4 | L32: 25827.84 | M32: 25752.96 | N32: 25715.52 | O32: 25699.92 | P32: 25692.64 | Q32: 25650 | R32: 25846.56 | S32: 25921.44 | T32: 26100.32 | U32: 26323.92 | V32: 26889.68 | W32: 27334.8 | X32: 27961.92 | Y32: 28526.64 | Z32: 29165.2 | AA32: 29616.56 | AB32: 30108.48 | AC32: 30449.6 | AD32: 31084 | AE32: 31552 | AF32: 32066.8 | AG32: 32542.08 | AH32: 33379.28 | AI32: 33960.64 | AJ32: 34346.48 | AK32: 34844.64 | AL32: 35135.84 | AM32: 35416.64 | AN32: 35636.08 | AO32: 35748.4 | AP32: 35870.08 | AQ32: 36050 | AR32: 36029.2 | AS32: 35950.16 | AT32: 35767.12 | AU32: 35159.76 | AV32: 34799.92 | AW32: 34543.04 | AX32: 34571.12 | AY32: 34638.72 | AZ32: 34959.04 | BA32: 35003.76 | BB32: 35204.48 | BC32: 35225.28 | BD32: 35320.96 | BE32: 35335.52 | BF32: 35389.6 | BG32: 35338.64 | BH32: 35282.48 | BI32: 35206.56 | BJ32: 35364.64 | BK32: 35302.24 | BL32: 35283.52 | BM32: 35333.44 | BN32: 35160.8 | BO32: 35103.6 | BP32: 34685.52 | BQ32: 34113.52 | BR32: 33985.6 | BS32: 33790.08 | BT32: 33697.52 | BU32: 33682.96 | BV32: 33614.32 | BW32: 33651.76 | BX32: 33923.2 | BY32: 33928.4 | BZ32: 34085.44 | CA32: 34013.68 | CB32: 33814 | CC32: 33396.96 | CD32: 33199.36 | CE32: 32973.68 | CF32: 32542.08 | CG32: 32020 | CH32: 31713.2 | CI32: 31139.12 | CJ32: 30666.96 | CK32: 30233.28 | CL32: 30247.84 | CM32: 29778.8 | CN32: 29314.96 | CO32: 28842.8 | CP32: 28560.96 | CQ32: 28169.92 | CR32: 27789.28 | CS32: 27385.76

Sheet 水电
A1: 日期 | B1: 0.010416667 | C1: 0.020833333 | D1: 0.03125 | E1: 0.041666667 | F1: 0.052083333 | G1: 0.0625 | H1: 0.072916667 | I1: 0.083333333 | J1: 0.09375 | K1: 0.10416667 | L1: 0.11458333 | M1: 0.125 | N1: 0.13541667 | O1: 0.14583333 | P1: 0.15625 | Q1: 0.16666667 | R1: 0.17708333 | S1: 0.1875 | T1: 0.19791667 | U1: 0.20833333 | V1: 0.21875 | W1: 0.22916667 | X1: 0.23958333 | Y1: 0.25 | Z1: 0.26041667 | AA1: 0.27083333 | AB1: 0.28125 | AC1: 0.29166667 | AD1: 0.30208333 | AE1: 0.3125 | AF1: 0.32291667 | AG1: 0.33333333 | AH1: 0.34375 | AI1: 0.35416667 | AJ1: 0.36458333 | AK1: 0.375 | AL1: 0.38541667 | AM1: 0.39583333 | AN1: 0.40625 | AO1: 0.41666667 | AP1: 0.42708333 | AQ1: 0.4375 | AR1: 0.44791667 | AS1: 0.45833333 | AT1: 0.46875 | AU1: 0.47916667 | AV1: 0.48958333 | AW1: 0.5 | AX1: 0.51041667 | AY1: 0.52083333 | AZ1: 0.53125 | BA1: 0.54166667 | BB1: 0.55208333 | BC1: 0.5625 | BD1: 0.57291667 | BE1: 0.58333333 | BF1: 0.59375 | BG1: 0.60416667 | BH1: 0.61458333 | BI1: 0.625 | BJ1: 0.63541667 | BK1: 0.64583333 | BL1: 0.65625 | BM1: 0.66666667 | BN1: 0.67708333 | BO1: 0.6875 | BP1: 0.69791667 | BQ1: 0.70833333 | BR1: 0.71875 | BS1: 0.72916667 | BT1: 0.73958333 | BU1: 0.75 | BV1: 0.76041667 | BW1: 0.77083333 | BX1: 0.78125 | BY1: 0.79166667 | BZ1: 0.80208333 | CA1: 0.8125 | CB1: 0.82291667 | CC1: 0.83333333 | CD1: 0.84375 | CE1: 0.85416667 | CF1: 0.86458333 | CG1: 0.875 | CH1: 0.88541667 | CI1: 0.89583333 | CJ1: 0.90625 | CK1: 0.91666667 | CL1: 0.92708333 | CM1: 0.9375 | CN1: 0.94791667 | CO1: 0.95833333 | CP1: 0.96875 | CQ1: 0.97916667 | CR1: 0.98958333 | CS1: 1
A2: 46235 | B2: =抽蓄水电!B2+地方水电!B2 -> 568.31 | C2: =抽蓄水电!C2+地方水电!C2 -> 567.78 | D2: =抽蓄水电!D2+地方水电!D2 -> 567.74 | E2: =抽蓄水电!E2+地方水电!E2 -> 567.86 | F2: =抽蓄水电!F2+地方水电!F2 -> 568.19 | G2: =抽蓄水电!G2+地方水电!G2 -> 568.18 | H2: =抽蓄水电!H2+地方水电!H2 -> 568.07 | I2: =抽蓄水电!I2+地方水电!I2 -> 568.19 | ... CS2: =抽蓄水电!CS2+地方水电!CS2 -> 459.95
A3: 46236 | B3: =抽蓄水电!B3+地方水电!B3 -> 626.09 | C3: =抽蓄水电!C3+地方水电!C3 -> 625.58 | D3: =抽蓄水电!D3+地方水电!D3 -> 624.89 | E3: =抽蓄水电!E3+地方水电!E3 -> 624.89 | F3: =抽蓄水电!F3+地方水电!F3 -> 625.2 | G3: =抽蓄水电!G3+地方水电!G3 -> 625.36 | H3: =抽蓄水电!H3+地方水电!H3 -> 625.2 | I3: =抽蓄水电!I3+地方水电!I3 -> 625.29 | ... CS3: =抽蓄水电!CS3+地方水电!CS3 -> 460.17
A4: 46237 | B4: =抽蓄水电!B4+地方水电!B4 -> 587.41 | C4: =抽蓄水电!C4+地方水电!C4 -> 586.29 | D4: =抽蓄水电!D4+地方水电!D4 -> 583.97 | E4: =抽蓄水电!E4+地方水电!E4 -> 583.9 | F4: =抽蓄水电!F4+地方水电!F4 -> 584.43 | G4: =抽蓄水电!G4+地方水电!G4 -> 625.41 | H4: =抽蓄水电!H4+地方水电!H4 -> 625.32 | I4: =抽蓄水电!I4+地方水电!I4 -> 625.39 | ... CS4: =抽蓄水电!CS4+地方水电!CS4 -> 454.27
A5: 46238 | B5: =抽蓄水电!B5+地方水电!B5 -> 559.74 | C5: =抽蓄水电!C5+地方水电!C5 -> 560.05 | D5: =抽蓄水电!D5+地方水电!D5 -> 557.71 | E5: =抽蓄水电!E5+地方水电!E5 -> 557.85 | F5: =抽蓄水电!F5+地方水电!F5 -> 558.03 | G5: =抽蓄水电!G5+地方水电!G5 -> 557.97 | H5: =抽蓄水电!H5+地方水电!H5 -> 557.98 | I5: =抽蓄水电!I5+地方水电!I5 -> 558.01 | ... CS5: =抽蓄水电!CS5+地方水电!CS5 -> 446.31
A6: 46239 | B6: =抽蓄水电!B6+地方水电!B6 -> 606.59 | C6: =抽蓄水电!C6+地方水电!C6 -> 606.73 | D6: =抽蓄水电!D6+地方水电!D6 -> 605.23 | E6: =抽蓄水电!E6+地方水电!E6 -> 605.31 | F6: =抽蓄水电!F6+地方水电!F6 -> 605.58 | G6: =抽蓄水电!G6+地方水电!G6 -> 605.41 | H6: =抽蓄水电!H6+地方水电!H6 -> 605.43 | I6: =抽蓄水电!I6+地方水电!I6 -> 605.46 | ... CS6: =抽蓄水电!CS6+地方水电!CS6 -> 493.3
A7: 46240 | B7: =抽蓄水电!B7+地方水电!B7 -> 535.25 | C7: =抽蓄水电!C7+地方水电!C7 -> 535.51 | D7: =抽蓄水电!D7+地方水电!D7 -> 535.9 | E7: =抽蓄水电!E7+地方水电!E7 -> 536.23 | F7: =抽蓄水电!F7+地方水电!F7 -> 536.49 | G7: =抽蓄水电!G7+地方水电!G7 -> 536.45 | H7: =抽蓄水电!H7+地方水电!H7 -> 536.54 | I7: =抽蓄水电!I7+地方水电!I7 -> 536.56 | ... CS7: =抽蓄水电!CS7+地方水电!CS7 -> 501.95
A8: 46241 | B8: =抽蓄水电!B8+地方水电!B8 -> 474.04 | C8: =抽蓄水电!C8+地方水电!C8 -> 475.51 | D8: =抽蓄水电!D8+地方水电!D8 -> 475.99 | E8: =抽蓄水电!E8+地方水电!E8 -> 476.05 | F8: =抽蓄水电!F8+地方水电!F8 -> 476.14 | G8: =抽蓄水电!G8+地方水电!G8 -> 476.13 | H8: =抽蓄水电!H8+地方水电!H8 -> 476.22 | I8: =抽蓄水电!I8+地方水电!I8 -> 476.12 | ... CS8: =抽蓄水电!CS8+地方水电!CS8 -> 496.93
A9: 46242 | B9: =抽蓄水电!B9+地方水电!B9 -> 140.81 | C9: =抽蓄水电!C9+地方水电!C9 -> 142.44 | D9: =抽蓄水电!D9+地方水电!D9 -> 142.85 | E9: =抽蓄水电!E9+地方水电!E9 -> 141.57 | F9: =抽蓄水电!F9+地方水电!F9 -> 141.73 | G9: =抽蓄水电!G9+地方水电!G9 -> 141.79 | H9: =抽蓄水电!H9+地方水电!H9 -> 141.86 | I9: =抽蓄水电!I9+地方水电!I9 -> 141.8 | ... CS9: =抽蓄水电!CS9+地方水电!CS9 -> 498.66
A10: 46243 | B10: =抽蓄水电!B10+地方水电!B10 -> 386.82 | C10: =抽蓄水电!C10+地方水电!C10 -> 387.32 | D10: =抽蓄水电!D10+地方水电!D10 -> 387.45 | E10: =抽蓄水电!E10+地方水电!E10 -> 385.97 | F10: =抽蓄水电!F10+地方水电!F10 -> 386.14 | G10: =抽蓄水电!G10+地方水电!G10 -> 386.07 | H10: =抽蓄水电!H10+地方水电!H10 -> 386.14 | I10: =抽蓄水电!I10+地方水电!I10 -> 385.98 | ... CS10: =抽蓄水电!CS10+地方水电!CS10 -> 492.17
A11: 46244 | B11: =抽蓄水电!B11+地方水电!B11 -> 483.09 | C11: =抽蓄水电!C11+地方水电!C11 -> 482.09 | D11: =抽蓄水电!D11+地方水电!D11 -> 482.14 | E11: =抽蓄水电!E11+地方水电!E11 -> 480.75 | F11: =抽蓄水电!F11+地方水电!F11 -> 480.83 | G11: =抽蓄水电!G11+地方水电!G11 -> 480.79 | H11: =抽蓄水电!H11+地方水电!H11 -> 480.85 | I11: =抽蓄水电!I11+地方水电!I11 -> 480.83 | ... CS11: =抽蓄水电!CS11+地方水电!CS11 -> 494.36
A12: 46245 | B12: =抽蓄水电!B12+地方水电!B12 -> 484.6 | C12: =抽蓄水电!C12+地方水电!C12 -> 483.7 | D12: =抽蓄水电!D12+地方水电!D12 -> 483.62 | E12: =抽蓄水电!E12+地方水电!E12 -> 483.47 | F12: =抽蓄水电!F12+地方水电!F12 -> 442.42 | G12: =抽蓄水电!G12+地方水电!G12 -> 442.19 | H12: =抽蓄水电!H12+地方水电!H12 -> 442.11 | I12: =抽蓄水电!I12+地方水电!I12 -> 442.02 | ... CS12: =抽蓄水电!CS12+地方水电!CS12 -> 492.35
A13: 46246 | B13: =抽蓄水电!B13+地方水电!B13 -> 485.71 | C13: =抽蓄水电!C13+地方水电!C13 -> 485.84 | D13: =抽蓄水电!D13+地方水电!D13 -> 484.43 | E13: =抽蓄水电!E13+地方水电!E13 -> 484.28 | F13: =抽蓄水电!F13+地方水电!F13 -> 484.25 | G13: =抽蓄水电!G13+地方水电!G13 -> 484.05 | H13: =抽蓄水电!H13+地方水电!H13 -> 483.97 | I13: =抽蓄水电!I13+地方水电!I13 -> 483.82 | ... CS13: =抽蓄水电!CS13+地方水电!CS13 -> 421.76
... A23: 46256 | B23: =抽蓄水电!B23+地方水电!B23 -> 340.28 | C23: =抽蓄水电!C23+地方水电!C23 -> 337.24 | D23: =抽蓄水电!D23+地方水电!D23 -> 334.35 | E23: =抽蓄水电!E23+地方水电!E23 -> 332.55 | F23: =抽蓄水电!F23+地方水电!F23 -> 332.38 | G23: =抽蓄水电!G23+地方水电!G23 -> 331.73 | H23: =抽蓄水电!H23+地方水电!H23 -> 331.99 | I23: =抽蓄水电!I23+地方水电!I23 -> 331.98 | ... CS23: =抽蓄水电!CS23+地方水电!CS23 -> 222.78
A24: 46257 | B24: =抽蓄水电!B24+地方水电!B25 -> 464.91 | C24: =抽蓄水电!C24+地方水电!C25 -> 471.09 | D24: =抽蓄水电!D24+地方水电!D25 -> 471.1 | E24: =抽蓄水电!E24+地方水电!E25 -> 471.25 | F24: =抽蓄水电!F24+地方水电!F25 -> 471.23 | G24: =抽蓄水电!G24+地方水电!G25 -> 471.38 | H24: =抽蓄水电!H24+地方水电!H25 -> 471.11 | I24: =抽蓄水电!I24+地方水电!I25 -> 472.9 | ... CS24: =抽蓄水电!CS24+地方水电!CS25 -> 400.58
A25: 46258 | B25: =抽蓄水电!B25+地方水电!B26 -> 442.68 | C25: =抽蓄水电!C25+地方水电!C26 -> 449.99 | D25: =抽蓄水电!D25+地方水电!D26 -> 449.99 | E25: =抽蓄水电!E25+地方水电!E26 -> 450.17 | F25: =抽蓄水电!F25+地方水电!F26 -> 450.57 | G25: =抽蓄水电!G25+地方水电!G26 -> 450.63 | H25: =抽蓄水电!H25+地方水电!H26 -> 450.46 | I25: =抽蓄水电!I25+地方水电!I26 -> 452.21 | ... CS25: =抽蓄水电!CS25+地方水电!CS26 -> 450.94
A26: 46259 | B26: =抽蓄水电!B26+地方水电!B27 -> 513.86 | C26: =抽蓄水电!C26+地方水电!C27 -> 516.65 | D26: =抽蓄水电!D26+地方水电!D27 -> 519.01 | E26: =抽蓄水电!E26+地方水电!E27 -> 519.22 | F26: =抽蓄水电!F26+地方水电!F27 -> 519.65 | G26: =抽蓄水电!G26+地方水电!G27 -> 519.67 | H26: =抽蓄水电!H26+地方水电!H27 -> 517.35 | I26: =抽蓄水电!I26+地方水电!I27 -> 517.91 | ... CS26: =抽蓄水电!CS26+地方水电!CS27 -> 514.45
A27: 46260 | B27: =抽蓄水电!B27+地方水电!B28 -> 534.71 | C27: =抽蓄水电!C27+地方水电!C28 -> 541.14 | D27: =抽蓄水电!D27+地方水电!D28 -> 544.86 | E27: =抽蓄水电!E27+地方水电!E28 -> 544.89 | F27: =抽蓄水电!F27+地方水电!F28 -> 546.14 | G27: =抽蓄水电!G27+地方水电!G28 -> 546.95 | H27: =抽蓄水电!H27+地方水电!H28 -> 544.74 | I27: =抽蓄水电!I27+地方水电!I28 -> 545.41 | ... CS27: =抽蓄水电!CS27+地方水电!CS28 -> 478.32
A28: 46261 | B28: =抽蓄水电!B28+地方水电!B29 -> 301.45 | C28: =抽蓄水电!C28+地方水电!C29 -> 307.86 | D28: =抽蓄水电!D28+地方水电!D29 -> 311.67 | E28: =抽蓄水电!E28+地方水电!E29 -> 311.63 | F28: =抽蓄水电!F28+地方水电!F29 -> 312.41 | G28: =抽蓄水电!G28+地方水电!G29 -> 313.22 | H28: =抽蓄水电!H28+地方水电!H29 -> 311 | I28: =抽蓄水电!I28+地方水电!I29 -> 311.7 | ... CS28: =抽蓄水电!CS28+地方水电!CS29 -> 298.86
A29: 46262 | B29: =抽蓄水电!B29+地方水电!B30 -> 338.2 | C29: =抽蓄水电!C29+地方水电!C30 -> 345.62 | D29: =抽蓄水电!D29+地方水电!D30 -> 348.26 | E29: =抽蓄水电!E29+地方水电!E30 -> 348.39 | F29: =抽蓄水电!F29+地方水电!F30 -> 349.13 | G29: =抽蓄水电!G29+地方水电!G30 -> 349.99 | H29: =抽蓄水电!H29+地方水电!H30 -> 350 | I29: =抽蓄水电!I29+地方水电!I30 -> 350.19 | ... CS29: =抽蓄水电!CS29+地方水电!CS30 -> 240.37
A30: 46263 | B30: =抽蓄水电!B30+地方水电!B31 -> 240.15 | C30: =抽蓄水电!C30+地方水电!C31 -> 242.81 | D30: =抽蓄水电!D30+地方水电!D31 -> 244.09 | E30: =抽蓄水电!E30+地方水电!E31 -> 244.29 | F30: =抽蓄水电!F30+地方水电!F31 -> 244.02 | G30: =抽蓄水电!G30+地方水电!G31 -> 244.22 | H30: =抽蓄水电!H30+地方水电!H31 -> 244.22 | I30: =抽蓄水电!I30+地方水电!I31 -> 244.26 | ... CS30: =抽蓄水电!CS30+地方水电!CS31 -> 301.63
A31: 46264 | B31: =抽蓄水电!B31+地方水电!B32 -> 236.48 | C31: =抽蓄水电!C31+地方水电!C32 -> 239.14 | D31: =抽蓄水电!D31+地方水电!D32 -> 240.39 | E31: =抽蓄水电!E31+地方水电!E32 -> 240.61 | F31: =抽蓄水电!F31+地方水电!F32 -> 240.56 | G31: =抽蓄水电!G31+地方水电!G32 -> 240.76 | H31: =抽蓄水电!H31+地方水电!H32 -> 240.76 | I31: =抽蓄水电!I31+地方水电!I32 -> 240.75 | ... CS31: =抽蓄水电!CS31+地方水电!CS32 -> 343.91
A32: 46265 | B32: =抽蓄水电!B32+地方水电!B33 -> 126 | C32: =抽蓄水电!C32+地方水电!C33 -> 126 | D32: =抽蓄水电!D32+地方水电!D33 -> 126 | E32: =抽蓄水电!E32+地方水电!E33 -> 126 | F32: =抽蓄水电!F32+地方水电!F33 -> 126 | G32: =抽蓄水电!G32+地方水电!G33 -> 126 | H32: =抽蓄水电!H32+地方水电!H33 -> 126 | I32: =抽蓄水电!I32+地方水电!I33 -> 126 | ... CS32: =抽蓄水电!CS32+地方水电!CS33 -> 188

Sheet 核电
A1: 日期 | B1: 0.010416667 | C1: 0.020833333 | D1: 0.03125 | E1: 0.041666667 | F1: 0.052083333 | G1: 0.0625 | H1: 0.072916667 | I1: 0.083333333 | J1: 0.09375 | K1: 0.10416667 | L1: 0.11458333 | M1: 0.125 | N1: 0.13541667 | O1: 0.14583333 | P1: 0.15625 | Q1: 0.16666667 | R1: 0.17708333 | S1: 0.1875 | T1: 0.19791667 | U1: 0.20833333 | V1: 0.21875 | W1: 0.22916667 | X1: 0.23958333 | Y1: 0.25 | Z1: 0.26041667 | AA1: 0.27083333 | AB1: 0.28125 | AC1: 0.29166667 | AD1: 0.30208333 | AE1: 0.3125 | AF1: 0.32291667 | AG1: 0.33333333 | AH1: 0.34375 | AI1: 0.35416667 | AJ1: 0.36458333 | AK1: 0.375 | AL1: 0.38541667 | AM1: 0.39583333 | AN1: 0.40625 | AO1: 0.41666667 | AP1: 0.42708333 | AQ1: 0.4375 | AR1: 0.44791667 | AS1: 0.45833333 | AT1: 0.46875 | AU1: 0.47916667 | AV1: 0.48958333 | AW1: 0.5 | AX1: 0.51041667 | AY1: 0.52083333 | AZ1: 0.53125 | BA1: 0.54166667 | BB1: 0.55208333 | BC1: 0.5625 | BD1: 0.57291667 | BE1: 0.58333333 | BF1: 0.59375 | BG1: 0.60416667 | BH1: 0.61458333 | BI1: 0.625 | BJ1: 0.63541667 | BK1: 0.64583333 | BL1: 0.65625 | BM1: 0.66666667 | BN1: 0.67708333 | BO1: 0.6875 | BP1: 0.69791667 | BQ1: 0.70833333 | BR1: 0.71875 | BS1: 0.72916667 | BT1: 0.73958333 | BU1: 0.75 | BV1: 0.76041667 | BW1: 0.77083333 | BX1: 0.78125 | BY1: 0.79166667 | BZ1: 0.80208333 | CA1: 0.8125 | CB1: 0.82291667 | CC1: 0.83333333 | CD1: 0.84375 | CE1: 0.85416667 | CF1: 0.86458333 | CG1: 0.875 | CH1: 0.88541667 | CI1: 0.89583333 | CJ1: 0.90625 | CK1: 0.91666667 | CL1: 0.92708333 | CM1: 0.9375 | CN1: 0.94791667 | CO1: 0.95833333 | CP1: 0.96875 | CQ1: 0.97916667 | CR1: 0.98958333 | CS1: 1
A2: 46235 | B2: 6345 | C2: 6345 | D2: 6345 | E2: 6345 | F2: 6345 | G2: 6345 | H2: 6345 | I2: 6345 | J2: 6345 | K2: 6345 | L2: 6345 | M2: 6345 | N2: 6345 | O2: 6345 | P2: 6345 | Q2: 6345 | R2: 6345 | S2: 6345 | T2: 6345 | U2: 6345 | V2: 6345 | W2: 6345 | X2: 6345 | Y2: 6345 | Z2: 6345 | AA2: 6345 | AB2: 6345 | AC2: 6345 | AD2: 6345 | AE2: 6345 | AF2: 6345 | AG2: 6345 | AH2: 6345 | AI2: 6345 | AJ2: 6345 | AK2: 6345 | AL2: 6345 | AM2: 6345 | AN2: 6345 | AO2: 6345 | AP2: 6345 | AQ2: 6345 | AR2: 6345 | AS2: 6345 | AT2: 6345 | AU2: 6345 | AV2: 6345 | AW2: 6345 | AX2: 6345 | AY2: 6345 | AZ2: 6345 | BA2: 6345 | BB2: 6345 | BC2: 6345 | BD2: 6345 | BE2: 6345 | BF2: 6345 | BG2: 6345 | BH2: 6345 | BI2: 6345 | BJ2: 6345 | BK2: 6345 | BL2: 6345 | BM2: 6345 | BN2: 6345 | BO2: 6345 | BP2: 6345 | BQ2: 6345 | BR2: 6345 | BS2: 6345 | BT2: 6345 | BU2: 6345 | BV2: 6345 | BW2: 6345 | BX2: 6345 | BY2: 6345 | BZ2: 6345 | CA2: 6345 | CB2: 6345 | CC2: 6345 | CD2: 6345 | CE2: 6345 | CF2: 6345 | CG2: 6345 | CH2: 6345 | CI2: 6345 | CJ2: 6345 | CK2: 6345 | CL2: 6345 | CM2: 6345 | CN2: 6345 | CO2: 6345 | CP2: 6345 | CQ2: 6345 | CR2: 6345 | CS2: 6345
A3: 46236 | B3: 6337 | C3: 6337 | D3: 6337 | E3: 6337 | F3: 6337 | G3: 6337 | H3: 6337 | I3: 6337 | J3: 6337 | K3: 6337 | L3: 6337 | M3: 6337 | N3: 6337 | O3: 6337 | P3: 6337 | Q3: 6337 | R3: 6337 | S3: 6337 | T3: 6337 | U3: 6337 | V3: 6337 | W3: 6337 | X3: 6337 | Y3: 6337 | Z3: 6337 | AA3: 6337 | AB3: 6337 | AC3: 6337 | AD3: 6337 | AE3: 6337 | AF3: 6337 | AG3: 6337 | AH3: 6337 | AI3: 6337 | AJ3: 6337 | AK3: 6337 | AL3: 6337 | AM3: 6337 | AN3: 6337 | AO3: 6337 | AP3: 6337 | AQ3: 6337 | AR3: 6337 | AS3: 6337 | AT3: 6337 | AU3: 6337 | AV3: 6337 | AW3: 6337 | AX3: 6337 | AY3: 6337 | AZ3: 6337 | BA3: 6337 | BB3: 6337 | BC3: 6337 | BD3: 6337 | BE3: 6337 | BF3: 6337 | BG3: 6337 | BH3: 6337 | BI3: 6337 | BJ3: 6337 | BK3: 6337 | BL3: 6337 | BM3: 6337 | BN3: 6337 | BO3: 6337 | BP3: 6337 | BQ3: 6337 | BR3: 6337 | BS3: 6337 | BT3: 6337 | BU3: 6337 | BV3: 6337 | BW3: 6337 | BX3: 6337 | BY3: 6337 | BZ3: 6337 | CA3: 6337 | CB3: 6337 | CC3: 6337 | CD3: 6337 | CE3: 6337 | CF3: 6337 | CG3: 6337 | CH3: 6337 | CI3: 6337 | CJ3: 6337 | CK3: 6337 | CL3: 6337 | CM3: 6337 | CN3: 6337 | CO3: 6337 | CP3: 6337 | CQ3: 6337 | CR3: 6337 | CS3: 6337
A4: 46237 | B4: 6326 | C4: 6326 | D4: 6326 | E4: 6326 | F4: 6326 | G4: 6326 | H4: 6326 | I4: 6326 | J4: 6326 | K4: 6326 | L4: 6326 | M4: 6326 | N4: 6326 | O4: 6326 | P4: 6326 | Q4: 6326 | R4: 6326 | S4: 6326 | T4: 6326 | U4: 6326 | V4: 6326 | W4: 6326 | X4: 6326 | Y4: 6326 | Z4: 6326 | AA4: 6326 | AB4: 6326 | AC4: 6326 | AD4: 6326 | AE4: 6326 | AF4: 6326 | AG4: 6326 | AH4: 6326 | AI4: 6326 | AJ4: 6326 | AK4: 6326 | AL4: 6326 | AM4: 6326 | AN4: 6326 | AO4: 6326 | AP4: 6326 | AQ4: 6326 | AR4: 6326 | AS4: 6326 | AT4: 6326 | AU4: 6326 | AV4: 6326 | AW4: 6326 | AX4: 6326 | AY4: 6326 | AZ4: 6326 | BA4: 6326 | BB4: 6326 | BC4: 6326 | BD4: 6326 | BE4: 6326 | BF4: 6326 | BG4: 6326 | BH4: 6326 | BI4: 6326 | BJ4: 6326 | BK4: 6326 | BL4: 6326 | BM4: 6326 | BN4: 6326 | BO4: 6326 | BP4: 6326 | BQ4: 6326 | BR4: 6326 | BS4: 6326 | BT4: 6326 | BU4: 6326 | BV4: 6326 | BW4: 6326 | BX4: 6326 | BY4: 6326 | BZ4: 6326 | CA4: 6326 | CB4: 6326 | CC4: 6326 | CD4: 6326 | CE4: 6326 | CF4: 6326 | CG4: 6326 | CH4: 6326 | CI4: 6326 | CJ4: 6326 | CK4: 6326 | CL4: 6326 | CM4: 6326 | CN4: 6326 | CO4: 6326 | CP4: 6326 | CQ4: 6326 | CR4: 6326 | CS4: 6326
A5: 46238 | B5: 6298 | C5: 6298 | D5: 6298 | E5: 6298 | F5: 6298 | G5: 6298 | H5: 6298 | I5: 6298 | J5: 6298 | K5: 6298 | L5: 6298 | M5: 6298 | N5: 6298 | O5: 6298 | P5: 6298 | Q5: 6298 | R5: 6298 | S5: 6298 | T5: 6298 | U5: 6298 | V5: 6298 | W5: 6298 | X5: 6298 | Y5: 6298 | Z5: 6298 | AA5: 6298 | AB5: 6298 | AC5: 6298 | AD5: 6298 | AE5: 6298 | AF5: 6298 | AG5: 6298 | AH5: 6298 | AI5: 6298 | AJ5: 6298 | AK5: 6298 | AL5: 6298 | AM5: 6298 | AN5: 6298 | AO5: 6298 | AP5: 6298 | AQ5: 6298 | AR5: 6298 | AS5: 6298 | AT5: 6298 | AU5: 6298 | AV5: 6298 | AW5: 6298 | AX5: 6298 | AY5: 6298 | AZ5: 6298 | BA5: 6298 | BB5: 6298 | BC5: 6298 | BD5: 6298 | BE5: 6298 | BF5: 6298 | BG5: 6298 | BH5: 6298 | BI5: 6298 | BJ5: 6298 | BK5: 6298 | BL5: 6298 | BM5: 6298 | BN5: 6298 | BO5: 6298 | BP5: 6298 | BQ5: 6298 | BR5: 6298 | BS5: 6298 | BT5: 6298 | BU5: 6298 | BV5: 6298 | BW5: 6298 | BX5: 6298 | BY5: 6298 | BZ5: 6298 | CA5: 6298 | CB5: 6298 | CC5: 6298 | CD5: 6298 | CE5: 6298 | CF5: 6298 | CG5: 6298 | CH5: 6298 | CI5: 6298 | CJ5: 6298 | CK5: 6298 | CL5: 6298 | CM5: 6298 | CN5: 6298 | CO5: 6298 | CP5: 6298 | CQ5: 6298 | CR5: 6298 | CS5: 6298
A6: 46239 | B6: 6289 | C6: 6289 | D6: 6289 | E6: 6289 | F6: 6289 | G6: 6289 | H6: 6289 | I6: 6289 | J6: 6289 | K6: 6289 | L6: 6289 | M6: 6289 | N6: 6289 | O6: 6289 | P6: 6289 | Q6: 6289 | R6: 6289 | S6: 6289 | T6: 6289 | U6: 6289 | V6: 6289 | W6: 6289 | X6: 6289 | Y6: 6289 | Z6: 6289 | AA6: 6289 | AB6: 6289 | AC6: 6289 | AD6: 6289 | AE6: 6289 | AF6: 6289 | AG6: 6289 | AH6: 6289 | AI6: 6289 | AJ6: 6289 | AK6: 6289 | AL6: 6289 | AM6: 6289 | AN6: 6289 | AO6: 6289 | AP6: 6289 | AQ6: 6289 | AR6: 6289 | AS6: 6289 | AT6: 6289 | AU6: 6289 | AV6: 6289 | AW6: 6289 | AX6: 6289 | AY6: 6289 | AZ6: 6289 | BA6: 6289 | BB6: 6289 | BC6: 6289 | BD6: 6289 | BE6: 6289 | BF6: 6289 | BG6: 6289 | BH6: 6289 | BI6: 6289 | BJ6: 6289 | BK6: 6289 | BL6: 6289 | BM6: 6289 | BN6: 6289 | BO6: 6289 | BP6: 6289 | BQ6: 6289 | BR6: 6289 | BS6: 6289 | BT6: 6289 | BU6: 6289 | BV6: 6289 | BW6: 6289 | BX6: 6289 | BY6: 6289 | BZ6: 6289 | CA6: 6289 | CB6: 6289 | CC6: 6289 | CD6: 6289 | CE6: 6289 | CF6: 6289 | CG6: 6289 | CH6: 6289 | CI6: 6289 | CJ6: 6289 | CK6: 6289 | CL6: 6289 | CM6: 6289 | CN6: 6289 | CO6: 6289 | CP6: 6289 | CQ6: 6289 | CR6: 6289 | CS6: 6289
A7: 46240 | B7: 6277 | C7: 6277 | D7: 6277 | E7: 6277 | F7: 6277 | G7: 6277 | H7: 6277 | I7: 6277 | J7: 6277 | K7: 6277 | L7: 6277 | M7: 6277 | N7: 6277 | O7: 6277 | P7: 6277 | Q7: 6277 | R7: 6277 | S7: 6277 | T7: 6277 | U7: 6277 | V7: 6277 | W7: 6277 | X7: 6277 | Y7: 6277 | Z7: 6277 | AA7: 6277 | AB7: 6277 | AC7: 6277 | AD7: 6277 | AE7: 6277 | AF7: 6277 | AG7: 6277 | AH7: 6277 | AI7: 6277 | AJ7: 6277 | AK7: 6277 | AL7: 6277 | AM7: 6277 | AN7: 6277 | AO7: 6277 | AP7: 6277 | AQ7: 6277 | AR7: 6277 | AS7: 6277 | AT7: 6277 | AU7: 6277 | AV7: 6277 | AW7: 6277 | AX7: 6277 | AY7: 6277 | AZ7: 6277 | BA7: 6277 | BB7: 6277 | BC7: 6277 | BD7: 6277 | BE7: 6277 | BF7: 6277 | BG7: 6277 | BH7: 6277 | BI7: 6277 | BJ7: 6267 | BK7: 6267 | BL7: 6257 | BM7: 6257 | BN7: 6257 | BO7: 6277 | BP7: 6277 | BQ7: 6277 | BR7: 6277 | BS7: 6277 | BT7: 6277 | BU7: 6277 | BV7: 6277 | BW7: 6277 | BX7: 6277 | BY7: 6277 | BZ7: 6277 | CA7: 6277 | CB7: 6277 | CC7: 6277 | CD7: 6277 | CE7: 6277 | CF7: 6277 | CG7: 6277 | CH7: 6277 | CI7: 6277 | CJ7: 6277 | CK7: 6277 | CL7: 6277 | CM7: 6277 | CN7: 6277 | CO7: 6277 | CP7: 6277 | CQ7: 6277 | CR7: 6277 | CS7: 6277
A8: 46241 | B8: 6277 | C8: 6277 | D8: 6277 | E8: 6277 | F8: 6277 | G8: 6277 | H8: 6277 | I8: 6277 | J8: 6277 | K8: 6277 | L8: 6277 | M8: 6277 | N8: 6277 | O8: 6277 | P8: 6277 | Q8: 6277 | R8: 6277 | S8: 6277 | T8: 6277 | U8: 6277 | V8: 6277 | W8: 6277 | X8: 6277 | Y8: 6277 | Z8: 6277 | AA8: 6277 | AB8: 6277 | AC8: 6277 | AD8: 6277 | AE8: 6277 | AF8: 6277 | AG8: 6277 | AH8: 6277 | AI8: 6277 | AJ8: 6277 | AK8: 6277 | AL8: 6277 | AM8: 6277 | AN8: 6277 | AO8: 6277 | AP8: 6277 | AQ8: 6277 | AR8: 6277 | AS8: 6277 | AT8: 6277 | AU8: 6277 | AV8: 6277 | AW8: 6277 | AX8: 6277 | AY8: 6277 | AZ8: 6277 | BA8: 6277 | BB8: 6277 | BC8: 6277 | BD8: 6277 | BE8: 6277 | BF8: 6277 | BG8: 6277 | BH8: 6277 | BI8: 6277 | BJ8: 6277 | BK8: 6277 | BL8: 6277 | BM8: 6277 | BN8: 6277 | BO8: 6277 | BP8: 6277 | BQ8: 6277 | BR8: 6277 | BS8: 6277 | BT8: 6277 | BU8: 6277 | BV8: 6277 | BW8: 6277 | BX8: 6277 | BY8: 6277 | BZ8: 6277 | CA8: 6277 | CB8: 6277 | CC8: 6277 | CD8: 6277 | CE8: 6277 | CF8: 6277 | CG8: 6277 | CH8: 6277 | CI8: 6277 | CJ8: 6277 | CK8: 6277 | CL8: 6277 | CM8: 6277 | CN8: 6277 | CO8: 6277 | CP8: 6277 | CQ8: 6277 | CR8: 6277 | CS8: 6277
A9: 46242 | B9: 6277 | C9: 6277 | D9: 6277 | E9: 6277 | F9: 6277 | G9: 6277 | H9: 6277 | I9: 6277 | J9: 6277 | K9: 6277 | L9: 6277 | M9: 6277 | N9: 6277 | O9: 6277 | P9: 6277 | Q9: 6277 | R9: 6277 | S9: 6277 | T9: 6277 | U9: 6277 | V9: 6277 | W9: 6277 | X9: 6277 | Y9: 6277 | Z9: 6277 | AA9: 6277 | AB9: 6277 | AC9: 6277 | AD9: 6277 | AE9: 6277 | AF9: 6277 | AG9: 6277 | AH9: 6277 | AI9: 6277 | AJ9: 6277 | AK9: 6277 | AL9: 6277 | AM9: 6277 | AN9: 6277 | AO9: 6277 | AP9: 6277 | AQ9: 6277 | AR9: 6277 | AS9: 6277 | AT9: 6277 | AU9: 6277 | AV9: 6277 | AW9: 6277 | AX9: 6277 | AY9: 6277 | AZ9: 6277 | BA9: 6277 | BB9: 6277 | BC9: 6277 | BD9: 6277 | BE9: 6277 | BF9: 6277 | BG9: 6277 | BH9: 6277 | BI9: 6277 | BJ9: 6277 | BK9: 6277 | BL9: 6277 | BM9: 6277 | BN9: 6277 | BO9: 6277 | BP9: 6277 | BQ9: 6277 | BR9: 6277 | BS9: 6277 | BT9: 6277 | BU9: 6277 | BV9: 6277 | BW9: 6277 | BX9: 6277 | BY9: 6277 | BZ9: 6277 | CA9: 6277 | CB9: 6277 | CC9: 6277 | CD9: 6277 | CE9: 6277 | CF9: 6277 | CG9: 6277 | CH9: 6277 | CI9: 6277 | CJ9: 6277 | CK9: 6277 | CL9: 6277 | CM9: 6277 | CN9: 6277 | CO9: 6277 | CP9: 6277 | CQ9: 6277 | CR9: 6277 | CS9: 6277
A10: 46243 | B10: 6271 | C10: 6271 | D10: 6271 | E10: 6271 | F10: 6271 | G10: 6271 | H10: 6271 | I10: 6271 | J10: 6271 | K10: 6271 | L10: 6271 | M10: 6271 | N10: 6271 | O10: 6271 | P10: 6271 | Q10: 6271 | R10: 6271 | S10: 6271 | T10: 6271 | U10: 6271 | V10: 6271 | W10: 6271 | X10: 6271 | Y10: 6271 | Z10: 6271 | AA10: 6271 | AB10: 6271 | AC10: 6271 | AD10: 6271 | AE10: 6271 | AF10: 6271 | AG10: 6271 | AH10: 6271 | AI10: 6271 | AJ10: 6271 | AK10: 6271 | AL10: 6271 | AM10: 6271 | AN10: 6271 | AO10: 6271 | AP10: 6271 | AQ10: 6271 | AR10: 6271 | AS10: 6271 | AT10: 6271 | AU10: 6271 | AV10: 6271 | AW10: 6271 | AX10: 6271 | AY10: 6271 | AZ10: 6271 | BA10: 6271 | BB10: 6271 | BC10: 6271 | BD10: 6271 | BE10: 6271 | BF10: 6271 | BG10: 6271 | BH10: 6271 | BI10: 6271 | BJ10: 6271 | BK10: 6271 | BL10: 6271 | BM10: 6271 | BN10: 6271 | BO10: 6271 | BP10: 6271 | BQ10: 6271 | BR10: 6271 | BS10: 6271 | BT10: 6271 | BU10: 6271 | BV10: 6271 | BW10: 6271 | BX10: 6271 | BY10: 6271 | BZ10: 6271 | CA10: 6271 | CB10: 6271 | CC10: 6271 | CD10: 6271 | CE10: 6271 | CF10: 6271 | CG10: 6271 | CH10: 6271 | CI10: 6271 | CJ10: 6271 | CK10: 6271 | CL10: 6271 | CM10: 6271 | CN10: 6271 | CO10: 6271 | CP10: 6271 | CQ10: 6271 | CR10: 6271 | CS10: 6271
A11: 46244 | B11: 6285 | C11: 6285 | D11: 6285 | E11: 6285 | F11: 6285 | G11: 6285 | H11: 6285 | I11: 6285 | J11: 6285 | K11: 6285 | L11: 6285 | M11: 6285 | N11: 6285 | O11: 6285 | P11: 6285 | Q11: 6285 | R11: 6285 | S11: 6285 | T11: 6285 | U11: 6285 | V11: 6285 | W11: 6285 | X11: 6285 | Y11: 6285 | Z11: 6285 | AA11: 6285 | AB11: 6285 | AC11: 6285 | AD11: 6285 | AE11: 6285 | AF11: 6285 | AG11: 6285 | AH11: 6285 | AI11: 6285 | AJ11: 6285 | AK11: 6285 | AL11: 6285 | AM11: 6285 | AN11: 6285 | AO11: 6285 | AP11: 6285 | AQ11: 6285 | AR11: 6285 | AS11: 6285 | AT11: 6285 | AU11: 6285 | AV11: 6285 | AW11: 6285 | AX11: 6285 | AY11: 6285 | AZ11: 6285 | BA11: 6285 | BB11: 6285 | BC11: 6285 | BD11: 6285 | BE11: 6285 | BF11: 6285 | BG11: 6285 | BH11: 6285 | BI11: 6285 | BJ11: 6285 | BK11: 6285 | BL11: 6285 | BM11: 6285 | BN11: 6285 | BO11: 6285 | BP11: 6285 | BQ11: 6285 | BR11: 6285 | BS11: 6285 | BT11: 6285 | BU11: 6285 | BV11: 6285 | BW11: 6285 | BX11: 6285 | BY11: 6285 | BZ11: 6285 | CA11: 6285 | CB11: 6285 | CC11: 6285 | CD11: 6285 | CE11: 6285 | CF11: 6285 | CG11: 6285 | CH11: 6285 | CI11: 6285 | CJ11: 6285 | CK11: 6285 | CL11: 6285 | CM11: 6285 | CN11: 6285 | CO11: 6285 | CP11: 6285 | CQ11: 6285 | CR11: 6285 | CS11: 6285
A12: 46245 | B12: 6314 | C12: 6314 | D12: 6314 | E12: 6314 | F12: 6314 | G12: 6314 | H12: 6314 | I12: 6314 | J12: 6314 | K12: 6314 | L12: 6314 | M12: 6314 | N12: 6314 | O12: 6314 | P12: 6314 | Q12: 6314 | R12: 6314 | S12: 6314 | T12: 6314 | U12: 6314 | V12: 6314 | W12: 6314 | X12: 6314 | Y12: 6314 | Z12: 6314 | AA12: 6314 | AB12: 6314 | AC12: 6314 | AD12: 6314 | AE12: 6314 | AF12: 6314 | AG12: 6314 | AH12: 6314 | AI12: 6314 | AJ12: 6314 | AK12: 6314 | AL12: 6314 | AM12: 6314 | AN12: 6314 | AO12: 6314 | AP12: 6314 | AQ12: 6314 | AR12: 6314 | AS12: 6314 | AT12: 6314 | AU12: 6314 | AV12: 6314 | AW12: 6314 | AX12: 6314 | AY12: 6314 | AZ12: 6314 | BA12: 6314 | BB12: 6314 | BC12: 6314 | BD12: 6314 | BE12: 6314 | BF12: 6314 | BG12: 6314 | BH12: 6314 | BI12: 6314 | BJ12: 6314 | BK12: 6314 | BL12: 6314 | BM12: 6314 | BN12: 6314 | BO12: 6314 | BP12: 6314 | BQ12: 6314 | BR12: 6314 | BS12: 6314 | BT12: 6314 | BU12: 6314 | BV12: 6314 | BW12: 6314 | BX12: 6314 | BY12: 6314 | BZ12: 6314 | CA12: 6314 | CB12: 6314 | CC12: 6314 | CD12: 6314 | CE12: 6314 | CF12: 6314 | CG12: 6314 | CH12: 6314 | CI12: 6314 | CJ12: 6314 | CK12: 6314 | CL12: 6314 | CM12: 6314 | CN12: 6314 | CO12: 6314 | CP12: 6314 | CQ12: 6314 | CR12: 6314 | CS12: 6314
A13: 46246 | B13: 6362 | C13: 6362 | D13: 6362 | E13: 6362 | F13: 6362 | G13: 6362 | H13: 6362 | I13: 6362 | J13: 6362 | K13: 6362 | L13: 6362 | M13: 6362 | N13: 6362 | O13: 6362 | P13: 6362 | Q13: 6362 | R13: 6362 | S13: 6362 | T13: 6362 | U13: 6362 | V13: 6362 | W13: 6362 | X13: 6362 | Y13: 6362 | Z13: 6362 | AA13: 6362 | AB13: 6362 | AC13: 6362 | AD13: 6362 | AE13: 6362 | AF13: 6362 | AG13: 6362 | AH13: 6362 | AI13: 6362 | AJ13: 6362 | AK13: 6362 | AL13: 6362 | AM13: 6362 | AN13: 6362 | AO13: 6362 | AP13: 6355 | AQ13: 6355 | AR13: 6355 | AS13: 6342 | AT13: 6342 | AU13: 6342 | AV13: 6342 | AW13: 6362 | AX13: 6362 | AY13: 6362 | AZ13: 6362 | BA13: 6362 | BB13: 6362 | BC13: 6362 | BD13: 6362 | BE13: 6362 | BF13: 6362 | BG13: 6362 | BH13: 6362 | BI13: 6362 | BJ13: 6352 | BK13: 6352 | BL13: 6342 | BM13: 6342 | BN13: 6342 | BO13: 6362 | BP13: 6362 | BQ13: 6362 | BR13: 6362 | BS13: 6362 | BT13: 6362 | BU13: 6362 | BV13: 6362 | BW13: 6362 | BX13: 6362 | BY13: 6362 | BZ13: 6362 | CA13: 6362 | CB13: 6362 | CC13: 6362 | CD13: 6362 | CE13: 6362 | CF13: 6362 | CG13: 6362 | CH13: 6362 | CI13: 6362 | CJ13: 6362 | CK13: 6362 | CL13: 6362 | CM13: 6362 | CN13: 6362 | CO13: 6362 | CP13: 6362 | CQ13: 6362 | CR13: 6362 | CS13: 6362
... A32: 46265 | B32: 6361 | C32: 6361 | D32: 6361 | E32: 6361 | F32: 6361 | G32: 6361 | H32: 6361 | I32: 6361 | J32: 6361 | K32: 6361 | L32: 6361 | M32: 6361 | N32: 6361 | O32: 6361 | P32: 6361 | Q32: 6361 | R32: 6361 | S32: 6361 | T32: 6361 | U32: 6361 | V32: 6361 | W32: 6361 | X32: 6361 | Y32: 6361 | Z32: 6361 | AA32: 6361 | AB32: 6361 | AC32: 6361 | AD32: 6361 | AE32: 6361 | AF32: 6361 | AG32: 6361 | AH32: 6361 | AI32: 6361 | AJ32: 6361 | AK32: 6361 | AL32: 6361 | AM32: 6361 | AN32: 6361 | AO32: 6361 | AP32: 6361 | AQ32: 6361 | AR32: 6361 | AS32: 6361 | AT32: 6361 | AU32: 6361 | AV32: 6361 | AW32: 6361 | AX32: 6361 | AY32: 6361 | AZ32: 6361 | BA32: 6361 | BB32: 6361 | BC32: 6361 | BD32: 6361 | BE32: 6361 | BF32: 6361 | BG32: 6361 | BH32: 6361 | BI32: 6361 | BJ32: 6361 | BK32: 6361 | BL32: 6361 | BM32: 6361 | BN32: 6361 | BO32: 6361 | BP32: 6361 | BQ32: 6361 | BR32: 6361 | BS32: 6361 | BT32: 6361 | BU32: 6361 | BV32: 6361 | BW32: 6361 | BX32: 6361 | BY32: 6361 | BZ32: 6361 | CA32: 6361 | CB32: 6361 | CC32: 6361 | CD32: 6361 | CE32: 6361 | CF32: 6361 | CG32: 6361 | CH32: 6361 | CI32: 6361 | CJ32: 6361 | CK32: 6361 | CL32: 6361 | CM32: 6361 | CN32: 6361 | CO32: 6361 | CP32: 6361 | CQ32: 6361 | CR32: 6361 | CS32: 6361

Sheet 地方燃煤
A1: 日期 | B1: 0.010416667 | C1: 0.020833333 | D1: 0.03125 | E1: 0.041666667 | F1: 0.052083333 | G1: 0.0625 | H1: 0.072916667 | I1: 0.083333333 | J1: 0.09375 | K1: 0.10416667 | L1: 0.11458333 | M1: 0.125 | N1: 0.13541667 | O1: 0.14583333 | P1: 0.15625 | Q1: 0.16666667 | R1: 0.17708333 | S1: 0.1875 | T1: 0.19791667 | U1: 0.20833333 | V1: 0.21875 | W1: 0.22916667 | X1: 0.23958333 | Y1: 0.25 | Z1: 0.26041667 | AA1: 0.27083333 | AB1: 0.28125 | AC1: 0.29166667 | AD1: 0.30208333 | AE1: 0.3125 | AF1: 0.32291667 | AG1: 0.33333333 | AH1: 0.34375 | AI1: 0.35416667 | AJ1: 0.36458333 | AK1: 0.375 | AL1: 0.38541667 | AM1: 0.39583333 | AN1: 0.40625 | AO1: 0.41666667 | AP1: 0.42708333 | AQ1: 0.4375 | AR1: 0.44791667 | AS1: 0.45833333 | AT1: 0.46875 | AU1: 0.47916667 | AV1: 0.48958333 | AW1: 0.5 | AX1: 0.51041667 | AY1: 0.52083333 | AZ1: 0.53125 | BA1: 0.54166667 | BB1: 0.55208333 | BC1: 0.5625 | BD1: 0.57291667 | BE1: 0.58333333 | BF1: 0.59375 | BG1: 0.60416667 | BH1: 0.61458333 | BI1: 0.625 | BJ1: 0.63541667 | BK1: 0.64583333 | BL1: 0.65625 | BM1: 0.66666667 | BN1: 0.67708333 | BO1: 0.6875 | BP1: 0.69791667 | BQ1: 0.70833333 | BR1: 0.71875 | BS1: 0.72916667 | BT1: 0.73958333 | BU1: 0.75 | BV1: 0.76041667 | BW1: 0.77083333 | BX1: 0.78125 | BY1: 0.79166667 | BZ1: 0.80208333 | CA1: 0.8125 | CB1: 0.82291667 | CC1: 0.83333333 | CD1: 0.84375 | CE1: 0.85416667 | CF1: 0.86458333 | CG1: 0.875 | CH1: 0.88541667 | CI1: 0.89583333 | CJ1: 0.90625 | CK1: 0.91666667 | CL1: 0.92708333 | CM1: 0.9375 | CN1: 0.94791667 | CO1: 0.95833333 | CP1: 0.96875 | CQ1: 0.97916667 | CR1: 0.98958333 | CS1: 1
A2: 46235 | B2: 313.19 | C2: 313.19 | D2: 313.19 | E2: 313.19 | F2: 303.12 | G2: 303.12 | H2: 303.12 | I2: 303.12 | J2: 304.24 | K2: 304.24 | L2: 304.24 | M2: 304.24 | N2: 314.89 | O2: 314.89 | P2: 314.89 | Q2: 314.89 | R2: 313.99 | S2: 313.99 | T2: 313.99 | U2: 313.99 | V2: 314.34 | W2: 314.34 | X2: 314.34 | Y2: 314.34 | Z2: 314.11 | AA2: 314.11 | AB2: 314.11 | AC2: 314.11 | AD2: 314.77 | AE2: 314.77 | AF2: 314.77 | AG2: 314.77 | AH2: 313.48 | AI2: 313.48 | AJ2: 313.48 | AK2: 313.48 | AL2: 312.58 | AM2: 312.58 | AN2: 312.58 | AO2: 312.58 | AP2: 323.64 | AQ2: 323.64 | AR2: 323.64 | AS2: 323.64 | AT2: 324.76 | AU2: 324.76 | AV2: 324.76 | AW2: 324.76 | AX2: 325.3 | AY2: 325.3 | AZ2: 325.3 | BA2: 325.3 | BB2: 315.72 | BC2: 315.72 | BD2: 315.72 | BE2: 315.72 | BF2: 315.37 | BG2: 315.37 | BH2: 315.37 | BI2: 315.37 | BJ2: 314.4 | BK2: 314.4 | BL2: 314.4 | BM2: 314.4 | BN2: 315.09 | BO2: 315.09 | BP2: 315.09 | BQ2: 315.09 | BR2: 305.88 | BS2: 305.88 | BT2: 305.88 | BU2: 305.88 | BV2: 305.96 | BW2: 305.96 | BX2: 305.96 | BY2: 305.96 | BZ2: 316.35 | CA2: 316.35 | CB2: 316.35 | CC2: 316.35 | CD2: 329.79 | CE2: 329.79 | CF2: 329.79 | CG2: 329.79 | CH2: 330.62 | CI2: 330.62 | CJ2: 330.62 | CK2: 330.62 | CL2: 315.49 | CM2: 315.49 | CN2: 315.49 | CO2: 315.49 | CP2: 317.79 | CQ2: 317.79 | CR2: 317.79 | CS2: 317.79
A3: 46236 | B3: 311.69 | C3: 311.69 | D3: 311.69 | E3: 311.69 | F3: 301.62 | G3: 301.62 | H3: 301.62 | I3: 301.62 | J3: 302.74 | K3: 302.74 | L3: 302.74 | M3: 302.74 | N3: 313.39 | O3: 313.39 | P3: 313.39 | Q3: 313.39 | R3: 312.49 | S3: 312.49 | T3: 312.49 | U3: 312.49 | V3: 312.84 | W3: 312.84 | X3: 312.84 | Y3: 312.84 | Z3: 312.61 | AA3: 312.61 | AB3: 312.61 | AC3: 312.61 | AD3: 313.27 | AE3: 313.27 | AF3: 313.27 | AG3: 313.27 | AH3: 311.98 | AI3: 311.98 | AJ3: 311.98 | AK3: 311.98 | AL3: 311.08 | AM3: 311.08 | AN3: 311.08 | AO3: 311.08 | AP3: 322.14 | AQ3: 322.14 | AR3: 322.14 | AS3: 322.14 | AT3: 323.26 | AU3: 323.26 | AV3: 323.26 | AW3: 323.26 | AX3: 323.8 | AY3: 323.8 | AZ3: 323.8 | BA3: 323.8 | BB3: 314.22 | BC3: 314.22 | BD3: 314.22 | BE3: 314.22 | BF3: 313.87 | BG3: 313.87 | BH3: 313.87 | BI3: 313.87 | BJ3: 312.9 | BK3: 312.9 | BL3: 312.9 | BM3: 312.9 | BN3: 313.59 | BO3: 313.59 | BP3: 313.59 | BQ3: 313.59 | BR3: 304.38 | BS3: 304.38 | BT3: 304.38 | BU3: 304.38 | BV3: 304.46 | BW3: 304.46 | BX3: 304.46 | BY3: 304.46 | BZ3: 314.85 | CA3: 314.85 | CB3: 314.85 | CC3: 314.85 | CD3: 328.29 | CE3: 328.29 | CF3: 328.29 | CG3: 328.29 | CH3: 329.12 | CI3: 329.12 | CJ3: 329.12 | CK3: 329.12 | CL3: 313.99 | CM3: 313.99 | CN3: 313.99 | CO3: 313.99 | CP3: 316.29 | CQ3: 316.29 | CR3: 316.29 | CS3: 316.29
A4: 46237 | B4: 309.35 | C4: 309.35 | D4: 309.35 | E4: 309.35 | F4: 296.52 | G4: 296.52 | H4: 296.52 | I4: 296.52 | J4: 298.19 | K4: 298.19 | L4: 298.19 | M4: 298.19 | N4: 310.95 | O4: 310.95 | P4: 310.95 | Q4: 310.95 | R4: 311.12 | S4: 311.12 | T4: 311.12 | U4: 311.12 | V4: 311.61 | W4: 311.61 | X4: 311.61 | Y4: 311.61 | Z4: 312.06 | AA4: 312.06 | AB4: 312.06 | AC4: 312.06 | AD4: 312.4 | AE4: 312.4 | AF4: 312.4 | AG4: 312.4 | AH4: 310.2 | AI4: 310.2 | AJ4: 310.2 | AK4: 310.2 | AL4: 308.85 | AM4: 308.85 | AN4: 308.85 | AO4: 308.85 | AP4: 318.56 | AQ4: 318.56 | AR4: 318.56 | AS4: 318.56 | AT4: 318.65 | AU4: 318.65 | AV4: 318.65 | AW4: 318.65 | AX4: 321.58 | AY4: 321.58 | AZ4: 321.58 | BA4: 321.58 | BB4: 307.15 | BC4: 307.15 | BD4: 307.15 | BE4: 307.15 | BF4: 307.05 | BG4: 307.05 | BH4: 307.05 | BI4: 307.05 | BJ4: 307.11 | BK4: 307.11 | BL4: 307.11 | BM4: 307.11 | BN4: 311.05 | BO4: 311.05 | BP4: 311.05 | BQ4: 311.05 | BR4: 302.72 | BS4: 302.72 | BT4: 302.72 | BU4: 302.72 | BV4: 302.44 | BW4: 302.44 | BX4: 302.44 | BY4: 302.44 | BZ4: 313.44 | CA4: 313.44 | CB4: 313.44 | CC4: 313.44 | CD4: 327.13 | CE4: 327.13 | CF4: 327.13 | CG4: 327.13 | CH4: 326.09 | CI4: 326.09 | CJ4: 326.09 | CK4: 326.09 | CL4: 312.42 | CM4: 312.42 | CN4: 312.42 | CO4: 312.42 | CP4: 311.97 | CQ4: 311.97 | CR4: 311.97 | CS4: 311.97
A5: 46238 | B5: 309.35 | C5: 309.35 | D5: 309.35 | E5: 309.35 | F5: 296.52 | G5: 296.52 | H5: 296.52 | I5: 296.52 | J5: 298.19 | K5: 298.19 | L5: 298.19 | M5: 298.19 | N5: 310.95 | O5: 310.95 | P5: 310.95 | Q5: 310.95 | R5: 311.12 | S5: 311.12 | T5: 311.12 | U5: 311.12 | V5: 311.61 | W5: 311.61 | X5: 311.61 | Y5: 311.61 | Z5: 312.06 | AA5: 312.06 | AB5: 312.06 | AC5: 312.06 | AD5: 312.4 | AE5: 312.4 | AF5: 312.4 | AG5: 312.4 | AH5: 310.2 | AI5: 310.2 | AJ5: 310.2 | AK5: 310.2 | AL5: 308.85 | AM5: 308.85 | AN5: 308.85 | AO5: 308.85 | AP5: 318.56 | AQ5: 318.56 | AR5: 318.56 | AS5: 318.56 | AT5: 318.65 | AU5: 318.65 | AV5: 318.65 | AW5: 318.65 | AX5: 321.58 | AY5: 321.58 | AZ5: 321.58 | BA5: 321.58 | BB5: 307.15 | BC5: 307.15 | BD5: 307.15 | BE5: 307.15 | BF5: 307.05 | BG5: 307.05 | BH5: 307.05 | BI5: 307.05 | BJ5: 307.11 | BK5: 307.11 | BL5: 307.11 | BM5: 307.11 | BN5: 311.05 | BO5: 311.05 | BP5: 311.05 | BQ5: 311.05 | BR5: 302.72 | BS5: 302.72 | BT5: 302.72 | BU5: 302.72 | BV5: 302.44 | BW5: 302.44 | BX5: 302.44 | BY5: 302.44 | BZ5: 313.44 | CA5: 313.44 | CB5: 313.44 | CC5: 313.44 | CD5: 327.13 | CE5: 327.13 | CF5: 327.13 | CG5: 327.13 | CH5: 326.09 | CI5: 326.09 | CJ5: 326.09 | CK5: 326.09 | CL5: 312.42 | CM5: 312.42 | CN5: 312.42 | CO5: 312.42 | CP5: 311.97 | CQ5: 311.97 | CR5: 311.97 | CS5: 311.97
A6: 46239 | B6: 309.35 | C6: 309.35 | D6: 309.35 | E6: 309.35 | F6: 296.52 | G6: 296.52 | H6: 296.52 | I6: 296.52 | J6: 298.19 | K6: 298.19 | L6: 298.19 | M6: 298.19 | N6: 310.95 | O6: 310.95 | P6: 310.95 | Q6: 310.95 | R6: 311.12 | S6: 311.12 | T6: 311.12 | U6: 311.12 | V6: 311.61 | W6: 311.61 | X6: 311.61 | Y6: 311.61 | Z6: 312.06 | AA6: 312.06 | AB6: 312.06 | AC6: 312.06 | AD6: 312.4 | AE6: 312.4 | AF6: 312.4 | AG6: 312.4 | AH6: 310.2 | AI6: 310.2 | AJ6: 310.2 | AK6: 310.2 | AL6: 308.85 | AM6: 308.85 | AN6: 308.85 | AO6: 308.85 | AP6: 318.56 | AQ6: 318.56 | AR6: 318.56 | AS6: 318.56 | AT6: 318.65 | AU6: 318.65 | AV6: 318.65 | AW6: 318.65 | AX6: 321.58 | AY6: 321.58 | AZ6: 321.58 | BA6: 321.58 | BB6: 307.15 | BC6: 307.15 | BD6: 307.15 | BE6: 307.15 | BF6: 307.05 | BG6: 307.05 | BH6: 307.05 | BI6: 307.05 | BJ6: 307.11 | BK6: 307.11 | BL6: 307.11 | BM6: 307.11 | BN6: 311.05 | BO6: 311.05 | BP6: 311.05 | BQ6: 311.05 | BR6: 302.72 | BS6: 302.72 | BT6: 302.72 | BU6: 302.72 | BV6: 302.44 | BW6: 302.44 | BX6: 302.44 | BY6: 302.44 | BZ6: 313.44 | CA6: 313.44 | CB6: 313.44 | CC6: 313.44 | CD6: 327.13 | CE6: 327.13 | CF6: 327.13 | CG6: 327.13 | CH6: 326.09 | CI6: 326.09 | CJ6: 326.09 | CK6: 326.09 | CL6: 312.42 | CM6: 312.42 | CN6: 312.42 | CO6: 312.42 | CP6: 311.97 | CQ6: 311.97 | CR6: 311.97 | CS6: 311.97
A7: 46240 | B7: 318.15 | C7: 318.15 | D7: 318.15 | E7: 318.15 | F7: 305.32 | G7: 305.32 | H7: 305.32 | I7: 305.32 | J7: 306.99 | K7: 306.99 | L7: 306.99 | M7: 306.99 | N7: 319.75 | O7: 319.75 | P7: 319.75 | Q7: 319.75 | R7: 319.92 | S7: 319.92 | T7: 319.92 | U7: 319.92 | V7: 320.41 | W7: 320.41 | X7: 320.41 | Y7: 320.41 | Z7: 320.86 | AA7: 320.86 | AB7: 320.86 | AC7: 320.86 | AD7: 321.2 | AE7: 321.2 | AF7: 321.2 | AG7: 321.2 | AH7: 319 | AI7: 319 | AJ7: 319 | AK7: 319 | AL7: 317.65 | AM7: 317.65 | AN7: 317.65 | AO7: 317.65 | AP7: 327.36 | AQ7: 327.36 | AR7: 327.36 | AS7: 327.36 | AT7: 327.45 | AU7: 327.45 | AV7: 327.45 | AW7: 327.45 | AX7: 330.38 | AY7: 330.38 | AZ7: 330.38 | BA7: 330.38 | BB7: 315.95 | BC7: 315.95 | BD7: 315.95 | BE7: 315.95 | BF7: 315.85 | BG7: 315.85 | BH7: 315.85 | BI7: 315.85 | BJ7: 315.91 | BK7: 315.91 | BL7: 315.91 | BM7: 315.91 | BN7: 319.85 | BO7: 319.85 | BP7: 319.85 | BQ7: 319.85 | BR7: 311.52 | BS7: 311.52 | BT7: 311.52 | BU7: 311.52 | BV7: 311.24 | BW7: 311.24 | BX7: 311.24 | BY7: 311.24 | BZ7: 322.24 | CA7: 322.24 | CB7: 322.24 | CC7: 322.24 | CD7: 335.93 | CE7: 335.93 | CF7: 335.93 | CG7: 335.93 | CH7: 334.89 | CI7: 334.89 | CJ7: 334.89 | CK7: 334.89 | CL7: 321.22 | CM7: 321.22 | CN7: 321.22 | CO7: 321.22 | CP7: 320.77 | CQ7: 320.77 | CR7: 320.77 | CS7: 320.77
A8: 46241 | B8: 319.65 | C8: 319.65 | D8: 319.65 | E8: 319.65 | F8: 308 | G8: 308 | H8: 308 | I8: 308 | J8: 307.68 | K8: 307.68 | L8: 307.68 | M8: 307.68 | N8: 319.42 | O8: 319.42 | P8: 319.42 | Q8: 319.42 | R8: 319.65 | S8: 319.65 | T8: 319.65 | U8: 319.65 | V8: 318.48 | W8: 318.48 | X8: 318.48 | Y8: 318.48 | Z8: 319.05 | AA8: 319.05 | AB8: 319.05 | AC8: 319.05 | AD8: 319.05 | AE8: 319.05 | AF8: 319.05 | AG8: 319.05 | AH8: 319.6 | AI8: 319.6 | AJ8: 319.6 | AK8: 319.6 | AL8: 318.71 | AM8: 318.71 | AN8: 318.71 | AO8: 318.71 | AP8: 329.1 | AQ8: 329.1 | AR8: 329.1 | AS8: 329.1 | AT8: 325.33 | AU8: 325.33 | AV8: 325.33 | AW8: 325.33 | AX8: 324.12 | AY8: 324.12 | AZ8: 324.12 | BA8: 324.12 | BB8: 317.84 | BC8: 317.84 | BD8: 317.84 | BE8: 317.84 | BF8: 318.82 | BG8: 318.82 | BH8: 318.82 | BI8: 318.82 | BJ8: 316.78 | BK8: 316.78 | BL8: 316.78 | BM8: 316.78 | BN8: 318.39 | BO8: 318.39 | BP8: 318.39 | BQ8: 318.39 | BR8: 309.35 | BS8: 309.35 | BT8: 309.35 | BU8: 309.35 | BV8: 306.19 | BW8: 306.19 | BX8: 306.19 | BY8: 306.19 | BZ8: 322.36 | CA8: 322.36 | CB8: 322.36 | CC8: 322.36 | CD8: 331.39 | CE8: 331.39 | CF8: 331.39 | CG8: 331.39 | CH8: 330.82 | CI8: 330.82 | CJ8: 330.82 | CK8: 330.82 | CL8: 319.17 | CM8: 319.17 | CN8: 319.17 | CO8: 319.17 | CP8: 318.65 | CQ8: 318.65 | CR8: 318.65 | CS8: 318.65
A9: 46242 | B9: 319.65 | C9: 319.65 | D9: 319.65 | E9: 319.65 | F9: 308 | G9: 308 | H9: 308 | I9: 308 | J9: 307.68 | K9: 307.68 | L9: 307.68 | M9: 307.68 | N9: 319.42 | O9: 319.42 | P9: 319.42 | Q9: 319.42 | R9: 319.65 | S9: 319.65 | T9: 319.65 | U9: 319.65 | V9: 318.48 | W9: 318.48 | X9: 318.48 | Y9: 318.48 | Z9: 319.05 | AA9: 319.05 | AB9: 319.05 | AC9: 319.05 | AD9: 319.05 | AE9: 319.05 | AF9: 319.05 | AG9: 319.05 | AH9: 319.6 | AI9: 319.6 | AJ9: 319.6 | AK9: 319.6 | AL9: 318.71 | AM9: 318.71 | AN9: 318.71 | AO9: 318.71 | AP9: 329.1 | AQ9: 329.1 | AR9: 329.1 | AS9: 329.1 | AT9: 325.33 | AU9: 325.33 | AV9: 325.33 | AW9: 325.33 | AX9: 324.12 | AY9: 324.12 | AZ9: 324.12 | BA9: 324.12 | BB9: 317.84 | BC9: 317.84 | BD9: 317.84 | BE9: 317.84 | BF9: 318.82 | BG9: 318.82 | BH9: 318.82 | BI9: 318.82 | BJ9: 316.78 | BK9: 316.78 | BL9: 316.78 | BM9: 316.78 | BN9: 318.39 | BO9: 318.39 | BP9: 318.39 | BQ9: 318.39 | BR9: 309.35 | BS9: 309.35 | BT9: 309.35 | BU9: 309.35 | BV9: 306.19 | BW9: 306.19 | BX9: 306.19 | BY9: 306.19 | BZ9: 322.36 | CA9: 322.36 | CB9: 322.36 | CC9: 322.36 | CD9: 331.39 | CE9: 331.39 | CF9: 331.39 | CG9: 331.39 | CH9: 330.82 | CI9: 330.82 | CJ9: 330.82 | CK9: 330.82 | CL9: 319.17 | CM9: 319.17 | CN9: 319.17 | CO9: 319.17 | CP9: 318.65 | CQ9: 318.65 | CR9: 318.65 | CS9: 318.65
A10: 46243 | B10: 310.18 | C10: 310.18 | D10: 310.18 | E10: 310.18 | F10: 299.38 | G10: 299.38 | H10: 299.38 | I10: 299.38 | J10: 300.65 | K10: 300.65 | L10: 300.65 | M10: 300.65 | N10: 310.18 | O10: 310.18 | P10: 310.18 | Q10: 310.18 | R10: 309.86 | S10: 309.86 | T10: 309.86 | U10: 309.86 | V10: 311.12 | W10: 311.12 | X10: 311.12 | Y10: 311.12 | Z10: 310.18 | AA10: 310.18 | AB10: 310.18 | AC10: 310.18 | AD10: 309.86 | AE10: 309.86 | AF10: 309.86 | AG10: 309.86 | AH10: 311.12 | AI10: 311.12 | AJ10: 311.12 | AK10: 311.12 | AL10: 310.18 | AM10: 310.18 | AN10: 310.18 | AO10: 310.18 | AP10: 318.96 | AQ10: 318.96 | AR10: 318.96 | AS10: 318.96 | AT10: 320.57 | AU10: 320.57 | AV10: 320.57 | AW10: 320.57 | AX10: 318.96 | AY10: 318.96 | AZ10: 318.96 | BA10: 318.96 | BB10: 310.09 | BC10: 310.09 | BD10: 310.09 | BE10: 310.09 | BF10: 310.18 | BG10: 310.18 | BH10: 310.18 | BI10: 310.18 | BJ10: 309.86 | BK10: 309.86 | BL10: 309.86 | BM10: 309.86 | BN10: 311.12 | BO10: 311.12 | BP10: 311.12 | BQ10: 311.12 | BR10: 299.7 | BS10: 299.7 | BT10: 299.7 | BU10: 299.7 | BV10: 299.7 | BW10: 299.7 | BX10: 299.7 | BY10: 299.7 | BZ10: 309.86 | CA10: 309.86 | CB10: 309.86 | CC10: 309.86 | CD10: 324.47 | CE10: 324.47 | CF10: 324.47 | CG10: 324.47 | CH10: 323.53 | CI10: 323.53 | CJ10: 323.53 | CK10: 323.53 | CL10: 310.18 | CM10: 310.18 | CN10: 310.18 | CO10: 310.18 | CP10: 310.18 | CQ10: 310.18 | CR10: 310.18 | CS10: 310.18
A11: 46244 | B11: 309.68 | C11: 309.68 | D11: 309.68 | E11: 309.68 | F11: 298.88 | G11: 298.88 | H11: 298.88 | I11: 298.88 | J11: 300.15 | K11: 300.15 | L11: 300.15 | M11: 300.15 | N11: 309.68 | O11: 309.68 | P11: 309.68 | Q11: 309.68 | R11: 309.36 | S11: 309.36 | T11: 309.36 | U11: 309.36 | V11: 310.62 | W11: 310.62 | X11: 310.62 | Y11: 310.62 | Z11: 309.68 | AA11: 309.68 | AB11: 309.68 | AC11: 309.68 | AD11: 309.36 | AE11: 309.36 | AF11: 309.36 | AG11: 309.36 | AH11: 310.62 | AI11: 310.62 | AJ11: 310.62 | AK11: 310.62 | AL11: 309.68 | AM11: 309.68 | AN11: 309.68 | AO11: 309.68 | AP11: 318.46 | AQ11: 318.46 | AR11: 318.46 | AS11: 318.46 | AT11: 320.07 | AU11: 320.07 | AV11: 320.07 | AW11: 320.07 | AX11: 318.46 | AY11: 318.46 | AZ11: 318.46 | BA11: 318.46 | BB11: 309.59 | BC11: 309.59 | BD11: 309.59 | BE11: 309.59 | BF11: 309.68 | BG11: 309.68 | BH11: 309.68 | BI11: 309.68 | BJ11: 309.36 | BK11: 309.36 | BL11: 309.36 | BM11: 309.36 | BN11: 310.62 | BO11: 310.62 | BP11: 310.62 | BQ11: 310.62 | BR11: 299.2 | BS11: 299.2 | BT11: 299.2 | BU11: 299.2 | BV11: 299.2 | BW11: 299.2 | BX11: 299.2 | BY11: 299.2 | BZ11: 309.36 | CA11: 309.36 | CB11: 309.36 | CC11: 309.36 | CD11: 323.97 | CE11: 323.97 | CF11: 323.97 | CG11: 323.97 | CH11: 323.03 | CI11: 323.03 | CJ11: 323.03 | CK11: 323.03 | CL11: 309.68 | CM11: 309.68 | CN11: 309.68 | CO11: 309.68 | CP11: 309.68 | CQ11: 309.68 | CR11: 309.68 | CS11: 309.68
A12: 46245 | B12: 310.85 | C12: 310.85 | D12: 310.85 | E12: 310.85 | F12: 299.2 | G12: 299.2 | H12: 299.2 | I12: 299.2 | J12: 298.88 | K12: 298.88 | L12: 298.88 | M12: 298.88 | N12: 310.62 | O12: 310.62 | P12: 310.62 | Q12: 310.62 | R12: 310.85 | S12: 310.85 | T12: 310.85 | U12: 310.85 | V12: 309.68 | W12: 309.68 | X12: 309.68 | Y12: 309.68 | Z12: 310.25 | AA12: 310.25 | AB12: 310.25 | AC12: 310.25 | AD12: 310.25 | AE12: 310.25 | AF12: 310.25 | AG12: 310.25 | AH12: 310.8 | AI12: 310.8 | AJ12: 310.8 | AK12: 310.8 | AL12: 309.91 | AM12: 309.91 | AN12: 309.91 | AO12: 309.91 | AP12: 320.3 | AQ12: 320.3 | AR12: 320.3 | AS12: 320.3 | AT12: 316.53 | AU12: 316.53 | AV12: 316.53 | AW12: 316.53 | AX12: 315.32 | AY12: 315.32 | AZ12: 315.32 | BA12: 315.32 | BB12: 309.04 | BC12: 309.04 | BD12: 309.04 | BE12: 309.04 | BF12: 310.02 | BG12: 310.02 | BH12: 310.02 | BI12: 310.02 | BJ12: 307.98 | BK12: 307.98 | BL12: 307.98 | BM12: 307.98 | BN12: 309.59 | BO12: 309.59 | BP12: 309.59 | BQ12: 309.59 | BR12: 300.55 | BS12: 300.55 | BT12: 300.55 | BU12: 300.55 | BV12: 297.39 | BW12: 297.39 | BX12: 297.39 | BY12: 297.39 | BZ12: 313.56 | CA12: 313.56 | CB12: 313.56 | CC12: 313.56 | CD12: 322.59 | CE12: 322.59 | CF12: 322.59 | CG12: 322.59 | CH12: 322.02 | CI12: 322.02 | CJ12: 322.02 | CK12: 322.02 | CL12: 310.37 | CM12: 310.37 | CN12: 310.37 | CO12: 310.37 | CP12: 309.85 | CQ12: 309.85 | CR12: 309.85 | CS12: 309.85
A13: 46246 | B13: 308.85 | C13: 308.85 | D13: 308.85 | E13: 308.85 | F13: 296.02 | G13: 296.02 | H13: 296.02 | I13: 296.02 | J13: 297.69 | K13: 297.69 | L13: 297.69 | M13: 297.69 | N13: 310.45 | O13: 310.45 | P13: 310.45 | Q13: 310.45 | R13: 310.62 | S13: 310.62 | T13: 310.62 | U13: 310.62 | V13: 311.11 | W13: 311.11 | X13: 311.11 | Y13: 311.11 | Z13: 311.56 | AA13: 311.56 | AB13: 311.56 | AC13: 311.56 | AD13: 311.9 | AE13: 311.9 | AF13: 311.9 | AG13: 311.9 | AH13: 309.7 | AI13: 309.7 | AJ13: 309.7 | AK13: 309.7 | AL13: 308.35 | AM13: 308.35 | AN13: 308.35 | AO13: 308.35 | AP13: 318.06 | AQ13: 318.06 | AR13: 318.06 | AS13: 318.06 | AT13: 318.15 | AU13: 318.15 | AV13: 318.15 | AW13: 318.15 | AX13: 321.08 | AY13: 321.08 | AZ13: 321.08 | BA13: 321.08 | BB13: 306.65 | BC13: 306.65 | BD13: 306.65 | BE13: 306.65 | BF13: 306.55 | BG13: 306.55 | BH13: 306.55 | BI13: 306.55 | BJ13: 306.61 | BK13: 306.61 | BL13: 306.61 | BM13: 306.61 | BN13: 310.55 | BO13: 310.55 | BP13: 310.55 | BQ13: 310.55 | BR13: 298.27 | BS13: 298.27 | BT13: 298.27 | BU13: 298.27 | BV13: 297.69 | BW13: 297.69 | BX13: 297.69 | BY13: 297.69 | BZ13: 309.87 | CA13: 309.87 | CB13: 309.87 | CC13: 309.87 | CD13: 322.7 | CE13: 322.7 | CF13: 322.7 | CG13: 322.7 | CH13: 322.09 | CI13: 322.09 | CJ13: 322.09 | CK13: 322.09 | CL13: 308.17 | CM13: 308.17 | CN13: 308.17 | CO13: 308.17 | CP13: 309.87 | CQ13: 309.87 | CR13: 309.87 | CS13: 309.87
... A32: 46265 | B32: 304.3 | C32: 304.3 | D32: 304.3 | E32: 304.3 | F32: 293.92 | G32: 293.92 | H32: 293.92 | I32: 293.92 | J32: 293.58 | K32: 293.58 | L32: 293.58 | M32: 293.58 | N32: 303.94 | O32: 303.94 | P32: 303.94 | Q32: 303.94 | R32: 303.97 | S32: 303.97 | T32: 303.97 | U32: 303.97 | V32: 304.07 | W32: 304.07 | X32: 304.07 | Y32: 304.07 | Z32: 304.37 | AA32: 304.37 | AB32: 304.37 | AC32: 304.37 | AD32: 305.02 | AE32: 305.02 | AF32: 305.02 | AG32: 305.02 | AH32: 304.34 | AI32: 304.34 | AJ32: 304.34 | AK32: 304.34 | AL32: 304.24 | AM32: 304.24 | AN32: 304.24 | AO32: 304.24 | AP32: 314.48 | AQ32: 314.48 | AR32: 314.48 | AS32: 314.48 | AT32: 316.22 | AU32: 316.22 | AV32: 316.22 | AW32: 316.22 | AX32: 316.31 | AY32: 316.31 | AZ32: 316.31 | BA32: 316.31 | BB32: 306.42 | BC32: 306.42 | BD32: 306.42 | BE32: 306.42 | BF32: 305.23 | BG32: 305.23 | BH32: 305.23 | BI32: 305.23 | BJ32: 304.41 | BK32: 304.41 | BL32: 304.41 | BM32: 304.41 | BN32: 304.84 | BO32: 304.84 | BP32: 304.84 | BQ32: 304.84 | BR32: 295.08 | BS32: 295.08 | BT32: 295.08 | BU32: 295.08 | BV32: 294.74 | BW32: 294.74 | BX32: 294.74 | BY32: 294.74 | BZ32: 305.47 | CA32: 305.47 | CB32: 305.47 | CC32: 305.47 | CD32: 318.59 | CE32: 318.59 | CF32: 318.59 | CG32: 318.59 | CH32: 318.32 | CI32: 318.32 | CJ32: 318.32 | CK32: 318.32 | CL32: 304.79 | CM32: 304.79 | CN32: 304.79 | CO32: 304.79 | CP32: 305.38 | CQ32: 305.38 | CR32: 305.38 | CS32: 305.38

Sheet 风电
A1: 日期 | B1: 0.010416667 | C1: 0.020833333 | D1: 0.03125 | E1: 0.041666667 | F1: 0.052083333 | G1: 0.0625 | H1: 0.072916667 | I1: 0.083333333 | J1: 0.09375 | K1: 0.10416667 | L1: 0.11458333 | M1: 0.125 | N1: 0.13541667 | O1: 0.14583333 | P1: 0.15625 | Q1: 0.16666667 | R1: 0.17708333 | S1: 0.1875 | T1: 0.19791667 | U1: 0.20833333 | V1: 0.21875 | W1: 0.22916667 | X1: 0.23958333 | Y1: 0.25 | Z1: 0.26041667 | AA1: 0.27083333 | AB1: 0.28125 | AC1: 0.29166667 | AD1: 0.30208333 | AE1: 0.3125 | AF1: 0.32291667 | AG1: 0.33333333 | AH1: 0.34375 | AI1: 0.35416667 | AJ1: 0.36458333 | AK1: 0.375 | AL1: 0.38541667 | AM1: 0.39583333 | AN1: 0.40625 | AO1: 0.41666667 | AP1: 0.42708333 | AQ1: 0.4375 | AR1: 0.44791667 | AS1: 0.45833333 | AT1: 0.46875 | AU1: 0.47916667 | AV1: 0.48958333 | AW1: 0.5 | AX1: 0.51041667 | AY1: 0.52083333 | AZ1: 0.53125 | BA1: 0.54166667 | BB1: 0.55208333 | BC1: 0.5625 | BD1: 0.57291667 | BE1: 0.58333333 | BF1: 0.59375 | BG1: 0.60416667 | BH1: 0.61458333 | BI1: 0.625 | BJ1: 0.63541667 | BK1: 0.64583333 | BL1: 0.65625 | BM1: 0.66666667 | BN1: 0.67708333 | BO1: 0.6875 | BP1: 0.69791667 | BQ1: 0.70833333 | BR1: 0.71875 | BS1: 0.72916667 | BT1: 0.73958333 | BU1: 0.75 | BV1: 0.76041667 | BW1: 0.77083333 | BX1: 0.78125 | BY1: 0.79166667 | BZ1: 0.80208333 | CA1: 0.8125 | CB1: 0.82291667 | CC1: 0.83333333 | CD1: 0.84375 | CE1: 0.85416667 | CF1: 0.86458333 | CG1: 0.875 | CH1: 0.88541667 | CI1: 0.89583333 | CJ1: 0.90625 | CK1: 0.91666667 | CL1: 0.92708333 | CM1: 0.9375 | CN1: 0.94791667 | CO1: 0.95833333 | CP1: 0.96875 | CQ1: 0.97916667 | CR1: 0.98958333 | CS1: 1
A2: 46235 | B2: =集中式风电!B2+分散式风电!B2 -> 13648.59 | C2: =集中式风电!C2+分散式风电!C2 -> 13561.12 | D2: =集中式风电!D2+分散式风电!D2 -> 13474.69 | E2: =集中式风电!E2+分散式风电!E2 -> 13384.14 | F2: =集中式风电!F2+分散式风电!F2 -> 13283.31 | G2: =集中式风电!G2+分散式风电!G2 -> 13173.2 | H2: =集中式风电!H2+分散式风电!H2 -> 13067.21 | I2: =集中式风电!I2+分散式风电!I2 -> 12956.09 | ... CS2: =集中式风电!CS2+分散式风电!CS2 -> 3911.92
A3: 46236 | B3: =集中式风电!B3+分散式风电!B3 -> 3596.06 | C3: =集中式风电!C3+分散式风电!C3 -> 3539.45 | D3: =集中式风电!D3+分散式风电!D3 -> 3482.84 | E3: =集中式风电!E3+分散式风电!E3 -> 3425.19 | F3: =集中式风电!F3+分散式风电!F3 -> 3366.52 | G3: =集中式风电!G3+分散式风电!G3 -> 3315.11 | H3: =集中式风电!H3+分散式风电!H3 -> 3266.76 | I3: =集中式风电!I3+分散式风电!I3 -> 3216.38 | ... CS3: =集中式风电!CS3+分散式风电!CS3 -> 5497.24
A4: 46237 | B4: =集中式风电!B4+分散式风电!B4 -> 5007.45 | C4: =集中式风电!C4+分散式风电!C4 -> 5098.97 | D4: =集中式风电!D4+分散式风电!D4 -> 5193.6 | E4: =集中式风电!E4+分散式风电!E4 -> 5289.24 | F4: =集中式风电!F4+分散式风电!F4 -> 5378.72 | G4: =集中式风电!G4+分散式风电!G4 -> 5464.07 | H4: =集中式风电!H4+分散式风电!H4 -> 5548.44 | I4: =集中式风电!I4+分散式风电!I4 -> 5632.76 | ... CS4: =集中式风电!CS4+分散式风电!CS4 -> 9188.12
A5: 46238 | B5: =集中式风电!B5+分散式风电!B5 -> 8852.45 | C5: =集中式风电!C5+分散式风电!C5 -> 8725.97 | D5: =集中式风电!D5+分散式风电!D5 -> 8598.6 | E5: =集中式风电!E5+分散式风电!E5 -> 8474.24 | F5: =集中式风电!F5+分散式风电!F5 -> 8356.72 | G5: =集中式风电!G5+分散式风电!G5 -> 8251.07 | H5: =集中式风电!H5+分散式风电!H5 -> 8145.44 | I5: =集中式风电!I5+分散式风电!I5 -> 8038.76 | ... CS5: =集中式风电!CS5+分散式风电!CS5 -> 5611.12
A6: 46239 | B6: =集中式风电!B6+分散式风电!B6 -> 6254.75 | C6: =集中式风电!C6+分散式风电!C6 -> 6199.11 | D6: =集中式风电!D6+分散式风电!D6 -> 6142.46 | E6: =集中式风电!E6+分散式风电!E6 -> 6085.8 | F6: =集中式风电!F6+分散式风电!F6 -> 6021.94 | G6: =集中式风电!G6+分散式风电!G6 -> 5946.78 | H6: =集中式风电!H6+分散式风电!H6 -> 5871.59 | I6: =集中式风电!I6+分散式风电!I6 -> 5793.35 | ... CS6: =集中式风电!CS6+分散式风电!CS6 -> 1033.85
A7: 46240 | B7: =集中式风电!B7+分散式风电!B7 -> 1542.55 | C7: =集中式风电!C7+分散式风电!C7 -> 1500.3 | D7: =集中式风电!D7+分散式风电!D7 -> 1461.16 | E7: =集中式风电!E7+分散式风电!E7 -> 1422.05 | F7: =集中式风电!F7+分散式风电!F7 -> 1389.1 | G7: =集中式风电!G7+分散式风电!G7 -> 1363.35 | H7: =集中式风电!H7+分散式风电!H7 -> 1340.69 | I7: =集中式风电!I7+分散式风电!I7 -> 1319.05 | ... CS7: =集中式风电!CS7+分散式风电!CS7 -> 3605.66
A8: 46241 | B8: =集中式风电!B8+分散式风电!B8 -> 2948.02 | C8: =集中式风电!C8+分散式风电!C8 -> 3145.59 | D8: =集中式风电!D8+分散式风电!D8 -> 3362.73 | E8: =集中式风电!E8+分散式风电!E8 -> 3585.01 | F8: =集中式风电!F8+分散式风电!F8 -> 3850.55 | G8: =集中式风电!G8+分散式风电!G8 -> 4166.53 | H8: =集中式风电!H8+分散式风电!H8 -> 4495.89 | I8: =集中式风电!I8+分散式风电!I8 -> 4829.32 | ... CS8: =集中式风电!CS8+分散式风电!CS8 -> 14990.65
A9: 46242 | B9: =集中式风电!B9+分散式风电!B9 -> 14563.52 | C9: =集中式风电!C9+分散式风电!C9 -> 14487.38 | D9: =集中式风电!D9+分散式风电!D9 -> 14412.27 | E9: =集中式风电!E9+分散式风电!E9 -> 14337.18 | F9: =集中式风电!F9+分散式风电!F9 -> 14273.42 | G9: =集中式风电!G9+分散式风电!G9 -> 14223.03 | H9: =集中式风电!H9+分散式风电!H9 -> 14177.75 | I9: =集中式风电!I9+分散式风电!I9 -> 14131.47 | ... CS9: =集中式风电!CS9+分散式风电!CS9 -> 7965.78
A10: 46243 | B10: =集中式风电!B10+分散式风电!B10 -> 7168.83 | C10: =集中式风电!C10+分散式风电!C10 -> 7110.14 | D10: =集中式风电!D10+分散式风电!D10 -> 7051.42 | E10: =集中式风电!E10+分散式风电!E10 -> 6992.72 | F10: =集中式风电!F10+分散式风电!F10 -> 6926.79 | G10: =集中式风电!G10+分散式风电!G10 -> 6860.88 | H10: =集中式风电!H10+分散式风电!H10 -> 6792.9 | I10: =集中式风电!I10+分散式风电!I10 -> 6725.93 | ... CS10: =集中式风电!CS10+分散式风电!CS10 -> 2299
A11: 46244 | B11: =集中式风电!B11+分散式风电!B11 -> 2194.97 | C11: =集中式风电!C11+分散式风电!C11 -> 2252.65 | D11: =集中式风电!D11+分散式风电!D11 -> 2313.43 | E11: =集中式风电!E11+分散式风电!E11 -> 2375.2 | F11: =集中式风电!F11+分散式风电!F11 -> 2443.19 | G11: =集中式风电!G11+分散式风电!G11 -> 2509.11 | H11: =集中式风电!H11+分散式风电!H11 -> 2578.13 | I11: =集中式风电!I11+分散式风电!I11 -> 2647.13 | ... CS11: =集中式风电!CS11+分散式风电!CS11 -> 9052.7
A12: 46245 | B12: =集中式风电!B12+分散式风电!B12 -> 9548.13 | C12: =集中式风电!C12+分散式风电!C12 -> 9500.74 | D12: =集中式风电!D12+分散式风电!D12 -> 9467.79 | E12: =集中式风电!E12+分散式风电!E12 -> 9434.83 | F12: =集中式风电!F12+分散式风电!F12 -> 9384.37 | G12: =集中式风电!G12+分散式风电!G12 -> 9330.8 | H12: =集中式风电!H12+分散式风电!H12 -> 9278.28 | I12: =集中式风电!I12+分散式风电!I12 -> 9226.78 | ... CS12: =集中式风电!CS12+分散式风电!CS12 -> 4941.96
A13: 46246 | B13: =集中式风电!B13+分散式风电!B13 -> 5653.7 | C13: =集中式风电!C13+分散式风电!C13 -> 5573.35 | D13: =集中式风电!D13+分散式风电!D13 -> 5490.97 | E13: =集中式风电!E13+分散式风电!E13 -> 5408.57 | F13: =集中式风电!F13+分散式风电!F13 -> 5327.19 | G13: =集中式风电!G13+分散式风电!G13 -> 5250.98 | H13: =集中式风电!H13+分散式风电!H13 -> 5175.78 | I13: =集中式风电!I13+分散式风电!I13 -> 5099.58 | ... CS13: =集中式风电!CS13+分散式风电!CS13 -> 3647.26
... A32: 46265 | B32: =集中式风电!B32+分散式风电!B32 -> 4539.26 | C32: =集中式风电!C32+分散式风电!C32 -> 4607.22 | D32: =集中式风电!D32+分散式风电!D32 -> 4689.61 | E32: =集中式风电!E32+分散式风电!E32 -> 4789.53 | F32: =集中式风电!F32+分散式风电!F32 -> 4890.49 | G32: =集中式风电!G32+分散式风电!G32 -> 5014.06 | H32: =集中式风电!H32+分散式风电!H32 -> 5142.83 | I32: =集中式风电!I32+分散式风电!I32 -> 5275.7 | ... CS32: =集中式风电!CS32+分散式风电!CS32 -> 4428.01

Sheet 光伏
A1: 日期 | B1: 0.010416667 | C1: 0.020833333 | D1: 0.03125 | E1: 0.041666667 | F1: 0.052083333 | G1: 0.0625 | H1: 0.072916667 | I1: 0.083333333 | J1: 0.09375 | K1: 0.10416667 | L1: 0.11458333 | M1: 0.125 | N1: 0.13541667 | O1: 0.14583333 | P1: 0.15625 | Q1: 0.16666667 | R1: 0.17708333 | S1: 0.1875 | T1: 0.19791667 | U1: 0.20833333 | V1: 0.21875 | W1: 0.22916667 | X1: 0.23958333 | Y1: 0.25 | Z1: 0.26041667 | AA1: 0.27083333 | AB1: 0.28125 | AC1: 0.29166667 | AD1: 0.30208333 | AE1: 0.3125 | AF1: 0.32291667 | AG1: 0.33333333 | AH1: 0.34375 | AI1: 0.35416667 | AJ1: 0.36458333 | AK1: 0.375 | AL1: 0.38541667 | AM1: 0.39583333 | AN1: 0.40625 | AO1: 0.41666667 | AP1: 0.42708333 | AQ1: 0.4375 | AR1: 0.44791667 | AS1: 0.45833333 | AT1: 0.46875 | AU1: 0.47916667 | AV1: 0.48958333 | AW1: 0.5 | AX1: 0.51041667 | AY1: 0.52083333 | AZ1: 0.53125 | BA1: 0.54166667 | BB1: 0.55208333 | BC1: 0.5625 | BD1: 0.57291667 | BE1: 0.58333333 | BF1: 0.59375 | BG1: 0.60416667 | BH1: 0.61458333 | BI1: 0.625 | BJ1: 0.63541667 | BK1: 0.64583333 | BL1: 0.65625 | BM1: 0.66666667 | BN1: 0.67708333 | BO1: 0.6875 | BP1: 0.69791667 | BQ1: 0.70833333 | BR1: 0.71875 | BS1: 0.72916667 | BT1: 0.73958333 | BU1: 0.75 | BV1: 0.76041667 | BW1: 0.77083333 | BX1: 0.78125 | BY1: 0.79166667 | BZ1: 0.80208333 | CA1: 0.8125 | CB1: 0.82291667 | CC1: 0.83333333 | CD1: 0.84375 | CE1: 0.85416667 | CF1: 0.86458333 | CG1: 0.875 | CH1: 0.88541667 | CI1: 0.89583333 | CJ1: 0.90625 | CK1: 0.91666667 | CL1: 0.92708333 | CM1: 0.9375 | CN1: 0.94791667 | CO1: 0.95833333 | CP1: 0.96875 | CQ1: 0.97916667 | CR1: 0.98958333 | CS1: 1
A2: 46235 | B2: =集中式光伏!B2+分布式光伏!B2 -> 0 | C2: =集中式光伏!C2+分布式光伏!C2 -> 0 | D2: =集中式光伏!D2+分布式光伏!D2 -> 0 | E2: =集中式光伏!E2+分布式光伏!E2 -> 0 | F2: =集中式光伏!F2+分布式光伏!F2 -> 0 | G2: =集中式光伏!G2+分布式光伏!G2 -> 0 | H2: =集中式光伏!H2+分布式光伏!H2 -> 0 | I2: =集中式光伏!I2+分布式光伏!I2 -> 0 | ... CS2: =集中式光伏!CS2+分布式光伏!CS2 -> 0
A3: 46236 | B3: =集中式光伏!B3+分布式光伏!B3 -> 0 | C3: =集中式光伏!C3+分布式光伏!C3 -> 0 | D3: =集中式光伏!D3+分布式光伏!D3 -> 0 | E3: =集中式光伏!E3+分布式光伏!E3 -> 0 | F3: =集中式光伏!F3+分布式光伏!F3 -> 0 | G3: =集中式光伏!G3+分布式光伏!G3 -> 0 | H3: =集中式光伏!H3+分布式光伏!H3 -> 0 | I3: =集中式光伏!I3+分布式光伏!I3 -> 0 | ... CS3: =集中式光伏!CS3+分布式光伏!CS3 -> 0
A4: 46237 | B4: =集中式光伏!B4+分布式光伏!B4 -> 0 | C4: =集中式光伏!C4+分布式光伏!C4 -> 0 | D4: =集中式光伏!D4+分布式光伏!D4 -> 0 | E4: =集中式光伏!E4+分布式光伏!E4 -> 0 | F4: =集中式光伏!F4+分布式光伏!F4 -> 0 | G4: =集中式光伏!G4+分布式光伏!G4 -> 0 | H4: =集中式光伏!H4+分布式光伏!H4 -> 0 | I4: =集中式光伏!I4+分布式光伏!I4 -> 0 | ... CS4: =集中式光伏!CS4+分布式光伏!CS4 -> 0
A5: 46238 | B5: =集中式光伏!B5+分布式光伏!B5 -> 0 | C5: =集中式光伏!C5+分布式光伏!C5 -> 0 | D5: =集中式光伏!D5+分布式光伏!D5 -> 0 | E5: =集中式光伏!E5+分布式光伏!E5 -> 0 | F5: =集中式光伏!F5+分布式光伏!F5 -> 0 | G5: =集中式光伏!G5+分布式光伏!G5 -> 0 | H5: =集中式光伏!H5+分布式光伏!H5 -> 0 | I5: =集中式光伏!I5+分布式光伏!I5 -> 0 | ... CS5: =集中式光伏!CS5+分布式光伏!CS5 -> 0
A6: 46239 | B6: =集中式光伏!B6+分布式光伏!B6 -> 0 | C6: =集中式光伏!C6+分布式光伏!C6 -> 0 | D6: =集中式光伏!D6+分布式光伏!D6 -> 0 | E6: =集中式光伏!E6+分布式光伏!E6 -> 0 | F6: =集中式光伏!F6+分布式光伏!F6 -> 0 | G6: =集中式光伏!G6+分布式光伏!G6 -> 0 | H6: =集中式光伏!H6+分布式光伏!H6 -> 0 | I6: =集中式光伏!I6+分布式光伏!I6 -> 0 | ... CS6: =集中式光伏!CS6+分布式光伏!CS6 -> 0
A7: 46240 | B7: =集中式光伏!B7+分布式光伏!B7 -> 0 | C7: =集中式光伏!C7+分布式光伏!C7 -> 0 | D7: =集中式光伏!D7+分布式光伏!D7 -> 0 | E7: =集中式光伏!E7+分布式光伏!E7 -> 0 | F7: =集中式光伏!F7+分布式光伏!F7 -> 0 | G7: =集中式光伏!G7+分布式光伏!G7 -> 0 | H7: =集中式光伏!H7+分布式光伏!H7 -> 0 | I7: =集中式光伏!I7+分布式光伏!I7 -> 0 | ... CS7: =集中式光伏!CS7+分布式光伏!CS7 -> 0
A8: 46241 | B8: =集中式光伏!B8+分布式光伏!B8 -> 0 | C8: =集中式光伏!C8+分布式光伏!C8 -> 0 | D8: =集中式光伏!D8+分布式光伏!D8 -> 0 | E8: =集中式光伏!E8+分布式光伏!E8 -> 0 | F8: =集中式光伏!F8+分布式光伏!F8 -> 0 | G8: =集中式光伏!G8+分布式光伏!G8 -> 0 | H8: =集中式光伏!H8+分布式光伏!H8 -> 0 | I8: =集中式光伏!I8+分布式光伏!I8 -> 0 | ... CS8: =集中式光伏!CS8+分布式光伏!CS8 -> 0
A9: 46242 | B9: =集中式光伏!B9+分布式光伏!B9 -> 0 | C9: =集中式光伏!C9+分布式光伏!C9 -> 0 | D9: =集中式光伏!D9+分布式光伏!D9 -> 0 | E9: =集中式光伏!E9+分布式光伏!E9 -> 0 | F9: =集中式光伏!F9+分布式光伏!F9 -> 0 | G9: =集中式光伏!G9+分布式光伏!G9 -> 0 | H9: =集中式光伏!H9+分布式光伏!H9 -> 0 | I9: =集中式光伏!I9+分布式光伏!I9 -> 0 | ... CS9: =集中式光伏!CS9+分布式光伏!CS9 -> 0
A10: 46243 | B10: =集中式光伏!B10+分布式光伏!B10 -> 0 | C10: =集中式光伏!C10+分布式光伏!C10 -> 0 | D10: =集中式光伏!D10+分布式光伏!D10 -> 0 | E10: =集中式光伏!E10+分布式光伏!E10 -> 0 | F10: =集中式光伏!F10+分布式光伏!F10 -> 0 | G10: =集中式光伏!G10+分布式光伏!G10 -> 0 | H10: =集中式光伏!H10+分布式光伏!H10 -> 0 | I10: =集中式光伏!I10+分布式光伏!I10 -> 0 | ... CS10: =集中式光伏!CS10+分布式光伏!CS10 -> 0
A11: 46244 | B11: =集中式光伏!B11+分布式光伏!B11 -> 0 | C11: =集中式光伏!C11+分布式光伏!C11 -> 0 | D11: =集中式光伏!D11+分布式光伏!D11 -> 0 | E11: =集中式光伏!E11+分布式光伏!E11 -> 0 | F11: =集中式光伏!F11+分布式光伏!F11 -> 0 | G11: =集中式光伏!G11+分布式光伏!G11 -> 0 | H11: =集中式光伏!H11+分布式光伏!H11 -> 0 | I11: =集中式光伏!I11+分布式光伏!I11 -> 0 | ... CS11: =集中式光伏!CS11+分布式光伏!CS11 -> 0
A12: 46245 | B12: =集中式光伏!B12+分布式光伏!B12 -> 0 | C12: =集中式光伏!C12+分布式光伏!C12 -> 0 | D12: =集中式光伏!D12+分布式光伏!D12 -> 0 | E12: =集中式光伏!E12+分布式光伏!E12 -> 0 | F12: =集中式光伏!F12+分布式光伏!F12 -> 0 | G12: =集中式光伏!G12+分布式光伏!G12 -> 0 | H12: =集中式光伏!H12+分布式光伏!H12 -> 0 | I12: =集中式光伏!I12+分布式光伏!I12 -> 0 | ... CS12: =集中式光伏!CS12+分布式光伏!CS12 -> 0
A13: 46246 | B13: =集中式光伏!B13+分布式光伏!B13 -> 0 | C13: =集中式光伏!C13+分布式光伏!C13 -> 0 | D13: =集中式光伏!D13+分布式光伏!D13 -> 0 | E13: =集中式光伏!E13+分布式光伏!E13 -> 0 | F13: =集中式光伏!F13+分布式光伏!F13 -> 0 | G13: =集中式光伏!G13+分布式光伏!G13 -> 0 | H13: =集中式光伏!H13+分布式光伏!H13 -> 0 | I13: =集中式光伏!I13+分布式光伏!I13 -> 0 | ... CS13: =集中式光伏!CS13+分布式光伏!CS13 -> 0
... A32: 46265 | B32: =集中式光伏!B32+分布式光伏!B32 -> 0 | C32: =集中式光伏!C32+分布式光伏!C32 -> 0 | D32: =集中式光伏!D32+分布式光伏!D32 -> 0 | E32: =集中式光伏!E32+分布式光伏!E32 -> 0 | F32: =集中式光伏!F32+分布式光伏!F32 -> 0 | G32: =集中式光伏!G32+分布式光伏!G32 -> 0 | H32: =集中式光伏!H32+分布式光伏!H32 -> 0 | I32: =集中式光伏!I32+分布式光伏!I32 -> 0 | ... CS32: =集中式光伏!CS32+分布式光伏!CS32 -> 0

Sheet 联络线
A1: 日期 | B1: 0.010416667 | C1: 0.020833333 | D1: 0.03125 | E1: 0.041666667 | F1: 0.052083333 | G1: 0.0625 | H1: 0.072916667 | I1: 0.083333333 | J1: 0.09375 | K1: 0.10416667 | L1: 0.11458333 | M1: 0.125 | N1: 0.13541667 | O1: 0.14583333 | P1: 0.15625 | Q1: 0.16666667 | R1: 0.17708333 | S1: 0.1875 | T1: 0.19791667 | U1: 0.20833333 | V1: 0.21875 | W1: 0.22916667 | X1: 0.23958333 | Y1: 0.25 | Z1: 0.26041667 | AA1: 0.27083333 | AB1: 0.28125 | AC1: 0.29166667 | AD1: 0.30208333 | AE1: 0.3125 | AF1: 0.32291667 | AG1: 0.33333333 | AH1: 0.34375 | AI1: 0.35416667 | AJ1: 0.36458333 | AK1: 0.375 | AL1: 0.38541667 | AM1: 0.39583333 | AN1: 0.40625 | AO1: 0.41666667 | AP1: 0.42708333 | AQ1: 0.4375 | AR1: 0.44791667 | AS1: 0.45833333 | AT1: 0.46875 | AU1: 0.47916667 | AV1: 0.48958333 | AW1: 0.5 | AX1: 0.51041667 | AY1: 0.52083333 | AZ1: 0.53125 | BA1: 0.54166667 | BB1: 0.55208333 | BC1: 0.5625 | BD1: 0.57291667 | BE1: 0.58333333 | BF1: 0.59375 | BG1: 0.60416667 | BH1: 0.61458333 | BI1: 0.625 | BJ1: 0.63541667 | BK1: 0.64583333 | BL1: 0.65625 | BM1: 0.66666667 | BN1: 0.67708333 | BO1: 0.6875 | BP1: 0.69791667 | BQ1: 0.70833333 | BR1: 0.71875 | BS1: 0.72916667 | BT1: 0.73958333 | BU1: 0.75 | BV1: 0.76041667 | BW1: 0.77083333 | BX1: 0.78125 | BY1: 0.79166667 | BZ1: 0.80208333 | CA1: 0.8125 | CB1: 0.82291667 | CC1: 0.83333333 | CD1: 0.84375 | CE1: 0.85416667 | CF1: 0.86458333 | CG1: 0.875 | CH1: 0.88541667 | CI1: 0.89583333 | CJ1: 0.90625 | CK1: 0.91666667 | CL1: 0.92708333 | CM1: 0.9375 | CN1: 0.94791667 | CO1: 0.95833333 | CP1: 0.96875 | CQ1: 0.97916667 | CR1: 0.98958333 | CS1: 1
A2: 46235 | B2: 3817 | C2: 3511 | D2: 3022 | E2: 2715 | F2: 2381 | G2: 2376 | H2: 2370 | I2: 2365 | J2: 2249 | K2: 2255 | L2: 2260 | M2: 2266 | N2: 2266 | O2: 2263 | P2: 2260 | Q2: 2257 | R2: 2267 | S2: 2268 | T2: 2268 | U2: 2269 | V2: 2371 | W2: 2499 | X2: 2626 | Y2: 2753 | Z2: 2983 | AA2: 3583 | AB2: 4368 | AC2: 4969 | AD2: 5335 | AE2: 5588 | AF2: 5842 | AG2: 6095 | AH2: 6346 | AI2: 6806 | AJ2: 7270 | AK2: 7775 | AL2: 8547 | AM2: 8737 | AN2: 8930 | AO2: 9122 | AP2: 9617 | AQ2: 9698 | AR2: 9779 | AS2: 9860 | AT2: 9941 | AU2: 9763 | AV2: 9587 | AW2: 9409 | AX2: 9233 | AY2: 9397 | AZ2: 9565 | BA2: 9731 | BB2: 9903 | BC2: 9928 | BD2: 9955 | BE2: 9981 | BF2: 10074 | BG2: 10071 | BH2: 10069 | BI2: 10067 | BJ2: 9702 | BK2: 9675 | BL2: 9649 | BM2: 9622 | BN2: 9250 | BO2: 9114 | BP2: 9446 | BQ2: 9778 | BR2: 9643 | BS2: 9550 | BT2: 9460 | BU2: 9416 | BV2: 9329 | BW2: 9102 | BX2: 8877 | BY2: 8650 | BZ2: 8423 | CA2: 8395 | CB2: 8321 | CC2: 8293 | CD2: 8268 | CE2: 7888 | CF2: 7510 | CG2: 7131 | CH2: 6756 | CI2: 6808 | CJ2: 6861 | CK2: 6913 | CL2: 6967 | CM2: 6373 | CN2: 5780 | CO2: 5186 | CP2: 5023 | CQ2: 5020 | CR2: 5017 | CS2: 4546
A3: 46236 | B3: 3771 | C3: 3465 | D3: 2976 | E3: 2669 | F3: 2335 | G3: 2018 | H3: 2012 | I3: 2007 | J3: 2001 | K3: 2007 | L3: 2012 | M3: 2018 | N3: 2023 | O3: 2020 | P3: 2017 | Q3: 2014 | R3: 2011 | S3: 2011 | T3: 2012 | U3: 2012 | V3: 2345 | W3: 2812 | X3: 3252 | Y3: 3873 | Z3: 3944 | AA3: 4415 | AB3: 4705 | AC3: 4993 | AD3: 5284 | AE3: 5537 | AF3: 5791 | AG3: 6044 | AH3: 6300 | AI3: 6760 | AJ3: 7224 | AK3: 7729 | AL3: 8501 | AM3: 8691 | AN3: 8884 | AO3: 9076 | AP3: 9571 | AQ3: 9652 | AR3: 9733 | AS3: 9814 | AT3: 9895 | AU3: 9717 | AV3: 9541 | AW3: 9363 | AX3: 9187 | AY3: 9351 | AZ3: 9519 | BA3: 9685 | BB3: 9948 | BC3: 9973 | BD3: 10000 | BE3: 10026 | BF3: 10057 | BG3: 10054 | BH3: 10052 | BI3: 10050 | BJ3: 9749 | BK3: 9722 | BL3: 9696 | BM3: 9669 | BN3: 9297 | BO3: 9161 | BP3: 9493 | BQ3: 9825 | BR3: 9690 | BS3: 9597 | BT3: 9507 | BU3: 9416 | BV3: 9329 | BW3: 9102 | BX3: 8877 | BY3: 8650 | BZ3: 8376 | CA3: 8348 | CB3: 8321 | CC3: 8293 | CD3: 8268 | CE3: 7888 | CF3: 7510 | CG3: 7131 | CH3: 6756 | CI3: 6808 | CJ3: 6861 | CK3: 6913 | CL3: 6967 | CM3: 6420 | CN3: 5827 | CO3: 5233 | CP3: 5080 | CQ3: 5078 | CR3: 5075 | CS3: 4604
A4: 46237 | B4: 3772 | C4: 3466 | D4: 2977 | E4: 2670 | F4: 2336 | G4: 2019 | H4: 2013 | I4: 2008 | J4: 2002 | K4: 2008 | L4: 2013 | M4: 2019 | N4: 2024 | O4: 2021 | P4: 2018 | Q4: 2015 | R4: 2011 | S4: 2011 | T4: 2012 | U4: 2012 | V4: 2325 | W4: 2793 | X4: 3233 | Y4: 3854 | Z4: 3945 | AA4: 4416 | AB4: 4706 | AC4: 4994 | AD4: 5284 | AE4: 5537 | AF4: 5791 | AG4: 6044 | AH4: 6300 | AI4: 6760 | AJ4: 7224 | AK4: 7729 | AL4: 8501 | AM4: 8691 | AN4: 8884 | AO4: 9076 | AP4: 9571 | AQ4: 9652 | AR4: 9733 | AS4: 9814 | AT4: 9895 | AU4: 9717 | AV4: 9541 | AW4: 9363 | AX4: 9187 | AY4: 9351 | AZ4: 9519 | BA4: 9685 | BB4: 9948 | BC4: 9973 | BD4: 10000 | BE4: 10026 | BF4: 10057 | BG4: 10054 | BH4: 10052 | BI4: 10050 | BJ4: 9749 | BK4: 9722 | BL4: 9696 | BM4: 9669 | BN4: 9297 | BO4: 9161 | BP4: 9493 | BQ4: 9825 | BR4: 9690 | BS4: 9597 | BT4: 9507 | BU4: 9416 | BV4: 9329 | BW4: 9234 | BX4: 9141 | BY4: 9046 | BZ4: 8905 | CA4: 8900 | CB4: 8896 | CC4: 8891 | CD4: 8888 | CE4: 8603 | CF4: 8320 | CG4: 8036 | CH4: 7756 | CI4: 7558 | CJ4: 7361 | CK4: 7163 | CL4: 6967 | CM4: 6420 | CN4: 5827 | CO4: 5233 | CP4: 4988 | CQ4: 4985 | CR4: 4982 | CS4: 4511
A5: 46238 | B5: 3818 | C5: 3770 | D5: 3722 | E5: 3674 | F5: 3123 | G5: 2591 | H5: 2551 | I5: 2514 | J5: 2390 | K5: 2368 | L5: 2345 | M5: 2323 | N5: 2325 | O5: 2327 | P5: 2327 | Q5: 2328 | R5: 2313 | S5: 2392 | T5: 2470 | U5: 2548 | V5: 2699 | W5: 3382 | X5: 4062 | Y5: 4247 | Z5: 4073 | AA5: 4361 | AB5: 4651 | AC5: 4939 | AD5: 5284 | AE5: 5537 | AF5: 5791 | AG5: 6044 | AH5: 6220 | AI5: 6680 | AJ5: 7144 | AK5: 7154 | AL5: 7491 | AM5: 7681 | AN5: 7874 | AO5: 8066 | AP5: 8444 | AQ5: 8525 | AR5: 8606 | AS5: 8687 | AT5: 8787 | AU5: 8609 | AV5: 8433 | AW5: 8255 | AX5: 8149 | AY5: 8313 | AZ5: 8481 | BA5: 8647 | BB5: 8597 | BC5: 8623 | BD5: 9144 | BE5: 9666 | BF5: 9126 | BG5: 9124 | BH5: 9122 | BI5: 9120 | BJ5: 9749 | BK5: 9722 | BL5: 9696 | BM5: 9669 | BN5: 9297 | BO5: 9656 | BP5: 10014 | BQ5: 9877 | BR5: 9743 | BS5: 9649 | BT5: 9559 | BU5: 9468 | BV5: 9381 | BW5: 9286 | BX5: 9194 | BY5: 9099 | BZ5: 8958 | CA5: 8952 | CB5: 8948 | CC5: 8943 | CD5: 8941 | CE5: 8655 | CF5: 8373 | CG5: 8088 | CH5: 7808 | CI5: 7115 | CJ5: 6423 | CK5: 6225 | CL5: 6030 | CM5: 5483 | CN5: 4890 | CO5: 4296 | CP5: 4051 | CQ5: 4024 | CR5: 3997 | CS5: 3970
A6: 46239 | B6: 3614 | C6: 3253 | D6: 2710 | E6: 2350 | F6: 1522 | G6: 1172 | H6: 1132 | I6: 1094 | J6: 1099 | K6: 1077 | L6: 1055 | M6: 1033 | N6: 888 | O6: 890 | P6: 890 | Q6: 891 | R6: 1198 | S6: 1617 | T6: 2007 | U6: 2580 | V6: 3429 | W6: 3982 | X6: 4481 | Y6: 5160 | Z6: 5429 | AA6: 5717 | AB6: 6007 | AC6: 6295 | AD6: 6586 | AE6: 6840 | AF6: 7093 | AG6: 7347 | AH6: 7602 | AI6: 8062 | AJ6: 8527 | AK6: 8719 | AL6: 8996 | AM6: 8874 | AN6: 8884 | AO6: 8581 | AP6: 8581 | AQ6: 8349 | AR6: 8430 | AS6: 8511 | AT6: 8592 | AU6: 8414 | AV6: 8238 | AW6: 8060 | AX6: 7884 | AY6: 8048 | AZ6: 8216 | BA6: 8382 | BB6: 8552 | BC6: 8578 | BD6: 8604 | BE6: 8631 | BF6: 8661 | BG6: 8971 | BH6: 9464 | BI6: 9957 | BJ6: 9656 | BK6: 9629 | BL6: 10098 | BM6: 10612 | BN6: 10240 | BO6: 10104 | BP6: 9967 | BQ6: 9830 | BR6: 9696 | BS6: 9602 | BT6: 9512 | BU6: 9421 | BV6: 9334 | BW6: 9239 | BX6: 9147 | BY6: 9052 | BZ6: 8958 | CA6: 8952 | CB6: 8948 | CC6: 8943 | CD6: 8941 | CE6: 8655 | CF6: 8373 | CG6: 8088 | CH6: 7808 | CI6: 7610 | CJ6: 7413 | CK6: 7215 | CL6: 7019 | CM6: 6425 | CN6: 5832 | CO6: 5238 | CP6: 4994 | CQ6: 4471 | CR6: 3949 | CS6: 3922
A7: 46240 | B7: 3774 | C7: 3414 | D7: 2871 | E7: 2510 | F7: 2026 | G7: 1677 | H7: 1298 | I7: 1104 | J7: 1259 | K7: 1237 | L7: 1215 | M7: 1193 | N7: 1303 | O7: 1305 | P7: 1305 | Q7: 1306 | R7: 1263 | S7: 1342 | T7: 1420 | U7: 1498 | V7: 1510 | W7: 1698 | X7: 1884 | Y7: 2068 | Z7: 1678 | AA7: 1967 | AB7: 2257 | AC7: 2545 | AD7: 2836 | AE7: 3245 | AF7: 3837 | AG7: 4742 | AH7: 5310 | AI7: 6265 | AJ7: 7042 | AK7: 7729 | AL7: 8501 | AM7: 8691 | AN7: 8884 | AO7: 9076 | AP7: 9579 | AQ7: 9660 | AR7: 9741 | AS7: 9822 | AT7: 9895 | AU7: 9717 | AV7: 9541 | AW7: 9363 | AX7: 9187 | AY7: 9351 | AZ7: 9519 | BA7: 9685 | BB7: 9855 | BC7: 9880 | BD7: 9907 | BE7: 9933 | BF7: 9964 | BG7: 9961 | BH7: 9959 | BI7: 9957 | BJ7: 9656 | BK7: 9629 | BL7: 9649 | BM7: 10117 | BN7: 10240 | BO7: 10104 | BP7: 9967 | BQ7: 9830 | BR7: 9696 | BS7: 9602 | BT7: 9512 | BU7: 9421 | BV7: 9334 | BW7: 9239 | BX7: 9147 | BY7: 9052 | BZ7: 8958 | CA7: 8952 | CB7: 8948 | CC7: 8943 | CD7: 8941 | CE7: 8655 | CF7: 8373 | CG7: 8088 | CH7: 7808 | CI7: 7610 | CJ7: 7413 | CK7: 7215 | CL7: 7362 | CM7: 6768 | CN7: 5681 | CO7: 4592 | CP7: 4454 | CQ7: 4426 | CR7: 4399 | CS7: 4372
A8: 46241 | B8: 5001 | C8: 4954 | D8: 4723 | E8: 4364 | F8: 3814 | G8: 3777 | H8: 3737 | I8: 3699 | J8: 3399 | K8: 3377 | L8: 3355 | M8: 3333 | N8: 2836 | O8: 2838 | P8: 2838 | Q8: 2839 | R8: 2705 | S8: 2784 | T8: 2862 | U8: 2940 | V8: 3092 | W8: 3281 | X8: 3466 | Y8: 3651 | Z8: 3552 | AA8: 3840 | AB8: 4130 | AC8: 4418 | AD8: 4517 | AE8: 4769 | AF8: 5023 | AG8: 5276 | AH8: 5222 | AI8: 5682 | AJ8: 6146 | AK8: 6650 | AL8: 7197 | AM8: 7387 | AN8: 7580 | AO8: 7772 | AP8: 7985 | AQ8: 8066 | AR8: 7834 | AS8: 7576 | AT8: 7288 | AU8: 6771 | AV8: 6439 | AW8: 6104 | AX8: 5482 | AY8: 5646 | AZ8: 5814 | BA8: 5980 | BB8: 6769 | BC8: 6951 | BD8: 7316 | BE8: 7994 | BF8: 8265 | BG8: 8757 | BH8: 9068 | BI8: 9249 | BJ8: 8941 | BK8: 8914 | BL8: 8888 | BM8: 8861 | BN8: 8734 | BO8: 8911 | BP8: 8930 | BQ8: 8976 | BR8: 8818 | BS8: 9037 | BT8: 9286 | BU8: 9195 | BV8: 8645 | BW8: 8550 | BX8: 8458 | BY8: 8363 | BZ8: 7875 | CA8: 7869 | CB8: 7865 | CC8: 7860 | CD8: 8101 | CE8: 7815 | CF8: 7487 | CG8: 7202 | CH8: 7519 | CI8: 7008 | CJ8: 6472 | CK8: 5961 | CL8: 5399 | CM8: 4805 | CN8: 4212 | CO8: 3618 | CP8: 3472 | CQ8: 3449 | CR8: 3426 | CS8: 3403
A9: 46242 | B9: 1143 | C9: 780 | D9: 234 | E9: 183 | F9: 178 | G9: 141 | H9: 101 | I9: 64 | J9: -130 | K9: -152 | L9: -175 | M9: -197 | N9: -76 | O9: -73 | P9: -72 | Q9: -70 | R9: 354 | S9: 433 | T9: 511 | U9: 589 | V9: 706 | W9: 892 | X9: 1076 | Y9: 1258 | Z9: 944 | AA9: 1232 | AB9: 1522 | AC9: 1810 | AD9: 2455 | AE9: 2708 | AF9: 2962 | AG9: 3215 | AH9: 3347 | AI9: 3807 | AJ9: 4272 | AK9: 4777 | AL9: 5245 | AM9: 5436 | AN9: 5628 | AO9: 5820 | AP9: 6382 | AQ9: 6463 | AR9: 6544 | AS9: 7120 | AT9: 7266 | AU9: 7270 | AV9: 7094 | AW9: 6916 | AX9: 6731 | AY9: 6895 | AZ9: 7063 | BA9: 7229 | BB9: 7468 | BC9: 7493 | BD9: 7520 | BE9: 7546 | BF9: 7772 | BG9: 7769 | BH9: 7768 | BI9: 7766 | BJ9: 7088 | BK9: 7061 | BL9: 7035 | BM9: 7008 | BN9: 5966 | BO9: 6143 | BP9: 6163 | BQ9: 6521 | BR9: 8075 | BS9: 8164 | BT9: 8074 | BU9: 7982 | BV9: 8556 | BW9: 8461 | BX9: 8368 | BY9: 8273 | BZ9: 9209 | CA9: 9204 | CB9: 9200 | CC9: 9194 | CD9: 9552 | CE9: 9267 | CF9: 8984 | CG9: 8700 | CH9: 8570 | CI9: 8189 | CJ9: 7654 | CK9: 7143 | CL9: 6549 | CM9: 5642 | CN9: 4644 | CO9: 3957 | CP9: 3772 | CQ9: 3749 | CR9: 3726 | CS9: 3703
A10: 46243 | B10: 2901 | C10: 2850 | D10: 2799 | E10: 2748 | F10: 2644 | G10: 2294 | H10: 1759 | I10: 1722 | J10: 1960 | K10: 1938 | L10: 1915 | M10: 1893 | N10: 1616 | O10: 1619 | P10: 1620 | Q10: 1622 | R10: 1704 | S10: 1783 | T10: 1861 | U10: 1939 | V10: 2103 | W10: 2289 | X10: 2473 | Y10: 2655 | Z10: 1955 | AA10: 2243 | AB10: 2533 | AC10: 2821 | AD10: 3811 | AE10: 4064 | AF10: 4318 | AG10: 4571 | AH10: 4662 | AI10: 5122 | AJ10: 5586 | AK10: 6092 | AL10: 6699 | AM10: 6890 | AN10: 7083 | AO10: 7274 | AP10: 7842 | AQ10: 7923 | AR10: 8004 | AS10: 8085 | AT10: 8150 | AU10: 7972 | AV10: 7796 | AW10: 7618 | AX10: 7571 | AY10: 7735 | AZ10: 7903 | BA10: 8069 | BB10: 8097 | BC10: 8122 | BD10: 8149 | BE10: 8175 | BF10: 7961 | BG10: 7958 | BH10: 8451 | BI10: 8762 | BJ10: 9493 | BK10: 9778 | BL10: 10065 | BM10: 10195 | BN10: 10480 | BO10: 10683 | BP10: 10885 | BQ10: 10748 | BR10: 10613 | BS10: 10520 | BT10: 10430 | BU10: 10339 | BV10: 10252 | BW10: 10157 | BX10: 10064 | BY10: 9969 | BZ10: 9875 | CA10: 9870 | CB10: 9866 | CC10: 9861 | CD10: 9858 | CE10: 9573 | CF10: 9290 | CG10: 9006 | CH10: 8727 | CI10: 8529 | CJ10: 8192 | CK10: 7631 | CL10: 7739 | CM10: 6832 | CN10: 5901 | CO10: 4994 | CP10: 4532 | CQ10: 4510 | CR10: 4487 | CS10: 4464
A11: 46244 | B11: 4903 | C11: 4852 | D11: 4801 | E11: 4567 | F11: 3952 | G11: 3420 | H11: 3380 | I11: 3343 | J11: 3426 | K11: 3404 | L11: 3381 | M11: 3359 | N11: 3093 | O11: 3096 | P11: 3097 | Q11: 3099 | R11: 2835 | S11: 2915 | T11: 2992 | U11: 3071 | V11: 3116 | W11: 3303 | X11: 3486 | Y11: 3669 | Z11: 3262 | AA11: 3550 | AB11: 3840 | AC11: 4128 | AD11: 4635 | AE11: 4889 | AF11: 5142 | AG11: 5396 | AH11: 5446 | AI11: 5906 | AJ11: 6370 | AK11: 6875 | AL11: 7524 | AM11: 7714 | AN11: 7907 | AO11: 8099 | AP11: 8309 | AQ11: 8051 | AR11: 7820 | AS11: 7562 | AT11: 7678 | AU11: 7344 | AV11: 6855 | AW11: 6677 | AX11: 6447 | AY11: 6611 | AZ11: 7248 | BA11: 7571 | BB11: 8014 | BC11: 8691 | BD11: 9030 | BE11: 9552 | BF11: 9853 | BG11: 10032 | BH11: 10031 | BI11: 10342 | BJ11: 10389 | BK11: 10675 | BL11: 10962 | BM11: 11248 | BN11: 10928 | BO11: 10792 | BP11: 10656 | BQ11: 10519 | BR11: 10223 | BS11: 10129 | BT11: 10039 | BU11: 9948 | BV11: 10008 | BW11: 9913 | BX11: 9820 | BY11: 9725 | BZ11: 10104 | CA11: 10098 | CB11: 10094 | CC11: 10089 | CD11: 10526 | CE11: 10240 | CF11: 9958 | CG11: 9673 | CH11: 9356 | CI11: 9158 | CJ11: 8509 | CK11: 7974 | CL11: 6900 | CM11: 5994 | CN11: 5088 | CO11: 4494 | CP11: 4243 | CQ11: 4220 | CR11: 4197 | CS11: 4174
A12: 46245 | B12: 3565 | C12: 3175 | D12: 2811 | E12: 2448 | F12: 2056 | G12: 1680 | H12: 1302 | I12: 952 | J12: 591 | K12: 413 | L12: 390 | M12: 368 | N12: 343 | O12: 346 | P12: 347 | Q12: 349 | R12: 361 | S12: 440 | T12: 674 | U12: 1065 | V12: 1446 | W12: 1971 | X12: 2493 | Y12: 3014 | Z12: 3193 | AA12: 3794 | AB12: 4422 | AC12: 4867 | AD12: 5164 | AE12: 5417 | AF12: 5671 | AG12: 5924 | AH12: 6156 | AI12: 6616 | AJ12: 7080 | AK12: 7585 | AL12: 8462 | AM12: 8652 | AN12: 8845 | AO12: 9037 | AP12: 9400 | AQ12: 9481 | AR12: 9562 | AS12: 9643 | AT12: 9592 | AU12: 9414 | AV12: 9238 | AW12: 9060 | AX12: 9026 | AY12: 9190 | AZ12: 9358 | BA12: 9524 | BB12: 9694 | BC12: 9719 | BD12: 9746 | BE12: 9772 | BF12: 9803 | BG12: 9800 | BH12: 9798 | BI12: 9796 | BJ12: 9528 | BK12: 9501 | BL12: 9631 | BM12: 9943 | BN12: 10111 | BO12: 10288 | BP12: 10490 | BQ12: 10692 | BR12: 10613 | BS12: 10520 | BT12: 10430 | BU12: 10339 | BV12: 10252 | BW12: 10157 | BX12: 10064 | BY12: 9969 | BZ12: 10022 | CA12: 10017 | CB12: 10013 | CC12: 10008 | CD12: 10036 | CE12: 9751 | CF12: 9468 | CG12: 9184 | CH12: 9316 | CI12: 9118 | CJ12: 8782 | CK12: 8403 | CL12: 7886 | CM12: 6954 | CN12: 6048 | CO12: 5142 | CP12: 4441 | CQ12: 4261 | CR12: 4238 | CS12: 4215
A13: 46246 | B13: 3434 | C13: 2906 | D13: 2356 | E13: 1876 | F13: 1535 | G13: 1159 | H13: 807 | I13: 456 | J13: 191 | K13: 169 | L13: 147 | M13: 125 | N13: 83 | O13: 86 | P13: 87 | Q13: 89 | R13: 64 | S13: 143 | T13: 221 | U13: 299 | V13: 393 | W13: 580 | X13: 764 | Y13: 946 | Z13: 941 | AA13: 1541 | AB13: 2144 | AC13: 2771 | AD13: 3451 | AE13: 4018 | AF13: 4584 | AG13: 5176 | AH13: 5507 | AI13: 5967 | AJ13: 6431 | AK13: 6936 | AL13: 7698 | AM13: 7888 | AN13: 8081 | AO13: 8273 | AP13: 8768 | AQ13: 8849 | AR13: 8930 | AS13: 9011 | AT13: 9102 | AU13: 8924 | AV13: 8748 | AW13: 8570 | AX13: 8384 | AY13: 8548 | AZ13: 8716 | BA13: 8882 | BB13: 9042 | BC13: 9067 | BD13: 9094 | BE13: 9120 | BF13: 9151 | BG13: 9304 | BH13: 9641 | BI13: 9952 | BJ13: 9963 | BK13: 10275 | BL13: 10588 | BM13: 10717 | BN13: 10344 | BO13: 10209 | BP13: 10072 | BQ13: 9935 | BR13: 9800 | BS13: 9707 | BT13: 9617 | BU13: 9526 | BV13: 9439 | BW13: 9344 | BX13: 9251 | BY13: 9156 | BZ13: 9062 | CA13: 9057 | CB13: 9053 | CC13: 9048 | CD13: 9045 | CE13: 8760 | CF13: 8477 | CG13: 8193 | CH13: 7913 | CI13: 7715 | CJ13: 7518 | CK13: 7163 | CL13: 6629 | CM13: 5697 | CN13: 4791 | CO13: 3885 | CP13: 3301 | CQ13: 3121 | CR13: 3098 | CS13: 3075
... A32: 46265 | B32: 2549 | C32: 2169 | D32: 1813 | E32: 1460 | F32: 1398 | G32: 1369 | H32: 1337 | I32: 1305 | J32: 1285 | K32: 1261 | L32: 1237 | M32: 1213 | N32: 1200 | O32: 1199 | P32: 1197 | Q32: 1195 | R32: 1167 | S32: 1228 | T32: 1289 | U32: 1349 | V32: 1359 | W32: 1558 | X32: 1755 | Y32: 2207 | Z32: 2272 | AA32: 2906 | AB32: 3703 | AC32: 4366 | AD32: 4661 | AE32: 4930 | AF32: 4945 | AG32: 5216 | AH32: 5341 | AI32: 5801 | AJ32: 6266 | AK32: 6691 | AL32: 7420 | AM32: 7378 | AN32: 7571 | AO32: 7531 | AP32: 7814 | AQ32: 7887 | AR32: 7958 | AS32: 8031 | AT32: 7805 | AU32: 7609 | AV32: 7414 | AW32: 7218 | AX32: 7126 | AY32: 7305 | AZ32: 7487 | BA32: 7672 | BB32: 7789 | BC32: 7825 | BD32: 7861 | BE32: 7898 | BF32: 8206 | BG32: 8210 | BH32: 8444 | BI32: 8678 | BJ32: 8505 | BK32: 8478 | BL32: 8452 | BM32: 8681 | BN32: 7641 | BO32: 7583 | BP32: 7602 | BQ32: 7778 | BR32: 7870 | BS32: 8003 | BT32: 7826 | BU32: 7649 | BV32: 8045 | BW32: 7779 | BX32: 7516 | BY32: 7251 | BZ32: 7336 | CA32: 7308 | CB32: 7049 | CC32: 6789 | CD32: 6508 | CE32: 5941 | CF32: 5375 | CG32: 4809 | CH32: 4401 | CI32: 4453 | CJ32: 4506 | CK32: 4557 | CL32: 4273 | CM32: 3679 | CN32: 3086 | CO32: 2492 | CP32: 2588 | CQ32: 2590 | CR32: 2593 | CS32: 2596

Sheet 非市场化
A1: 日期 | B1: 0.010416667 | C1: 0.020833333 | D1: 0.03125 | E1: 0.041666667 | F1: 0.052083333 | G1: 0.0625 | H1: 0.072916667 | I1: 0.083333333 | J1: 0.09375 | K1: 0.10416667 | L1: 0.11458333 | M1: 0.125 | N1: 0.13541667 | O1: 0.14583333 | P1: 0.15625 | Q1: 0.16666667 | R1: 0.17708333 | S1: 0.1875 | T1: 0.19791667 | U1: 0.20833333 | V1: 0.21875 | W1: 0.22916667 | X1: 0.23958333 | Y1: 0.25 | Z1: 0.26041667 | AA1: 0.27083333 | AB1: 0.28125 | AC1: 0.29166667 | AD1: 0.30208333 | AE1: 0.3125 | AF1: 0.32291667 | AG1: 0.33333333 | AH1: 0.34375 | AI1: 0.35416667 | AJ1: 0.36458333 | AK1: 0.375 | AL1: 0.38541667 | AM1: 0.39583333 | AN1: 0.40625 | AO1: 0.41666667 | AP1: 0.42708333 | AQ1: 0.4375 | AR1: 0.44791667 | AS1: 0.45833333 | AT1: 0.46875 | AU1: 0.47916667 | AV1: 0.48958333 | AW1: 0.5 | AX1: 0.51041667 | AY1: 0.52083333 | AZ1: 0.53125 | BA1: 0.54166667 | BB1: 0.55208333 | BC1: 0.5625 | BD1: 0.57291667 | BE1: 0.58333333 | BF1: 0.59375 | BG1: 0.60416667 | BH1: 0.61458333 | BI1: 0.625 | BJ1: 0.63541667 | BK1: 0.64583333 | BL1: 0.65625 | BM1: 0.66666667 | BN1: 0.67708333 | BO1: 0.6875 | BP1: 0.69791667 | BQ1: 0.70833333 | BR1: 0.71875 | BS1: 0.72916667 | BT1: 0.73958333 | BU1: 0.75 | BV1: 0.76041667 | BW1: 0.77083333 | BX1: 0.78125 | BY1: 0.79166667 | BZ1: 0.80208333 | CA1: 0.8125 | CB1: 0.82291667 | CC1: 0.83333333 | CD1: 0.84375 | CE1: 0.85416667 | CF1: 0.86458333 | CG1: 0.875 | CH1: 0.88541667 | CI1: 0.89583333 | CJ1: 0.90625 | CK1: 0.91666667 | CL1: 0.92708333 | CM1: 0.9375 | CN1: 0.94791667 | CO1: 0.95833333 | CP1: 0.96875 | CQ1: 0.97916667 | CR1: 0.98958333 | CS1: 1
A2: 46235 | B2: 3203.97 | C2: 3200.52 | D2: 3198.43 | E2: 3218.54 | F2: 3215.38 | G2: 3218.4 | H2: 3211 | I2: 3201.36 | J2: 3215.77 | K2: 3214.72 | L2: 3220.97 | M2: 3228.35 | N2: 3227.87 | O2: 3237.3 | P2: 3241.75 | Q2: 3225.31 | R2: 3230.14 | S2: 3234.78 | T2: 3229.72 | U2: 3236.31 | V2: 3231.18 | W2: 3226.1 | X2: 3239.24 | Y2: 3247.24 | Z2: 3238 | AA2: 3235.89 | AB2: 3241.04 | AC2: 3231.99 | AD2: 3226.2 | AE2: 3230.94 | AF2: 3224.99 | AG2: 3225.53 | AH2: 3221.38 | AI2: 3231.03 | AJ2: 3224.14 | AK2: 3218.52 | AL2: 3226.14 | AM2: 3226.85 | AN2: 3222.04 | AO2: 3230.74 | AP2: 3226.97 | AQ2: 3226.35 | AR2: 3227.49 | AS2: 3238.5 | AT2: 3214.61 | AU2: 3211.49 | AV2: 3210.68 | AW2: 3205.82 | AX2: 3191.76 | AY2: 3205.14 | AZ2: 3199.31 | BA2: 3211.28 | BB2: 3204.05 | BC2: 3207.26 | BD2: 3211.26 | BE2: 3207.11 | BF2: 3214.11 | BG2: 3225.49 | BH2: 3218.04 | BI2: 3208.2 | BJ2: 3212.44 | BK2: 3202.37 | BL2: 3199.67 | BM2: 3205.16 | BN2: 3194.29 | BO2: 3196.08 | BP2: 3194.97 | BQ2: 3202.2 | BR2: 3209.23 | BS2: 3205.75 | BT2: 3195.12 | BU2: 3201.64 | BV2: 3200.94 | BW2: 3219.8 | BX2: 3221.19 | BY2: 3231.38 | BZ2: 3234.12 | CA2: 3225.82 | CB2: 3224.91 | CC2: 3205.01 | CD2: 3194.08 | CE2: 3202.83 | CF2: 3216.85 | CG2: 3223.05 | CH2: 3217.66 | CI2: 3197.28 | CJ2: 3180.18 | CK2: 3190.11 | CL2: 3182.73 | CM2: 3188.71 | CN2: 3181.67 | CO2: 3195.93 | CP2: 3192.27 | CQ2: 3181.86 | CR2: 3172.1 | CS2: 3173.61
A3: 46236 | B3: 3168.42 | C3: 3166.28 | D3: 3167.18 | E3: 3180.33 | F3: 3179.3 | G3: 3187.73 | H3: 3170.72 | I3: 3168.21 | J3: 3178.85 | K3: 3191 | L3: 3194.12 | M3: 3209.17 | N3: 3217.08 | O3: 3214.74 | P3: 3212.72 | Q3: 3200.38 | R3: 3213.15 | S3: 3205.98 | T3: 3199.83 | U3: 3211.32 | V3: 3201.97 | W3: 3203.54 | X3: 3204.19 | Y3: 3216.84 | Z3: 3212.42 | AA3: 3211.94 | AB3: 3214.17 | AC3: 3213.05 | AD3: 3207.28 | AE3: 3215.95 | AF3: 3212.54 | AG3: 3213.51 | AH3: 3211.12 | AI3: 3208.46 | AJ3: 3202.02 | AK3: 3196.75 | AL3: 3202.68 | AM3: 3200.14 | AN3: 3201.46 | AO3: 3210.26 | AP3: 3215.69 | AQ3: 3215.68 | AR3: 3222.42 | AS3: 3225.22 | AT3: 3204.46 | AU3: 3196.14 | AV3: 3196.48 | AW3: 3192.44 | AX3: 3173.54 | AY3: 3189.47 | AZ3: 3187.56 | BA3: 3199.24 | BB3: 3185.96 | BC3: 3186.13 | BD3: 3185.06 | BE3: 3180.34 | BF3: 3186.22 | BG3: 3199.65 | BH3: 3198.52 | BI3: 3183.24 | BJ3: 3190.02 | BK3: 3177.43 | BL3: 3179.7 | BM3: 3192.33 | BN3: 3190.09 | BO3: 3188.64 | BP3: 3186.65 | BQ3: 3197.67 | BR3: 3204.48 | BS3: 3193.21 | BT3: 3181.85 | BU3: 3189.32 | BV3: 3190.55 | BW3: 3206.57 | BX3: 3208.73 | BY3: 3213.54 | BZ3: 3216.67 | CA3: 3212.75 | CB3: 3208.9 | CC3: 3195.99 | CD3: 3183.24 | CE3: 3190.13 | CF3: 3197.58 | CG3: 3207.16 | CH3: 3198.39 | CI3: 3182.59 | CJ3: 3178.32 | CK3: 3188.46 | CL3: 3184.82 | CM3: 3187.7 | CN3: 3184 | CO3: 3196.08 | CP3: 3193.28 | CQ3: 3178.89 | CR3: 3167.95 | CS3: 3167.7
A4: 46237 | B4: 3171.61 | C4: 3162.58 | D4: 3161.5 | E4: 3169.4 | F4: 3174.31 | G4: 3185.76 | H4: 3173.81 | I4: 3169.91 | J4: 3182.57 | K4: 3193.9 | L4: 3196.83 | M4: 3209.94 | N4: 3216.33 | O4: 3214.42 | P4: 3201.95 | Q4: 3190.43 | R4: 3195.34 | S4: 3186.79 | T4: 3177.56 | U4: 3185.16 | V4: 3175.65 | W4: 3180.93 | X4: 3182.99 | Y4: 3196.02 | Z4: 3179.51 | AA4: 3178.38 | AB4: 3188.51 | AC4: 3201.19 | AD4: 3204.29 | AE4: 3210.54 | AF4: 3206.99 | AG4: 3214.63 | AH4: 3216.21 | AI4: 3206.45 | AJ4: 3196.72 | AK4: 3187.77 | AL4: 3190.29 | AM4: 3183.84 | AN4: 3184.22 | AO4: 3191.89 | AP4: 3197.09 | AQ4: 3194.92 | AR4: 3194.6 | AS4: 3188.45 | AT4: 3177.44 | AU4: 3179.61 | AV4: 3180.02 | AW4: 3171.44 | AX4: 3157.87 | AY4: 3169.4 | AZ4: 3177.56 | BA4: 3181.95 | BB4: 3171.9 | BC4: 3168.92 | BD4: 3171.86 | BE4: 3157.57 | BF4: 3161.71 | BG4: 3173.27 | BH4: 3173.77 | BI4: 3170.25 | BJ4: 3175.19 | BK4: 3173.49 | BL4: 3172.26 | BM4: 3174.83 | BN4: 3166.96 | BO4: 3163.58 | BP4: 3169.1 | BQ4: 3173.27 | BR4: 3171.88 | BS4: 3159.36 | BT4: 3158.16 | BU4: 3162.8 | BV4: 3158.4 | BW4: 3180.19 | BX4: 3191.42 | BY4: 3192.07 | BZ4: 3191.87 | CA4: 3185.49 | CB4: 3181.72 | CC4: 3175.7 | CD4: 3164.43 | CE4: 3167.39 | CF4: 3176.26 | CG4: 3190.41 | CH4: 3180.09 | CI4: 3165.08 | CJ4: 3156.28 | CK4: 3157.8 | CL4: 3154.7 | CM4: 3161.32 | CN4: 3161.19 | CO4: 3160.56 | CP4: 3153.08 | CQ4: 3135.73 | CR4: 3130.23 | CS4: 3130.2
A5: 46238 | B5: 3137.7 | C5: 3129.23 | D5: 3126.54 | E5: 3128.79 | F5: 3141.75 | G5: 3169.64 | H5: 3163.89 | I5: 3162.32 | J5: 3176.85 | K5: 3189.44 | L5: 3187.45 | M5: 3191.03 | N5: 3195.87 | O5: 3204.42 | P5: 3191.52 | Q5: 3177.55 | R5: 3187.68 | S5: 3178.86 | T5: 3166.48 | U5: 3172.79 | V5: 3162.02 | W5: 3174.5 | X5: 3175.33 | Y5: 3178.94 | Z5: 3169.02 | AA5: 3166.11 | AB5: 3178.1 | AC5: 3187.34 | AD5: 3197.01 | AE5: 3200.24 | AF5: 3198.84 | AG5: 3200.18 | AH5: 3198.4 | AI5: 3188.16 | AJ5: 3177.29 | AK5: 3177.46 | AL5: 3176.01 | AM5: 3166.99 | AN5: 3167.63 | AO5: 3170.21 | AP5: 3168.6 | AQ5: 3163.85 | AR5: 3160.19 | AS5: 3156.7 | AT5: 3148 | AU5: 3151.25 | AV5: 3153.32 | AW5: 3145.55 | AX5: 3135.55 | AY5: 3145.63 | AZ5: 3152.02 | BA5: 3152.8 | BB5: 3140.84 | BC5: 3137.29 | BD5: 3144.18 | BE5: 3129.92 | BF5: 3133.11 | BG5: 3148.44 | BH5: 3145.67 | BI5: 3145.95 | BJ5: 3151.92 | BK5: 3155.64 | BL5: 3152.32 | BM5: 3150.67 | BN5: 3142 | BO5: 3141.89 | BP5: 3151.08 | BQ5: 3152.05 | BR5: 3147.62 | BS5: 3139.51 | BT5: 3136.93 | BU5: 3141.17 | BV5: 3139.1 | BW5: 3155.28 | BX5: 3165.48 | BY5: 3167.49 | BZ5: 3169.44 | CA5: 3171.54 | CB5: 3168.4 | CC5: 3167.69 | CD5: 3148.63 | CE5: 3151.29 | CF5: 3161.34 | CG5: 3174.76 | CH5: 3167.07 | CI5: 3153.58 | CJ5: 3150.52 | CK5: 3149.75 | CL5: 3146.4 | CM5: 3147.59 | CN5: 3143.39 | CO5: 3140.02 | CP5: 3129.77 | CQ5: 3117.14 | CR5: 3117.86 | CS5: 3116.75
A6: 46239 | B6: 3120.38 | C6: 3117.51 | D6: 3123.01 | E6: 3118.95 | F6: 3128.32 | G6: 3149.14 | H6: 3151.54 | I6: 3157.88 | J6: 3156.64 | K6: 3160.57 | L6: 3164.07 | M6: 3169.68 | N6: 3172.42 | O6: 3178.9 | P6: 3174.69 | Q6: 3164.81 | R6: 3166.03 | S6: 3161.19 | T6: 3150.86 | U6: 3152.55 | V6: 3140.67 | W6: 3158.57 | X6: 3161.67 | Y6: 3151.23 | Z6: 3143.66 | AA6: 3150.91 | AB6: 3155.23 | AC6: 3158.91 | AD6: 3173.28 | AE6: 3177.65 | AF6: 3174.85 | AG6: 3175.3 | AH6: 3173.53 | AI6: 3161.57 | AJ6: 3152.11 | AK6: 3150.72 | AL6: 3149.37 | AM6: 3134.9 | AN6: 3134.62 | AO6: 3136.41 | AP6: 3136.39 | AQ6: 3134.45 | AR6: 3135.44 | AS6: 3127.18 | AT6: 3125.75 | AU6: 3128.82 | AV6: 3126.46 | AW6: 3120.39 | AX6: 3110.9 | AY6: 3115.17 | AZ6: 3119.38 | BA6: 3116.13 | BB6: 3108.63 | BC6: 3108.72 | BD6: 3116.88 | BE6: 3104.94 | BF6: 3107.06 | BG6: 3118.34 | BH6: 3121.62 | BI6: 3120.12 | BJ6: 3127.99 | BK6: 3128.06 | BL6: 3128.5 | BM6: 3127.38 | BN6: 3114.23 | BO6: 3117 | BP6: 3124.12 | BQ6: 3124.68 | BR6: 3121.8 | BS6: 3118.94 | BT6: 3113.17 | BU6: 3118.88 | BV6: 3122.18 | BW6: 3129.82 | BX6: 3141.32 | BY6: 3145.92 | BZ6: 3150.74 | CA6: 3154.88 | CB6: 3156.82 | CC6: 3156.18 | CD6: 3135.26 | CE6: 3137.91 | CF6: 3149.78 | CG6: 3155.58 | CH6: 3141.95 | CI6: 3133.62 | CJ6: 3128.55 | CK6: 3120.15 | CL6: 3115.19 | CM6: 3115.08 | CN6: 3110.06 | CO6: 3108.86 | CP6: 3099.17 | CQ6: 3087.1 | CR6: 3087.31 | CS6: 3090.07
A7: 46240 | B7: 3096.55 | C7: 3089.1 | D7: 3094.37 | E7: 3087.34 | F7: 3102.37 | G7: 3123.12 | H7: 3122.15 | I7: 3126.82 | J7: 3127.38 | K7: 3132.18 | L7: 3129.94 | M7: 3141.94 | N7: 3135.54 | O7: 3144.55 | P7: 3141.98 | Q7: 3136.06 | R7: 3135.6 | S7: 3128.7 | T7: 3122.69 | U7: 3125.34 | V7: 3117.9 | W7: 3133.05 | X7: 3133.42 | Y7: 3125.03 | Z7: 3121.01 | AA7: 3122.41 | AB7: 3126.71 | AC7: 3137.46 | AD7: 3153.49 | AE7: 3155.84 | AF7: 3158.26 | AG7: 3159.93 | AH7: 3159.38 | AI7: 3144.38 | AJ7: 3140.45 | AK7: 3134.61 | AL7: 3136.63 | AM7: 3129.4 | AN7: 3123.86 | AO7: 3117.07 | AP7: 3118.77 | AQ7: 3122.21 | AR7: 3118.03 | AS7: 3108.38 | AT7: 3114.12 | AU7: 3105.97 | AV7: 3109.96 | AW7: 3111.9 | AX7: 3103.58 | AY7: 3098.56 | AZ7: 3108.73 | BA7: 3100.41 | BB7: 3088.97 | BC7: 3090.06 | BD7: 3094.45 | BE7: 3088.08 | BF7: 3088.83 | BG7: 3097.32 | BH7: 3095.85 | BI7: 3100.16 | BJ7: 3104.21 | BK7: 3108.2 | BL7: 3107.28 | BM7: 3106.06 | BN7: 3097.94 | BO7: 3097.45 | BP7: 3098.61 | BQ7: 3103.38 | BR7: 3099.87 | BS7: 3097.05 | BT7: 3098.16 | BU7: 3105.06 | BV7: 3108 | BW7: 3114.54 | BX7: 3126.61 | BY7: 3124.01 | BZ7: 3127.12 | CA7: 3132.05 | CB7: 3133.84 | CC7: 3136.3 | CD7: 3128.33 | CE7: 3130.56 | CF7: 3134.86 | CG7: 3135.11 | CH7: 3132.58 | CI7: 3131.78 | CJ7: 3130.68 | CK7: 3122.43 | CL7: 3120.09 | CM7: 3120.57 | CN7: 3117.44 | CO7: 3114.26 | CP7: 3106.11 | CQ7: 3096.25 | CR7: 3097.58 | CS7: 3106.16
A8: 46241 | B8: 3099.53 | C8: 3091.79 | D8: 3095.64 | E8: 3099.96 | F8: 3114.76 | G8: 3132.22 | H8: 3137.27 | I8: 3141.06 | J8: 3141.73 | K8: 3138.86 | L8: 3142.51 | M8: 3144.27 | N8: 3135.28 | O8: 3147.71 | P8: 3151.16 | Q8: 3143.2 | R8: 3135.8 | S8: 3134.65 | T8: 3128.65 | U8: 3128.48 | V8: 3123.13 | W8: 3136.29 | X8: 3140.46 | Y8: 3129.72 | Z8: 3117.49 | AA8: 3120.6 | AB8: 3122.77 | AC8: 3132.74 | AD8: 3146.82 | AE8: 3140.45 | AF8: 3138.52 | AG8: 3139.23 | AH8: 3144.22 | AI8: 3138.8 | AJ8: 3138.76 | AK8: 3133.19 | AL8: 3133.97 | AM8: 3121.64 | AN8: 3109.63 | AO8: 3101.27 | AP8: 3098.56 | AQ8: 3102.85 | AR8: 3100.22 | AS8: 3093.76 | AT8: 3100.63 | AU8: 3099.18 | AV8: 3096.06 | AW8: 3097.36 | AX8: 3095.4 | AY8: 3085.12 | AZ8: 3096.86 | BA8: 3087.55 | BB8: 3082.25 | BC8: 3082.98 | BD8: 3094.34 | BE8: 3108.92 | BF8: 3111.27 | BG8: 3109.36 | BH8: 3086.96 | BI8: 3087.09 | BJ8: 3075.59 | BK8: 3075.3 | BL8: 3064.64 | BM8: 3054.65 | BN8: 3047.78 | BO8: 3051.47 | BP8: 3057.3 | BQ8: 3062.73 | BR8: 3057.49 | BS8: 3060.27 | BT8: 3056.88 | BU8: 3056.74 | BV8: 3058.01 | BW8: 3064.81 | BX8: 3073.82 | BY8: 3077.56 | BZ8: 3078.72 | CA8: 3083.11 | CB8: 3085.99 | CC8: 3091.39 | CD8: 3088.12 | CE8: 3089.1 | CF8: 3095.16 | CG8: 3108.01 | CH8: 3110.21 | CI8: 3115.47 | CJ8: 3105.65 | CK8: 3094.54 | CL8: 3089.83 | CM8: 3090.79 | CN8: 3087.45 | CO8: 3087.22 | CP8: 3077.54 | CQ8: 3073.28 | CR8: 3074.41 | CS8: 3081.01
A9: 46242 | B9: 3069.51 | C9: 3068.77 | D9: 3069.83 | E9: 3078.28 | F9: 3091.02 | G9: 3107.58 | H9: 3101.11 | I9: 3105.63 | J9: 3102.5 | K9: 3097.06 | L9: 3090.6 | M9: 3090.64 | N9: 3072.41 | O9: 3083.7 | P9: 3096.16 | Q9: 3091.5 | R9: 3086.38 | S9: 3084.79 | T9: 3083.8 | U9: 3084.57 | V9: 3083.46 | W9: 3098.61 | X9: 3102.63 | Y9: 3094.68 | Z9: 3099.38 | AA9: 3097.2 | AB9: 3094.11 | AC9: 3089.08 | AD9: 3093.65 | AE9: 3087.8 | AF9: 3085.31 | AG9: 3081.12 | AH9: 3087.73 | AI9: 3091.18 | AJ9: 3098.95 | AK9: 3099.02 | AL9: 3098.28 | AM9: 3095.32 | AN9: 3094.21 | AO9: 3087.51 | AP9: 3084.9 | AQ9: 3091.54 | AR9: 3094.06 | AS9: 3089.39 | AT9: 3099.66 | AU9: 3090.34 | AV9: 3087.53 | AW9: 3089.19 | AX9: 3086.93 | AY9: 3080.66 | AZ9: 3087.2 | BA9: 3074.22 | BB9: 3068.12 | BC9: 3067.23 | BD9: 3076.25 | BE9: 3092.56 | BF9: 3091.25 | BG9: 3086.85 | BH9: 3067.55 | BI9: 3062.25 | BJ9: 3046.47 | BK9: 3047.68 | BL9: 3039.93 | BM9: 3037.51 | BN9: 3033.93 | BO9: 3042.62 | BP9: 3040.3 | BQ9: 3053.7 | BR9: 3056.05 | BS9: 3061.83 | BT9: 3050.31 | BU9: 3048.74 | BV9: 3044.61 | BW9: 3050.19 | BX9: 3049.96 | BY9: 3053.31 | BZ9: 3054.2 | CA9: 3060.21 | CB9: 3062.47 | CC9: 3063.09 | CD9: 3062.69 | CE9: 3061.83 | CF9: 3064.88 | CG9: 3081.32 | CH9: 3081.45 | CI9: 3091.28 | CJ9: 3090.64 | CK9: 3091.32 | CL9: 3081.32 | CM9: 3079.07 | CN9: 3075.06 | CO9: 3075.02 | CP9: 3075.95 | CQ9: 3072.25 | CR9: 3076.78 | CS9: 3079.95
A10: 46243 | B10: 3062.15 | C10: 3066.78 | D10: 3067.95 | E10: 3074.16 | F10: 3084.46 | G10: 3091.28 | H10: 3086.84 | I10: 3087.53 | J10: 3078.42 | K10: 3068.72 | L10: 3062.54 | M10: 3064.85 | N10: 3045.22 | O10: 3048.63 | P10: 3062.93 | Q10: 3061.34 | R10: 3057.52 | S10: 3053.22 | T10: 3053.17 | U10: 3053.2 | V10: 3054.91 | W10: 3066.48 | X10: 3070.39 | Y10: 3070.55 | Z10: 3070.74 | AA10: 3072.89 | AB10: 3062.24 | AC10: 3060.77 | AD10: 3062.31 | AE10: 3057.51 | AF10: 3057.24 | AG10: 3051.12 | AH10: 3052.85 | AI10: 3039.12 | AJ10: 3050.44 | AK10: 3047.05 | AL10: 3052.41 | AM10: 3053.91 | AN10: 3060.37 | AO10: 3062.76 | AP10: 3062.95 | AQ10: 3070.06 | AR10: 3076.04 | AS10: 3069.84 | AT10: 3076.06 | AU10: 3064.61 | AV10: 3059.01 | AW10: 3059.55 | AX10: 3056.53 | AY10: 3049.45 | AZ10: 3055.36 | BA10: 3045.26 | BB10: 3039.39 | BC10: 3041.21 | BD10: 3049.35 | BE10: 3066.33 | BF10: 3063.63 | BG10: 3056.98 | BH10: 3040.53 | BI10: 3031.8 | BJ10: 3021.17 | BK10: 3015.44 | BL10: 3009.87 | BM10: 3012.53 | BN10: 3010.18 | BO10: 3017.93 | BP10: 3011.61 | BQ10: 3028.43 | BR10: 3030.8 | BS10: 3034.03 | BT10: 3024.1 | BU10: 3022.6 | BV10: 3016.4 | BW10: 3015.77 | BX10: 3021.1 | BY10: 3025.79 | BZ10: 3024.7 | CA10: 3028.46 | CB10: 3028.59 | CC10: 3034.23 | CD10: 3035.94 | CE10: 3034.81 | CF10: 3038.03 | CG10: 3052.65 | CH10: 3052.09 | CI10: 3065.2 | CJ10: 3072.99 | CK10: 3071.72 | CL10: 3062.25 | CM10: 3059.65 | CN10: 3063.44 | CO10: 3064.49 | CP10: 3065.84 | CQ10: 3060.1 | CR10: 3064.54 | CS10: 3065.77
A11: 46244 | B11: 3052.94 | C11: 3054.87 | D11: 3058.04 | E11: 3057.92 | F11: 3061.06 | G11: 3070.26 | H11: 3072.22 | I11: 3070.97 | J11: 3063.01 | K11: 3059.26 | L11: 3051.54 | M11: 3053.04 | N11: 3035.38 | O11: 3038.27 | P11: 3040.6 | Q11: 3034.88 | R11: 3022.32 | S11: 3014.82 | T11: 3015.25 | U11: 3019.6 | V11: 3018.86 | W11: 3028.75 | X11: 3027.23 | Y11: 3030.73 | Z11: 3028.17 | AA11: 3029.66 | AB11: 3016.21 | AC11: 3022.21 | AD11: 3019.01 | AE11: 3015.2 | AF11: 3011.37 | AG11: 3003.13 | AH11: 3005.56 | AI11: 2989.97 | AJ11: 3001.68 | AK11: 3001.92 | AL11: 3005.29 | AM11: 3009.3 | AN11: 3014.8 | AO11: 3017.71 | AP11: 3015.78 | AQ11: 3018.4 | AR11: 3020.82 | AS11: 3023.24 | AT11: 3017.69 | AU11: 3013.55 | AV11: 3009.09 | AW11: 3008.56 | AX11: 3006.12 | AY11: 2991.13 | AZ11: 2997.66 | BA11: 2990.93 | BB11: 2984.46 | BC11: 2983.09 | BD11: 2985.47 | BE11: 2998.28 | BF11: 2997.19 | BG11: 2988.01 | BH11: 2968.78 | BI11: 2965 | BJ11: 2956.57 | BK11: 2951.66 | BL11: 2946.52 | BM11: 2947.29 | BN11: 2947.05 | BO11: 2949.49 | BP11: 2947.84 | BQ11: 2959.9 | BR11: 2967.14 | BS11: 2965.61 | BT11: 2956.08 | BU11: 2957.28 | BV11: 2950.52 | BW11: 2951.46 | BX11: 2958.63 | BY11: 2963.83 | BZ11: 2963.44 | CA11: 2962.66 | CB11: 2966.11 | CC11: 2968.78 | CD11: 2983.52 | CE11: 2985.83 | CF11: 2989.32 | CG11: 3002.47 | CH11: 3007.78 | CI11: 3023.86 | CJ11: 3030.3 | CK11: 3026.09 | CL11: 3023.1 | CM11: 3020.04 | CN11: 3030.39 | CO11: 3029.2 | CP11: 3026.63 | CQ11: 3027.18 | CR11: 3034.05 | CS11: 3029.57
A12: 46245 | B12: 3014.97 | C12: 3023.07 | D12: 3025.9 | E12: 3024.09 | F12: 3021.47 | G12: 3029.56 | H12: 3032.49 | I12: 3032.64 | J12: 3024.79 | K12: 3024.3 | L12: 3019.55 | M12: 3012.94 | N12: 3007.9 | O12: 3006.81 | P12: 3008.82 | Q12: 3002.48 | R12: 2992.96 | S12: 2988.47 | T12: 2984.03 | U12: 2989.01 | V12: 2985.87 | W12: 2997.44 | X12: 3004.33 | Y12: 3002.15 | Z12: 3001.27 | AA12: 2999.92 | AB12: 2985.37 | AC12: 2990.21 | AD12: 2982.9 | AE12: 2983.59 | AF12: 2975.2 | AG12: 2971.57 | AH12: 2969.54 | AI12: 2956.4 | AJ12: 2965.05 | AK12: 2971.35 | AL12: 2968.97 | AM12: 2970.75 | AN12: 2981.51 | AO12: 2990.11 | AP12: 2989.9 | AQ12: 2987.69 | AR12: 2994.39 | AS12: 2995.49 | AT12: 2985.8 | AU12: 2985.87 | AV12: 2976.73 | AW12: 2978.42 | AX12: 2977.47 | AY12: 2964.52 | AZ12: 2966.08 | BA12: 2960.9 | BB12: 2963.07 | BC12: 2957.96 | BD12: 2959.77 | BE12: 2974.19 | BF12: 2965.76 | BG12: 2960.84 | BH12: 2940.72 | BI12: 2939.08 | BJ12: 2924.51 | BK12: 2918.81 | BL12: 2917.72 | BM12: 2920.43 | BN12: 2919.82 | BO12: 2925.18 | BP12: 2931.15 | BQ12: 2938.43 | BR12: 2936.91 | BS12: 2940.51 | BT12: 2929.57 | BU12: 2927.37 | BV12: 2921.23 | BW12: 2920.23 | BX12: 2925.18 | BY12: 2933.85 | BZ12: 2932.13 | CA12: 2934.3 | CB12: 2931.77 | CC12: 2933.68 | CD12: 2953.27 | CE12: 2955.26 | CF12: 2961.53 | CG12: 2972.63 | CH12: 2975.92 | CI12: 2995.94 | CJ12: 2998.85 | CK12: 2990.2 | CL12: 2987.69 | CM12: 2986.71 | CN12: 2993.65 | CO12: 2994.04 | CP12: 2992.99 | CQ12: 2997.77 | CR12: 3002.7 | CS12: 2996.9
A13: 46246 | B13: 2986.93 | C13: 2995.48 | D13: 2999.93 | E13: 2993.54 | F13: 2990.02 | G13: 2991.66 | H13: 3001.99 | I13: 3005.4 | J13: 2993.21 | K13: 2993.71 | L13: 2986.68 | M13: 2978.69 | N13: 2972.85 | O13: 2970.45 | P13: 2967.93 | Q13: 2961.24 | R13: 2953.61 | S13: 2951.58 | T13: 2946.39 | U13: 2952.78 | V13: 2955.92 | W13: 2968.34 | X13: 2975.54 | Y13: 2968.74 | Z13: 2971.82 | AA13: 2962.82 | AB13: 2956.23 | AC13: 2959.07 | AD13: 2950.98 | AE13: 2958.81 | AF13: 2949.38 | AG13: 2946.11 | AH13: 2936.63 | AI13: 2926.03 | AJ13: 2929.11 | AK13: 2936.43 | AL13: 2937.44 | AM13: 2940.02 | AN13: 2950.06 | AO13: 2952.75 | AP13: 2948.82 | AQ13: 2950.92 | AR13: 2961.31 | AS13: 2961.68 | AT13: 2952.5 | AU13: 2956.13 | AV13: 2948.28 | AW13: 2949.03 | AX13: 2944.08 | AY13: 2936.62 | AZ13: 2934.41 | BA13: 2935.22 | BB13: 2932.07 | BC13: 2924 | BD13: 2923.7 | BE13: 2919.72 | BF13: 2911.68 | BG13: 2909.8 | BH13: 2907.59 | BI13: 2914.52 | BJ13: 2911.54 | BK13: 2911.89 | BL13: 2919.06 | BM13: 2926.04 | BN13: 2923.82 | BO13: 2929.27 | BP13: 2922.18 | BQ13: 2922.93 | BR13: 2916.69 | BS13: 2917.1 | BT13: 2916.04 | BU13: 2916.93 | BV13: 2915.06 | BW13: 2917.12 | BX13: 2920.8 | BY13: 2922.21 | BZ13: 2925.1 | CA13: 2925.95 | CB13: 2920.05 | CC13: 2921.02 | CD13: 2937.68 | CE13: 2941.93 | CF13: 2943.42 | CG13: 2937.98 | CH13: 2939.07 | CI13: 2950.63 | CJ13: 2949.56 | CK13: 2943.04 | CL13: 2941.43 | CM13: 2944.96 | CN13: 2952.48 | CO13: 2951.17 | CP13: 2955.3 | CQ13: 2962.36 | CR13: 2967.05 | CS13: 2965.53
... A32: 46265 | B32: 3136.66 | C32: 3132.19 | D32: 3136.53 | E32: 3155.06 | F32: 3149.18 | G32: 3128.72 | H32: 3125.6 | I32: 3134.52 | J32: 3126.41 | K32: 3123.47 | L32: 3123.5 | M32: 3138.79 | N32: 3121.82 | O32: 3117.16 | P32: 3120.94 | Q32: 3129.53 | R32: 3127 | S32: 3126.1 | T32: 3132.14 | U32: 3138.34 | V32: 3145.89 | W32: 3147.58 | X32: 3152.85 | Y32: 3155.17 | Z32: 3165.31 | AA32: 3164.22 | AB32: 3172.15 | AC32: 3166.18 | AD32: 3173.31 | AE32: 3171.25 | AF32: 3175.37 | AG32: 3185.95 | AH32: 3177.71 | AI32: 3182.73 | AJ32: 3154.56 | AK32: 3144.24 | AL32: 3140.38 | AM32: 3136.42 | AN32: 3143.85 | AO32: 3156.8 | AP32: 3163.44 | AQ32: 3162.54 | AR32: 3164.8 | AS32: 3162.52 | AT32: 3156.22 | AU32: 3143.05 | AV32: 3126.17 | AW32: 3112.48 | AX32: 3112.67 | AY32: 3118.62 | AZ32: 3122.28 | BA32: 3124.05 | BB32: 3129.92 | BC32: 3139.17 | BD32: 3146.38 | BE32: 3140.58 | BF32: 3139.43 | BG32: 3132.61 | BH32: 3112.11 | BI32: 3135.32 | BJ32: 3119.94 | BK32: 3132.69 | BL32: 3130.81 | BM32: 3126.63 | BN32: 3107.38 | BO32: 3109.74 | BP32: 3100.5 | BQ32: 3103.72 | BR32: 3109.96 | BS32: 3095.77 | BT32: 3085.04 | BU32: 3084.12 | BV32: 3093.66 | BW32: 3094.51 | BX32: 3096.41 | BY32: 3108.07 | BZ32: 3112.76 | CA32: 3101.86 | CB32: 3108.34 | CC32: 3111.87 | CD32: 3096.17 | CE32: 3099.57 | CF32: 3105.19 | CG32: 3123.46 | CH32: 3107.53 | CI32: 3099.38 | CJ32: 3104.59 | CK32: 3114.68 | CL32: 3123.67 | CM32: 3122.09 | CN32: 3129.8 | CO32: 3149.08 | CP32: 3142.43 | CQ32: 3126.06 | CR32: 3122.67 | CS32: 3130.4

Sheet 检修容量
A1: 日期 | B1: 0.010416667 | C1: 0.020833333 | D1: 0.03125 | E1: 0.041666667 | F1: 0.052083333 | G1: 0.0625 | H1: 0.072916667 | I1: 0.083333333 | J1: 0.09375 | K1: 0.10416667 | L1: 0.11458333 | M1: 0.125 | N1: 0.13541667 | O1: 0.14583333 | P1: 0.15625 | Q1: 0.16666667 | R1: 0.17708333 | S1: 0.1875 | T1: 0.19791667 | U1: 0.20833333 | V1: 0.21875 | W1: 0.22916667 | X1: 0.23958333 | Y1: 0.25 | Z1: 0.26041667 | AA1: 0.27083333 | AB1: 0.28125 | AC1: 0.29166667 | AD1: 0.30208333 | AE1: 0.3125 | AF1: 0.32291667 | AG1: 0.33333333 | AH1: 0.34375 | AI1: 0.35416667 | AJ1: 0.36458333 | AK1: 0.375 | AL1: 0.38541667 | AM1: 0.39583333 | AN1: 0.40625 | AO1: 0.41666667 | AP1: 0.42708333 | AQ1: 0.4375 | AR1: 0.44791667 | AS1: 0.45833333 | AT1: 0.46875 | AU1: 0.47916667 | AV1: 0.48958333 | AW1: 0.5 | AX1: 0.51041667 | AY1: 0.52083333 | AZ1: 0.53125 | BA1: 0.54166667 | BB1: 0.55208333 | BC1: 0.5625 | BD1: 0.57291667 | BE1: 0.58333333 | BF1: 0.59375 | BG1: 0.60416667 | BH1: 0.61458333 | BI1: 0.625 | BJ1: 0.63541667 | BK1: 0.64583333 | BL1: 0.65625 | BM1: 0.66666667 | BN1: 0.67708333 | BO1: 0.6875 | BP1: 0.69791667 | BQ1: 0.70833333 | BR1: 0.71875 | BS1: 0.72916667 | BT1: 0.73958333 | BU1: 0.75 | BV1: 0.76041667 | BW1: 0.77083333 | BX1: 0.78125 | BY1: 0.79166667 | BZ1: 0.80208333 | CA1: 0.8125 | CB1: 0.82291667 | CC1: 0.83333333 | CD1: 0.84375 | CE1: 0.85416667 | CF1: 0.86458333 | CG1: 0.875 | CH1: 0.88541667 | CI1: 0.89583333 | CJ1: 0.90625 | CK1: 0.91666667 | CL1: 0.92708333 | CM1: 0.9375 | CN1: 0.94791667 | CO1: 0.95833333 | CP1: 0.96875 | CQ1: 0.97916667 | CR1: 0.98958333 | CS1: 1
A2: 46235 | B2: 330 | C2: 330 | D2: 330 | E2: 330 | F2: 330 | G2: 330 | H2: 330 | I2: 330 | J2: 330 | K2: 330 | L2: 330 | M2: 330 | N2: 330 | O2: 330 | P2: 330 | Q2: 330 | R2: 330 | S2: 330 | T2: 330 | U2: 330 | V2: 330 | W2: 330 | X2: 330 | Y2: 330 | Z2: 330 | AA2: 330 | AB2: 330 | AC2: 330 | AD2: 330 | AE2: 330 | AF2: 330 | AG2: 330 | AH2: 330 | AI2: 330 | AJ2: 330 | AK2: 330 | AL2: 330 | AM2: 330 | AN2: 330 | AO2: 330 | AP2: 330 | AQ2: 330 | AR2: 330 | AS2: 330 | AT2: 330 | AU2: 330 | AV2: 330 | AW2: 330 | AX2: 330 | AY2: 330 | AZ2: 330 | BA2: 330 | BB2: 330 | BC2: 330 | BD2: 330 | BE2: 330 | BF2: 330 | BG2: 330 | BH2: 330 | BI2: 330 | BJ2: 330 | BK2: 330 | BL2: 330 | BM2: 330 | BN2: 330 | BO2: 330 | BP2: 330 | BQ2: 330 | BR2: 330 | BS2: 330 | BT2: 330 | BU2: 330 | BV2: 330 | BW2: 330 | BX2: 330 | BY2: 330 | BZ2: 330 | CA2: 330 | CB2: 330 | CC2: 330 | CD2: 330 | CE2: 330 | CF2: 330 | CG2: 330 | CH2: 330 | CI2: 330 | CJ2: 330 | CK2: 330 | CL2: 330 | CM2: 330 | CN2: 330 | CO2: 330 | CP2: 330 | CQ2: 330 | CR2: 330 | CS2: 330
A3: 46236 | B3: 330 | C3: 330 | D3: 330 | E3: 330 | F3: 330 | G3: 330 | H3: 330 | I3: 330 | J3: 330 | K3: 330 | L3: 330 | M3: 330 | N3: 330 | O3: 330 | P3: 330 | Q3: 330 | R3: 330 | S3: 330 | T3: 330 | U3: 330 | V3: 330 | W3: 330 | X3: 330 | Y3: 330 | Z3: 330 | AA3: 330 | AB3: 330 | AC3: 330 | AD3: 330 | AE3: 330 | AF3: 330 | AG3: 330 | AH3: 330 | AI3: 330 | AJ3: 330 | AK3: 330 | AL3: 330 | AM3: 330 | AN3: 330 | AO3: 330 | AP3: 330 | AQ3: 330 | AR3: 330 | AS3: 330 | AT3: 330 | AU3: 330 | AV3: 330 | AW3: 330 | AX3: 330 | AY3: 330 | AZ3: 330 | BA3: 330 | BB3: 330 | BC3: 330 | BD3: 330 | BE3: 330 | BF3: 330 | BG3: 330 | BH3: 330 | BI3: 330 | BJ3: 330 | BK3: 330 | BL3: 330 | BM3: 330 | BN3: 330 | BO3: 330 | BP3: 330 | BQ3: 330 | BR3: 330 | BS3: 330 | BT3: 330 | BU3: 330 | BV3: 330 | BW3: 330 | BX3: 330 | BY3: 330 | BZ3: 330 | CA3: 330 | CB3: 330 | CC3: 330 | CD3: 330 | CE3: 330 | CF3: 330 | CG3: 330 | CH3: 330 | CI3: 330 | CJ3: 330 | CK3: 330 | CL3: 330 | CM3: 330 | CN3: 330 | CO3: 330 | CP3: 330 | CQ3: 330 | CR3: 330 | CS3: 330
A4: 46237 | B4: 630 | C4: 630 | D4: 630 | E4: 630 | F4: 630 | G4: 630 | H4: 630 | I4: 630 | J4: 630 | K4: 630 | L4: 630 | M4: 630 | N4: 630 | O4: 630 | P4: 630 | Q4: 630 | R4: 630 | S4: 630 | T4: 630 | U4: 630 | V4: 630 | W4: 630 | X4: 630 | Y4: 630 | Z4: 630 | AA4: 630 | AB4: 630 | AC4: 630 | AD4: 630 | AE4: 630 | AF4: 630 | AG4: 630 | AH4: 630 | AI4: 630 | AJ4: 630 | AK4: 630 | AL4: 630 | AM4: 630 | AN4: 630 | AO4: 630 | AP4: 630 | AQ4: 630 | AR4: 630 | AS4: 630 | AT4: 630 | AU4: 630 | AV4: 630 | AW4: 630 | AX4: 630 | AY4: 630 | AZ4: 630 | BA4: 630 | BB4: 630 | BC4: 630 | BD4: 630 | BE4: 630 | BF4: 630 | BG4: 630 | BH4: 630 | BI4: 630 | BJ4: 630 | BK4: 630 | BL4: 630 | BM4: 630 | BN4: 630 | BO4: 630 | BP4: 630 | BQ4: 630 | BR4: 630 | BS4: 630 | BT4: 630 | BU4: 630 | BV4: 630 | BW4: 630 | BX4: 630 | BY4: 630 | BZ4: 630 | CA4: 630 | CB4: 630 | CC4: 630 | CD4: 630 | CE4: 630 | CF4: 630 | CG4: 630 | CH4: 630 | CI4: 630 | CJ4: 630 | CK4: 630 | CL4: 630 | CM4: 630 | CN4: 630 | CO4: 630 | CP4: 630 | CQ4: 630 | CR4: 630 | CS4: 630
A5: 46238 | B5: 330 | C5: 330 | D5: 330 | E5: 330 | F5: 330 | G5: 330 | H5: 330 | I5: 330 | J5: 330 | K5: 330 | L5: 330 | M5: 330 | N5: 330 | O5: 330 | P5: 330 | Q5: 330 | R5: 330 | S5: 330 | T5: 330 | U5: 330 | V5: 330 | W5: 330 | X5: 330 | Y5: 330 | Z5: 330 | AA5: 330 | AB5: 330 | AC5: 330 | AD5: 330 | AE5: 330 | AF5: 330 | AG5: 330 | AH5: 330 | AI5: 330 | AJ5: 330 | AK5: 330 | AL5: 330 | AM5: 330 | AN5: 330 | AO5: 330 | AP5: 330 | AQ5: 330 | AR5: 330 | AS5: 330 | AT5: 330 | AU5: 330 | AV5: 330 | AW5: 330 | AX5: 330 | AY5: 330 | AZ5: 330 | BA5: 330 | BB5: 330 | BC5: 330 | BD5: 330 | BE5: 330 | BF5: 330 | BG5: 330 | BH5: 330 | BI5: 330 | BJ5: 330 | BK5: 330 | BL5: 330 | BM5: 330 | BN5: 330 | BO5: 330 | BP5: 330 | BQ5: 330 | BR5: 330 | BS5: 330 | BT5: 330 | BU5: 330 | BV5: 330 | BW5: 330 | BX5: 330 | BY5: 330 | BZ5: 330 | CA5: 330 | CB5: 330 | CC5: 330 | CD5: 330 | CE5: 330 | CF5: 330 | CG5: 330 | CH5: 330 | CI5: 330 | CJ5: 330 | CK5: 330 | CL5: 330 | CM5: 330 | CN5: 330 | CO5: 330 | CP5: 330 | CQ5: 330 | CR5: 330 | CS5: 330
A6: 46239 | B6: 330 | C6: 330 | D6: 330 | E6: 330 | F6: 330 | G6: 330 | H6: 330 | I6: 330 | J6: 330 | K6: 330 | L6: 330 | M6: 330 | N6: 330 | O6: 330 | P6: 330 | Q6: 330 | R6: 330 | S6: 330 | T6: 330 | U6: 330 | V6: 330 | W6: 330 | X6: 330 | Y6: 330 | Z6: 330 | AA6: 330 | AB6: 330 | AC6: 330 | AD6: 330 | AE6: 330 | AF6: 330 | AG6: 330 | AH6: 330 | AI6: 330 | AJ6: 330 | AK6: 330 | AL6: 330 | AM6: 330 | AN6: 330 | AO6: 330 | AP6: 330 | AQ6: 330 | AR6: 330 | AS6: 330 | AT6: 330 | AU6: 330 | AV6: 330 | AW6: 330 | AX6: 330 | AY6: 330 | AZ6: 330 | BA6: 330 | BB6: 330 | BC6: 330 | BD6: 330 | BE6: 330 | BF6: 330 | BG6: 330 | BH6: 330 | BI6: 330 | BJ6: 330 | BK6: 330 | BL6: 330 | BM6: 330 | BN6: 330 | BO6: 330 | BP6: 330 | BQ6: 330 | BR6: 330 | BS6: 330 | BT6: 330 | BU6: 330 | BV6: 330 | BW6: 330 | BX6: 330 | BY6: 330 | BZ6: 330 | CA6: 330 | CB6: 330 | CC6: 330 | CD6: 330 | CE6: 330 | CF6: 330 | CG6: 330 | CH6: 330 | CI6: 330 | CJ6: 330 | CK6: 330 | CL6: 330 | CM6: 330 | CN6: 330 | CO6: 330 | CP6: 330 | CQ6: 330 | CR6: 330 | CS6: 330
A7: 46240 | B7: 330 | C7: 330 | D7: 330 | E7: 330 | F7: 330 | G7: 330 | H7: 330 | I7: 330 | J7: 330 | K7: 330 | L7: 330 | M7: 330 | N7: 330 | O7: 330 | P7: 330 | Q7: 330 | R7: 330 | S7: 330 | T7: 330 | U7: 330 | V7: 330 | W7: 330 | X7: 330 | Y7: 330 | Z7: 330 | AA7: 330 | AB7: 330 | AC7: 330 | AD7: 330 | AE7: 330 | AF7: 330 | AG7: 330 | AH7: 330 | AI7: 330 | AJ7: 330 | AK7: 330 | AL7: 330 | AM7: 330 | AN7: 330 | AO7: 330 | AP7: 330 | AQ7: 330 | AR7: 330 | AS7: 330 | AT7: 330 | AU7: 330 | AV7: 330 | AW7: 330 | AX7: 330 | AY7: 330 | AZ7: 330 | BA7: 330 | BB7: 330 | BC7: 330 | BD7: 330 | BE7: 330 | BF7: 330 | BG7: 330 | BH7: 330 | BI7: 330 | BJ7: 330 | BK7: 330 | BL7: 330 | BM7: 330 | BN7: 330 | BO7: 330 | BP7: 330 | BQ7: 330 | BR7: 330 | BS7: 330 | BT7: 330 | BU7: 330 | BV7: 330 | BW7: 330 | BX7: 330 | BY7: 330 | BZ7: 330 | CA7: 330 | CB7: 330 | CC7: 330 | CD7: 330 | CE7: 330 | CF7: 330 | CG7: 330 | CH7: 330 | CI7: 330 | CJ7: 330 | CK7: 330 | CL7: 330 | CM7: 330 | CN7: 330 | CO7: 330 | CP7: 330 | CQ7: 330 | CR7: 330 | CS7: 330
A8: 46241 | B8: 330 | C8: 330 | D8: 330 | E8: 330 | F8: 330 | G8: 330 | H8: 330 | I8: 330 | J8: 330 | K8: 330 | L8: 330 | M8: 330 | N8: 330 | O8: 330 | P8: 330 | Q8: 330 | R8: 330 | S8: 330 | T8: 330 | U8: 330 | V8: 330 | W8: 330 | X8: 330 | Y8: 330 | Z8: 330 | AA8: 330 | AB8: 330 | AC8: 330 | AD8: 330 | AE8: 330 | AF8: 330 | AG8: 330 | AH8: 330 | AI8: 330 | AJ8: 330 | AK8: 330 | AL8: 330 | AM8: 330 | AN8: 330 | AO8: 330 | AP8: 330 | AQ8: 330 | AR8: 330 | AS8: 330 | AT8: 330 | AU8: 330 | AV8: 330 | AW8: 330 | AX8: 330 | AY8: 330 | AZ8: 330 | BA8: 330 | BB8: 330 | BC8: 330 | BD8: 330 | BE8: 330 | BF8: 330 | BG8: 330 | BH8: 330 | BI8: 330 | BJ8: 330 | BK8: 330 | BL8: 330 | BM8: 330 | BN8: 330 | BO8: 330 | BP8: 330 | BQ8: 330 | BR8: 330 | BS8: 330 | BT8: 330 | BU8: 330 | BV8: 330 | BW8: 330 | BX8: 330 | BY8: 330 | BZ8: 330 | CA8: 330 | CB8: 330 | CC8: 330 | CD8: 330 | CE8: 330 | CF8: 330 | CG8: 330 | CH8: 330 | CI8: 330 | CJ8: 330 | CK8: 330 | CL8: 330 | CM8: 330 | CN8: 330 | CO8: 330 | CP8: 330 | CQ8: 330 | CR8: 330 | CS8: 330
A9: 46242 | B9: 330 | C9: 330 | D9: 330 | E9: 330 | F9: 330 | G9: 330 | H9: 330 | I9: 330 | J9: 330 | K9: 330 | L9: 330 | M9: 330 | N9: 330 | O9: 330 | P9: 330 | Q9: 330 | R9: 330 | S9: 330 | T9: 330 | U9: 330 | V9: 330 | W9: 330 | X9: 330 | Y9: 330 | Z9: 330 | AA9: 330 | AB9: 330 | AC9: 330 | AD9: 330 | AE9: 330 | AF9: 330 | AG9: 330 | AH9: 330 | AI9: 330 | AJ9: 330 | AK9: 330 | AL9: 330 | AM9: 330 | AN9: 330 | AO9: 330 | AP9: 330 | AQ9: 330 | AR9: 330 | AS9: 330 | AT9: 330 | AU9: 330 | AV9: 330 | AW9: 330 | AX9: 330 | AY9: 330 | AZ9: 330 | BA9: 330 | BB9: 330 | BC9: 330 | BD9: 330 | BE9: 330 | BF9: 330 | BG9: 330 | BH9: 330 | BI9: 330 | BJ9: 330 | BK9: 330 | BL9: 330 | BM9: 330 | BN9: 330 | BO9: 330 | BP9: 330 | BQ9: 330 | BR9: 330 | BS9: 330 | BT9: 330 | BU9: 330 | BV9: 330 | BW9: 330 | BX9: 330 | BY9: 330 | BZ9: 330 | CA9: 330 | CB9: 330 | CC9: 330 | CD9: 330 | CE9: 330 | CF9: 330 | CG9: 330 | CH9: 330 | CI9: 330 | CJ9: 330 | CK9: 330 | CL9: 330 | CM9: 330 | CN9: 330 | CO9: 330 | CP9: 330 | CQ9: 330 | CR9: 330 | CS9: 330
A10: 46243 | B10: 330 | C10: 330 | D10: 330 | E10: 330 | F10: 330 | G10: 330 | H10: 330 | I10: 330 | J10: 330 | K10: 330 | L10: 330 | M10: 330 | N10: 330 | O10: 330 | P10: 330 | Q10: 330 | R10: 330 | S10: 330 | T10: 330 | U10: 330 | V10: 330 | W10: 330 | X10: 330 | Y10: 330 | Z10: 330 | AA10: 330 | AB10: 330 | AC10: 330 | AD10: 330 | AE10: 330 | AF10: 330 | AG10: 330 | AH10: 330 | AI10: 330 | AJ10: 330 | AK10: 330 | AL10: 330 | AM10: 330 | AN10: 330 | AO10: 330 | AP10: 330 | AQ10: 330 | AR10: 330 | AS10: 330 | AT10: 330 | AU10: 330 | AV10: 330 | AW10: 330 | AX10: 330 | AY10: 330 | AZ10: 330 | BA10: 330 | BB10: 330 | BC10: 330 | BD10: 330 | BE10: 330 | BF10: 330 | BG10: 330 | BH10: 330 | BI10: 330 | BJ10: 330 | BK10: 330 | BL10: 330 | BM10: 330 | BN10: 330 | BO10: 330 | BP10: 330 | BQ10: 330 | BR10: 330 | BS10: 330 | BT10: 330 | BU10: 330 | BV10: 330 | BW10: 330 | BX10: 330 | BY10: 330 | BZ10: 330 | CA10: 330 | CB10: 330 | CC10: 330 | CD10: 330 | CE10: 330 | CF10: 330 | CG10: 330 | CH10: 330 | CI10: 330 | CJ10: 330 | CK10: 330 | CL10: 330 | CM10: 330 | CN10: 330 | CO10: 330 | CP10: 330 | CQ10: 330 | CR10: 330 | CS10: 330
A11: 46244 | B11: 330 | C11: 330 | D11: 330 | E11: 330 | F11: 330 | G11: 330 | H11: 330 | I11: 330 | J11: 330 | K11: 330 | L11: 330 | M11: 330 | N11: 330 | O11: 330 | P11: 330 | Q11: 330 | R11: 330 | S11: 330 | T11: 330 | U11: 330 | V11: 330 | W11: 330 | X11: 330 | Y11: 330 | Z11: 330 | AA11: 330 | AB11: 330 | AC11: 330 | AD11: 330 | AE11: 330 | AF11: 330 | AG11: 330 | AH11: 330 | AI11: 330 | AJ11: 330 | AK11: 330 | AL11: 330 | AM11: 330 | AN11: 330 | AO11: 330 | AP11: 330 | AQ11: 330 | AR11: 330 | AS11: 330 | AT11: 330 | AU11: 330 | AV11: 330 | AW11: 330 | AX11: 330 | AY11: 330 | AZ11: 330 | BA11: 330 | BB11: 330 | BC11: 330 | BD11: 330 | BE11: 330 | BF11: 330 | BG11: 330 | BH11: 330 | BI11: 330 | BJ11: 330 | BK11: 330 | BL11: 330 | BM11: 330 | BN11: 330 | BO11: 330 | BP11: 330 | BQ11: 330 | BR11: 330 | BS11: 330 | BT11: 330 | BU11: 330 | BV11: 330 | BW11: 330 | BX11: 330 | BY11: 330 | BZ11: 330 | CA11: 330 | CB11: 330 | CC11: 330 | CD11: 330 | CE11: 330 | CF11: 330 | CG11: 330 | CH11: 330 | CI11: 330 | CJ11: 330 | CK11: 330 | CL11: 330 | CM11: 330 | CN11: 330 | CO11: 330 | CP11: 330 | CQ11: 330 | CR11: 330 | CS11: 330
A12: 46245 | B12: 330 | C12: 330 | D12: 330 | E12: 330 | F12: 330 | G12: 330 | H12: 330 | I12: 330 | J12: 330 | K12: 330 | L12: 330 | M12: 330 | N12: 330 | O12: 330 | P12: 330 | Q12: 330 | R12: 330 | S12: 330 | T12: 330 | U12: 330 | V12: 330 | W12: 330 | X12: 330 | Y12: 330 | Z12: 330 | AA12: 330 | AB12: 330 | AC12: 330 | AD12: 330 | AE12: 330 | AF12: 330 | AG12: 330 | AH12: 330 | AI12: 330 | AJ12: 330 | AK12: 330 | AL12: 330 | AM12: 330 | AN12: 330 | AO12: 330 | AP12: 330 | AQ12: 330 | AR12: 330 | AS12: 330 | AT12: 330 | AU12: 330 | AV12: 330 | AW12: 330 | AX12: 330 | AY12: 330 | AZ12: 330 | BA12: 330 | BB12: 330 | BC12: 330 | BD12: 330 | BE12: 330 | BF12: 330 | BG12: 330 | BH12: 330 | BI12: 330 | BJ12: 330 | BK12: 330 | BL12: 330 | BM12: 330 | BN12: 330 | BO12: 330 | BP12: 330 | BQ12: 330 | BR12: 330 | BS12: 330 | BT12: 330 | BU12: 330 | BV12: 330 | BW12: 330 | BX12: 330 | BY12: 330 | BZ12: 330 | CA12: 330 | CB12: 330 | CC12: 330 | CD12: 330 | CE12: 330 | CF12: 330 | CG12: 330 | CH12: 330 | CI12: 330 | CJ12: 330 | CK12: 330 | CL12: 330 | CM12: 330 | CN12: 330 | CO12: 330 | CP12: 330 | CQ12: 330 | CR12: 330 | CS12: 330
A13: 46246 | B13: 330 | C13: 330 | D13: 330 | E13: 330 | F13: 330 | G13: 330 | H13: 330 | I13: 330 | J13: 330 | K13: 330 | L13: 330 | M13: 330 | N13: 330 | O13: 330 | P13: 330 | Q13: 330 | R13: 330 | S13: 330 | T13: 330 | U13: 330 | V13: 330 | W13: 330 | X13: 330 | Y13: 330 | Z13: 330 | AA13: 330 | AB13: 330 | AC13: 330 | AD13: 330 | AE13: 330 | AF13: 330 | AG13: 330 | AH13: 330 | AI13: 330 | AJ13: 330 | AK13: 330 | AL13: 330 | AM13: 330 | AN13: 330 | AO13: 330 | AP13: 330 | AQ13: 330 | AR13: 330 | AS13: 330 | AT13: 330 | AU13: 330 | AV13: 330 | AW13: 330 | AX13: 330 | AY13: 330 | AZ13: 330 | BA13: 330 | BB13: 330 | BC13: 330 | BD13: 330 | BE13: 330 | BF13: 330 | BG13: 330 | BH13: 330 | BI13: 330 | BJ13: 330 | BK13: 330 | BL13: 330 | BM13: 330 | BN13: 330 | BO13: 330 | BP13: 330 | BQ13: 330 | BR13: 330 | BS13: 330 | BT13: 330 | BU13: 330 | BV13: 330 | BW13: 330 | BX13: 330 | BY13: 330 | BZ13: 330 | CA13: 330 | CB13: 330 | CC13: 330 | CD13: 330 | CE13: 330 | CF13: 330 | CG13: 330 | CH13: 330 | CI13: 330 | CJ13: 330 | CK13: 330 | CL13: 330 | CM13: 330 | CN13: 330 | CO13: 330 | CP13: 330 | CQ13: 330 | CR13: 330 | CS13: 330
... A32: 46265 | B32: 2730 | C32: 2730 | D32: 2730 | E32: 2730 | F32: 2730 | G32: 2730 | H32: 2730 | I32: 2730 | J32: 2730 | K32: 2730 | L32: 2730 | M32: 2730 | N32: 2730 | O32: 2730 | P32: 2730 | Q32: 2730 | R32: 2730 | S32: 2730 | T32: 2730 | U32: 2730 | V32: 2730 | W32: 2730 | X32: 2730 | Y32: 2730 | Z32: 2730 | AA32: 2730 | AB32: 2730 | AC32: 2730 | AD32: 2730 | AE32: 2730 | AF32: 2730 | AG32: 2730 | AH32: 2730 | AI32: 2730 | AJ32: 2730 | AK32: 2730 | AL32: 2730 | AM32: 2730 | AN32: 2730 | AO32: 2730 | AP32: 2730 | AQ32: 2730 | AR32: 2730 | AS32: 2730 | AT32: 2730 | AU32: 2730 | AV32: 2730 | AW32: 2730 | AX32: 2730 | AY32: 2730 | AZ32: 2730 | BA32: 2730 | BB32: 2730 | BC32: 2730 | BD32: 2730 | BE32: 2730 | BF32: 2730 | BG32: 2730 | BH32: 2730 | BI32: 2730 | BJ32: 2730 | BK32: 2730 | BL32: 2730 | BM32: 2730 | BN32: 2730 | BO32: 2730 | BP32: 2730 | BQ32: 2730 | BR32: 2730 | BS32: 2730 | BT32: 2730 | BU32: 2730 | BV32: 2730 | BW32: 2730 | BX32: 2730 | BY32: 2730 | BZ32: 2730 | CA32: 2730 | CB32: 2730 | CC32: 2730 | CD32: 2730 | CE32: 2730 | CF32: 2730 | CG32: 2730 | CH32: 2730 | CI32: 2730 | CJ32: 2730 | CK32: 2730 | CL32: 2730 | CM32: 2730 | CN32: 2730 | CO32: 2730 | CP32: 2730 | CQ32: 2730 | CR32: 2730 | CS32: 2730

Sheet 装机容量
A1: 日期 | B1: 0.010416667 | C1: 0.020833333 | D1: 0.03125 | E1: 0.041666667 | F1: 0.052083333 | G1: 0.0625 | H1: 0.072916667 | I1: 0.083333333 | J1: 0.09375 | K1: 0.10416667 | L1: 0.11458333 | M1: 0.125 | N1: 0.13541667 | O1: 0.14583333 | P1: 0.15625 | Q1: 0.16666667 | R1: 0.17708333 | S1: 0.1875 | T1: 0.19791667 | U1: 0.20833333 | V1: 0.21875 | W1: 0.22916667 | X1: 0.23958333 | Y1: 0.25 | Z1: 0.26041667 | AA1: 0.27083333 | AB1: 0.28125 | AC1: 0.29166667 | AD1: 0.30208333 | AE1: 0.3125 | AF1: 0.32291667 | AG1: 0.33333333 | AH1: 0.34375 | AI1: 0.35416667 | AJ1: 0.36458333 | AK1: 0.375 | AL1: 0.38541667 | AM1: 0.39583333 | AN1: 0.40625 | AO1: 0.41666667 | AP1: 0.42708333 | AQ1: 0.4375 | AR1: 0.44791667 | AS1: 0.45833333 | AT1: 0.46875 | AU1: 0.47916667 | AV1: 0.48958333 | AW1: 0.5 | AX1: 0.51041667 | AY1: 0.52083333 | AZ1: 0.53125 | BA1: 0.54166667 | BB1: 0.55208333 | BC1: 0.5625 | BD1: 0.57291667 | BE1: 0.58333333 | BF1: 0.59375 | BG1: 0.60416667 | BH1: 0.61458333 | BI1: 0.625 | BJ1: 0.63541667 | BK1: 0.64583333 | BL1: 0.65625 | BM1: 0.66666667 | BN1: 0.67708333 | BO1: 0.6875 | BP1: 0.69791667 | BQ1: 0.70833333 | BR1: 0.71875 | BS1: 0.72916667 | BT1: 0.73958333 | BU1: 0.75 | BV1: 0.76041667 | BW1: 0.77083333 | BX1: 0.78125 | BY1: 0.79166667 | BZ1: 0.80208333 | CA1: 0.8125 | CB1: 0.82291667 | CC1: 0.83333333 | CD1: 0.84375 | CE1: 0.85416667 | CF1: 0.86458333 | CG1: 0.875 | CH1: 0.88541667 | CI1: 0.89583333 | CJ1: 0.90625 | CK1: 0.91666667 | CL1: 0.92708333 | CM1: 0.9375 | CN1: 0.94791667 | CO1: 0.95833333 | CP1: 0.96875 | CQ1: 0.97916667 | CR1: 0.98958333 | CS1: 1
A2: 46235 | B2: 28215 | C2: 28215 | D2: 28215 | E2: 28215 | F2: 28215 | G2: 28215 | H2: 28215 | I2: 28215 | J2: 28215 | K2: 28215 | L2: 28215 | M2: 28215 | N2: 28215 | O2: 28215 | P2: 28215 | Q2: 28215 | R2: 28215 | S2: 28215 | T2: 28215 | U2: 28215 | V2: 28215 | W2: 28215 | X2: 28215 | Y2: 28215 | Z2: 28215 | AA2: 28215 | AB2: 28215 | AC2: 28215 | AD2: 28215 | AE2: 28215 | AF2: 28215 | AG2: 28215 | AH2: 28215 | AI2: 28215 | AJ2: 28215 | AK2: 28215 | AL2: 28215 | AM2: 28215 | AN2: 28215 | AO2: 28215 | AP2: 28215 | AQ2: 28215 | AR2: 28215 | AS2: 28215 | AT2: 28215 | AU2: 28215 | AV2: 28215 | AW2: 28215 | AX2: 28215 | AY2: 28215 | AZ2: 28215 | BA2: 28215 | BB2: 28215 | BC2: 28215 | BD2: 28215 | BE2: 28215 | BF2: 28215 | BG2: 28215 | BH2: 28215 | BI2: 28215 | BJ2: 28215 | BK2: 28215 | BL2: 28215 | BM2: 28215 | BN2: 28215 | BO2: 28215 | BP2: 28215 | BQ2: 28215 | BR2: 28215 | BS2: 28215 | BT2: 28215 | BU2: 28215 | BV2: 28215 | BW2: 28215 | BX2: 28215 | BY2: 28215 | BZ2: 28215 | CA2: 28215 | CB2: 28215 | CC2: 28215 | CD2: 28215 | CE2: 28215 | CF2: 28215 | CG2: 28215 | CH2: 28215 | CI2: 28215 | CJ2: 28215 | CK2: 28215 | CL2: 28215 | CM2: 28215 | CN2: 28215 | CO2: 28215 | CP2: 28215 | CQ2: 28215 | CR2: 28215 | CS2: 28215
A3: 46236 | B3: 28215 | C3: 28215 | D3: 28215 | E3: 28215 | F3: 28215 | G3: 28215 | H3: 28215 | I3: 28215 | J3: 28215 | K3: 28215 | L3: 28215 | M3: 28215 | N3: 28215 | O3: 28215 | P3: 28215 | Q3: 28215 | R3: 28215 | S3: 28215 | T3: 28215 | U3: 28215 | V3: 28215 | W3: 28215 | X3: 28215 | Y3: 28215 | Z3: 28215 | AA3: 28215 | AB3: 28215 | AC3: 28215 | AD3: 28215 | AE3: 28215 | AF3: 28215 | AG3: 28215 | AH3: 28215 | AI3: 28215 | AJ3: 28215 | AK3: 28215 | AL3: 28215 | AM3: 28215 | AN3: 28215 | AO3: 28215 | AP3: 28215 | AQ3: 28215 | AR3: 28215 | AS3: 28215 | AT3: 28215 | AU3: 28215 | AV3: 28215 | AW3: 28215 | AX3: 28215 | AY3: 28215 | AZ3: 28215 | BA3: 28215 | BB3: 28215 | BC3: 28215 | BD3: 28215 | BE3: 28215 | BF3: 28215 | BG3: 28215 | BH3: 28215 | BI3: 28215 | BJ3: 28215 | BK3: 28215 | BL3: 28215 | BM3: 28215 | BN3: 28215 | BO3: 28215 | BP3: 28215 | BQ3: 28215 | BR3: 28215 | BS3: 28215 | BT3: 28215 | BU3: 28215 | BV3: 28215 | BW3: 28215 | BX3: 28215 | BY3: 28215 | BZ3: 28215 | CA3: 28215 | CB3: 28215 | CC3: 28215 | CD3: 28215 | CE3: 28215 | CF3: 28215 | CG3: 28215 | CH3: 28215 | CI3: 28215 | CJ3: 28215 | CK3: 28215 | CL3: 28215 | CM3: 28215 | CN3: 28215 | CO3: 28215 | CP3: 28215 | CQ3: 28215 | CR3: 28215 | CS3: 28215
A4: 46237 | B4: 28215 | C4: 28215 | D4: 28215 | E4: 28215 | F4: 28215 | G4: 28215 | H4: 28215 | I4: 28215 | J4: 28215 | K4: 28215 | L4: 28215 | M4: 28215 | N4: 28215 | O4: 28215 | P4: 28215 | Q4: 28215 | R4: 28215 | S4: 28215 | T4: 28215 | U4: 28215 | V4: 28215 | W4: 28215 | X4: 28215 | Y4: 28215 | Z4: 28215 | AA4: 28215 | AB4: 28215 | AC4: 28215 | AD4: 28215 | AE4: 28215 | AF4: 28215 | AG4: 28215 | AH4: 28215 | AI4: 28215 | AJ4: 28215 | AK4: 28215 | AL4: 28215 | AM4: 28215 | AN4: 28215 | AO4: 28215 | AP4: 28215 | AQ4: 28215 | AR4: 28215 | AS4: 28215 | AT4: 28215 | AU4: 28215 | AV4: 28215 | AW4: 28215 | AX4: 28215 | AY4: 28215 | AZ4: 28215 | BA4: 28215 | BB4: 28215 | BC4: 28215 | BD4: 28215 | BE4: 28215 | BF4: 28215 | BG4: 28215 | BH4: 28215 | BI4: 28215 | BJ4: 28215 | BK4: 28215 | BL4: 28215 | BM4: 28215 | BN4: 28215 | BO4: 28215 | BP4: 28215 | BQ4: 28215 | BR4: 28215 | BS4: 28215 | BT4: 28215 | BU4: 28215 | BV4: 28215 | BW4: 28215 | BX4: 28215 | BY4: 28215 | BZ4: 28215 | CA4: 28215 | CB4: 28215 | CC4: 28215 | CD4: 28215 | CE4: 28215 | CF4: 28215 | CG4: 28215 | CH4: 28215 | CI4: 28215 | CJ4: 28215 | CK4: 28215 | CL4: 28215 | CM4: 28215 | CN4: 28215 | CO4: 28215 | CP4: 28215 | CQ4: 28215 | CR4: 28215 | CS4: 28215
A5: 46238 | B5: 28215 | C5: 28215 | D5: 28215 | E5: 28215 | F5: 28215 | G5: 28215 | H5: 28215 | I5: 28215 | J5: 28215 | K5: 28215 | L5: 28215 | M5: 28215 | N5: 28215 | O5: 28215 | P5: 28215 | Q5: 28215 | R5: 28215 | S5: 28215 | T5: 28215 | U5: 28215 | V5: 28215 | W5: 28215 | X5: 28215 | Y5: 28215 | Z5: 28215 | AA5: 28215 | AB5: 28215 | AC5: 28215 | AD5: 28215 | AE5: 28215 | AF5: 28215 | AG5: 28215 | AH5: 28215 | AI5: 28215 | AJ5: 28215 | AK5: 28215 | AL5: 28215 | AM5: 28215 | AN5: 28215 | AO5: 28215 | AP5: 28215 | AQ5: 28215 | AR5: 28215 | AS5: 28215 | AT5: 28215 | AU5: 28215 | AV5: 28215 | AW5: 28215 | AX5: 28215 | AY5: 28215 | AZ5: 28215 | BA5: 28215 | BB5: 28215 | BC5: 28215 | BD5: 28215 | BE5: 28215 | BF5: 28215 | BG5: 28215 | BH5: 28215 | BI5: 28215 | BJ5: 28215 | BK5: 28215 | BL5: 28215 | BM5: 28215 | BN5: 28215 | BO5: 28215 | BP5: 28215 | BQ5: 28215 | BR5: 28215 | BS5: 28215 | BT5: 28215 | BU5: 28215 | BV5: 28215 | BW5: 28215 | BX5: 28215 | BY5: 28215 | BZ5: 28215 | CA5: 28215 | CB5: 28215 | CC5: 28215 | CD5: 28215 | CE5: 28215 | CF5: 28215 | CG5: 28215 | CH5: 28215 | CI5: 28215 | CJ5: 28215 | CK5: 28215 | CL5: 28215 | CM5: 28215 | CN5: 28215 | CO5: 28215 | CP5: 28215 | CQ5: 28215 | CR5: 28215 | CS5: 28215
A6: 46239 | B6: 28215 | C6: 28215 | D6: 28215 | E6: 28215 | F6: 28215 | G6: 28215 | H6: 28215 | I6: 28215 | J6: 28215 | K6: 28215 | L6: 28215 | M6: 28215 | N6: 28215 | O6: 28215 | P6: 28215 | Q6: 28215 | R6: 28215 | S6: 28215 | T6: 28215 | U6: 28215 | V6: 28215 | W6: 28215 | X6: 28215 | Y6: 28215 | Z6: 28215 | AA6: 28215 | AB6: 28215 | AC6: 28215 | AD6: 28215 | AE6: 28215 | AF6: 28215 | AG6: 28215 | AH6: 28215 | AI6: 28215 | AJ6: 28215 | AK6: 28215 | AL6: 28215 | AM6: 28215 | AN6: 28215 | AO6: 28215 | AP6: 28215 | AQ6: 28215 | AR6: 28215 | AS6: 28215 | AT6: 28215 | AU6: 28215 | AV6: 28215 | AW6: 28215 | AX6: 28215 | AY6: 28215 | AZ6: 28215 | BA6: 28215 | BB6: 28215 | BC6: 28215 | BD6: 28215 | BE6: 28215 | BF6: 28215 | BG6: 28215 | BH6: 28215 | BI6: 28215 | BJ6: 28215 | BK6: 28215 | BL6: 28215 | BM6: 28215 | BN6: 28215 | BO6: 28215 | BP6: 28215 | BQ6: 28215 | BR6: 28215 | BS6: 28215 | BT6: 28215 | BU6: 28215 | BV6: 28215 | BW6: 28215 | BX6: 28215 | BY6: 28215 | BZ6: 28215 | CA6: 28215 | CB6: 28215 | CC6: 28215 | CD6: 28215 | CE6: 28215 | CF6: 28215 | CG6: 28215 | CH6: 28215 | CI6: 28215 | CJ6: 28215 | CK6: 28215 | CL6: 28215 | CM6: 28215 | CN6: 28215 | CO6: 28215 | CP6: 28215 | CQ6: 28215 | CR6: 28215 | CS6: 28215
A7: 46240 | B7: 28215 | C7: 28215 | D7: 28215 | E7: 28215 | F7: 28215 | G7: 28215 | H7: 28215 | I7: 28215 | J7: 28215 | K7: 28215 | L7: 28215 | M7: 28215 | N7: 28215 | O7: 28215 | P7: 28215 | Q7: 28215 | R7: 28215 | S7: 28215 | T7: 28215 | U7: 28215 | V7: 28215 | W7: 28215 | X7: 28215 | Y7: 28215 | Z7: 28215 | AA7: 28215 | AB7: 28215 | AC7: 28215 | AD7: 28215 | AE7: 28215 | AF7: 28215 | AG7: 28215 | AH7: 28215 | AI7: 28215 | AJ7: 28215 | AK7: 28215 | AL7: 28215 | AM7: 28215 | AN7: 28215 | AO7: 28215 | AP7: 28215 | AQ7: 28215 | AR7: 28215 | AS7: 28215 | AT7: 28215 | AU7: 28215 | AV7: 28215 | AW7: 28215 | AX7: 28215 | AY7: 28215 | AZ7: 28215 | BA7: 28215 | BB7: 28215 | BC7: 28215 | BD7: 28215 | BE7: 28215 | BF7: 28215 | BG7: 28215 | BH7: 28215 | BI7: 28215 | BJ7: 28215 | BK7: 28215 | BL7: 28215 | BM7: 28215 | BN7: 28215 | BO7: 28215 | BP7: 28215 | BQ7: 28215 | BR7: 28215 | BS7: 28215 | BT7: 28215 | BU7: 28215 | BV7: 28215 | BW7: 28215 | BX7: 28215 | BY7: 28215 | BZ7: 28215 | CA7: 28215 | CB7: 28215 | CC7: 28215 | CD7: 28215 | CE7: 28215 | CF7: 28215 | CG7: 28215 | CH7: 28215 | CI7: 28215 | CJ7: 28215 | CK7: 28215 | CL7: 28215 | CM7: 28215 | CN7: 28215 | CO7: 28215 | CP7: 28215 | CQ7: 28215 | CR7: 28215 | CS7: 28215
A8: 46241 | B8: 28215 | C8: 28215 | D8: 28215 | E8: 28215 | F8: 28215 | G8: 28215 | H8: 28215 | I8: 28215 | J8: 28215 | K8: 28215 | L8: 28215 | M8: 28215 | N8: 28215 | O8: 28215 | P8: 28215 | Q8: 28215 | R8: 28215 | S8: 28215 | T8: 28215 | U8: 28215 | V8: 28215 | W8: 28215 | X8: 28215 | Y8: 28215 | Z8: 28215 | AA8: 28215 | AB8: 28215 | AC8: 28215 | AD8: 28215 | AE8: 28215 | AF8: 28215 | AG8: 28215 | AH8: 28215 | AI8: 28215 | AJ8: 28215 | AK8: 28215 | AL8: 28215 | AM8: 28215 | AN8: 28215 | AO8: 28215 | AP8: 28215 | AQ8: 28215 | AR8: 28215 | AS8: 28215 | AT8: 28215 | AU8: 28215 | AV8: 28215 | AW8: 28215 | AX8: 28215 | AY8: 28215 | AZ8: 28215 | BA8: 28215 | BB8: 28215 | BC8: 28215 | BD8: 28215 | BE8: 28215 | BF8: 28215 | BG8: 28215 | BH8: 28215 | BI8: 28215 | BJ8: 28215 | BK8: 28215 | BL8: 28215 | BM8: 28215 | BN8: 28215 | BO8: 28215 | BP8: 28215 | BQ8: 28215 | BR8: 28215 | BS8: 28215 | BT8: 28215 | BU8: 28215 | BV8: 28215 | BW8: 28215 | BX8: 28215 | BY8: 28215 | BZ8: 28215 | CA8: 28215 | CB8: 28215 | CC8: 28215 | CD8: 28215 | CE8: 28215 | CF8: 28215 | CG8: 28215 | CH8: 28215 | CI8: 28215 | CJ8: 28215 | CK8: 28215 | CL8: 28215 | CM8: 28215 | CN8: 28215 | CO8: 28215 | CP8: 28215 | CQ8: 28215 | CR8: 28215 | CS8: 28215
A9: 46242 | B9: 28215 | C9: 28215 | D9: 28215 | E9: 28215 | F9: 28215 | G9: 28215 | H9: 28215 | I9: 28215 | J9: 28215 | K9: 28215 | L9: 28215 | M9: 28215 | N9: 28215 | O9: 28215 | P9: 28215 | Q9: 28215 | R9: 28215 | S9: 28215 | T9: 28215 | U9: 28215 | V9: 28215 | W9: 28215 | X9: 28215 | Y9: 28215 | Z9: 28215 | AA9: 28215 | AB9: 28215 | AC9: 28215 | AD9: 28215 | AE9: 28215 | AF9: 28215 | AG9: 28215 | AH9: 28215 | AI9: 28215 | AJ9: 28215 | AK9: 28215 | AL9: 28215 | AM9: 28215 | AN9: 28215 | AO9: 28215 | AP9: 28215 | AQ9: 28215 | AR9: 28215 | AS9: 28215 | AT9: 28215 | AU9: 28215 | AV9: 28215 | AW9: 28215 | AX9: 28215 | AY9: 28215 | AZ9: 28215 | BA9: 28215 | BB9: 28215 | BC9: 28215 | BD9: 28215 | BE9: 28215 | BF9: 28215 | BG9: 28215 | BH9: 28215 | BI9: 28215 | BJ9: 28215 | BK9: 28215 | BL9: 28215 | BM9: 28215 | BN9: 28215 | BO9: 28215 | BP9: 28215 | BQ9: 28215 | BR9: 28215 | BS9: 28215 | BT9: 28215 | BU9: 28215 | BV9: 28215 | BW9: 28215 | BX9: 28215 | BY9: 28215 | BZ9: 28215 | CA9: 28215 | CB9: 28215 | CC9: 28215 | CD9: 28215 | CE9: 28215 | CF9: 28215 | CG9: 28215 | CH9: 28215 | CI9: 28215 | CJ9: 28215 | CK9: 28215 | CL9: 28215 | CM9: 28215 | CN9: 28215 | CO9: 28215 | CP9: 28215 | CQ9: 28215 | CR9: 28215 | CS9: 28215
A10: 46243 | B10: 28215 | C10: 28215 | D10: 28215 | E10: 28215 | F10: 28215 | G10: 28215 | H10: 28215 | I10: 28215 | J10: 28215 | K10: 28215 | L10: 28215 | M10: 28215 | N10: 28215 | O10: 28215 | P10: 28215 | Q10: 28215 | R10: 28215 | S10: 28215 | T10: 28215 | U10: 28215 | V10: 28215 | W10: 28215 | X10: 28215 | Y10: 28215 | Z10: 28215 | AA10: 28215 | AB10: 28215 | AC10: 28215 | AD10: 28215 | AE10: 28215 | AF10: 28215 | AG10: 28215 | AH10: 28215 | AI10: 28215 | AJ10: 28215 | AK10: 28215 | AL10: 28215 | AM10: 28215 | AN10: 28215 | AO10: 28215 | AP10: 28215 | AQ10: 28215 | AR10: 28215 | AS10: 28215 | AT10: 28215 | AU10: 28215 | AV10: 28215 | AW10: 28215 | AX10: 28215 | AY10: 28215 | AZ10: 28215 | BA10: 28215 | BB10: 28215 | BC10: 28215 | BD10: 28215 | BE10: 28215 | BF10: 28215 | BG10: 28215 | BH10: 28215 | BI10: 28215 | BJ10: 28215 | BK10: 28215 | BL10: 28215 | BM10: 28215 | BN10: 28215 | BO10: 28215 | BP10: 28215 | BQ10: 28215 | BR10: 28215 | BS10: 28215 | BT10: 28215 | BU10: 28215 | BV10: 28215 | BW10: 28215 | BX10: 28215 | BY10: 28215 | BZ10: 28215 | CA10: 28215 | CB10: 28215 | CC10: 28215 | CD10: 28215 | CE10: 28215 | CF10: 28215 | CG10: 28215 | CH10: 28215 | CI10: 28215 | CJ10: 28215 | CK10: 28215 | CL10: 28215 | CM10: 28215 | CN10: 28215 | CO10: 28215 | CP10: 28215 | CQ10: 28215 | CR10: 28215 | CS10: 28215
A11: 46244 | B11: 28215 | C11: 28215 | D11: 28215 | E11: 28215 | F11: 28215 | G11: 28215 | H11: 28215 | I11: 28215 | J11: 28215 | K11: 28215 | L11: 28215 | M11: 28215 | N11: 28215 | O11: 28215 | P11: 28215 | Q11: 28215 | R11: 28215 | S11: 28215 | T11: 28215 | U11: 28215 | V11: 28215 | W11: 28215 | X11: 28215 | Y11: 28215 | Z11: 28215 | AA11: 28215 | AB11: 28215 | AC11: 28215 | AD11: 28215 | AE11: 28215 | AF11: 28215 | AG11: 28215 | AH11: 28215 | AI11: 28215 | AJ11: 28215 | AK11: 28215 | AL11: 28215 | AM11: 28215 | AN11: 28215 | AO11: 28215 | AP11: 28215 | AQ11: 28215 | AR11: 28215 | AS11: 28215 | AT11: 28215 | AU11: 28215 | AV11: 28215 | AW11: 28215 | AX11: 28215 | AY11: 28215 | AZ11: 28215 | BA11: 28215 | BB11: 28215 | BC11: 28215 | BD11: 28215 | BE11: 28215 | BF11: 28215 | BG11: 28215 | BH11: 28215 | BI11: 28215 | BJ11: 28215 | BK11: 28215 | BL11: 28215 | BM11: 28215 | BN11: 28215 | BO11: 28215 | BP11: 28215 | BQ11: 28215 | BR11: 28215 | BS11: 28215 | BT11: 28215 | BU11: 28215 | BV11: 28215 | BW11: 28215 | BX11: 28215 | BY11: 28215 | BZ11: 28215 | CA11: 28215 | CB11: 28215 | CC11: 28215 | CD11: 28215 | CE11: 28215 | CF11: 28215 | CG11: 28215 | CH11: 28215 | CI11: 28215 | CJ11: 28215 | CK11: 28215 | CL11: 28215 | CM11: 28215 | CN11: 28215 | CO11: 28215 | CP11: 28215 | CQ11: 28215 | CR11: 28215 | CS11: 28215
A12: 46245 | B12: 28215 | C12: 28215 | D12: 28215 | E12: 28215 | F12: 28215 | G12: 28215 | H12: 28215 | I12: 28215 | J12: 28215 | K12: 28215 | L12: 28215 | M12: 28215 | N12: 28215 | O12: 28215 | P12: 28215 | Q12: 28215 | R12: 28215 | S12: 28215 | T12: 28215 | U12: 28215 | V12: 28215 | W12: 28215 | X12: 28215 | Y12: 28215 | Z12: 28215 | AA12: 28215 | AB12: 28215 | AC12: 28215 | AD12: 28215 | AE12: 28215 | AF12: 28215 | AG12: 28215 | AH12: 28215 | AI12: 28215 | AJ12: 28215 | AK12: 28215 | AL12: 28215 | AM12: 28215 | AN12: 28215 | AO12: 28215 | AP12: 28215 | AQ12: 28215 | AR12: 28215 | AS12: 28215 | AT12: 28215 | AU12: 28215 | AV12: 28215 | AW12: 28215 | AX12: 28215 | AY12: 28215 | AZ12: 28215 | BA12: 28215 | BB12: 28215 | BC12: 28215 | BD12: 28215 | BE12: 28215 | BF12: 28215 | BG12: 28215 | BH12: 28215 | BI12: 28215 | BJ12: 28215 | BK12: 28215 | BL12: 28215 | BM12: 28215 | BN12: 28215 | BO12: 28215 | BP12: 28215 | BQ12: 28215 | BR12: 28215 | BS12: 28215 | BT12: 28215 | BU12: 28215 | BV12: 28215 | BW12: 28215 | BX12: 28215 | BY12: 28215 | BZ12: 28215 | CA12: 28215 | CB12: 28215 | CC12: 28215 | CD12: 28215 | CE12: 28215 | CF12: 28215 | CG12: 28215 | CH12: 28215 | CI12: 28215 | CJ12: 28215 | CK12: 28215 | CL12: 28215 | CM12: 28215 | CN12: 28215 | CO12: 28215 | CP12: 28215 | CQ12: 28215 | CR12: 28215 | CS12: 28215
A13: 46246 | B13: 28215 | C13: 28215 | D13: 28215 | E13: 28215 | F13: 28215 | G13: 28215 | H13: 28215 | I13: 28215 | J13: 28215 | K13: 28215 | L13: 28215 | M13: 28215 | N13: 28215 | O13: 28215 | P13: 28215 | Q13: 28215 | R13: 28215 | S13: 28215 | T13: 28215 | U13: 28215 | V13: 28215 | W13: 28215 | X13: 28215 | Y13: 28215 | Z13: 28215 | AA13: 28215 | AB13: 28215 | AC13: 28215 | AD13: 28215 | AE13: 28215 | AF13: 28215 | AG13: 28215 | AH13: 28215 | AI13: 28215 | AJ13: 28215 | AK13: 28215 | AL13: 28215 | AM13: 28215 | AN13: 28215 | AO13: 28215 | AP13: 28215 | AQ13: 28215 | AR13: 28215 | AS13: 28215 | AT13: 28215 | AU13: 28215 | AV13: 28215 | AW13: 28215 | AX13: 28215 | AY13: 28215 | AZ13: 28215 | BA13: 28215 | BB13: 28215 | BC13: 28215 | BD13: 28215 | BE13: 28215 | BF13: 28215 | BG13: 28215 | BH13: 28215 | BI13: 28215 | BJ13: 28215 | BK13: 28215 | BL13: 28215 | BM13: 28215 | BN13: 28215 | BO13: 28215 | BP13: 28215 | BQ13: 28215 | BR13: 28215 | BS13: 28215 | BT13: 28215 | BU13: 28215 | BV13: 28215 | BW13: 28215 | BX13: 28215 | BY13: 28215 | BZ13: 28215 | CA13: 28215 | CB13: 28215 | CC13: 28215 | CD13: 28215 | CE13: 28215 | CF13: 28215 | CG13: 28215 | CH13: 28215 | CI13: 28215 | CJ13: 28215 | CK13: 28215 | CL13: 28215 | CM13: 28215 | CN13: 28215 | CO13: 28215 | CP13: 28215 | CQ13: 28215 | CR13: 28215 | CS13: 28215
... A32: 46265 | B32: 28215 | C32: 28215 | D32: 28215 | E32: 28215 | F32: 28215 | G32: 28215 | H32: 28215 | I32: 28215 | J32: 28215 | K32: 28215 | L32: 28215 | M32: 28215 | N32: 28215 | O32: 28215 | P32: 28215 | Q32: 28215 | R32: 28215 | S32: 28215 | T32: 28215 | U32: 28215 | V32: 28215 | W32: 28215 | X32: 28215 | Y32: 28215 | Z32: 28215 | AA32: 28215 | AB32: 28215 | AC32: 28215 | AD32: 28215 | AE32: 28215 | AF32: 28215 | AG32: 28215 | AH32: 28215 | AI32: 28215 | AJ32: 28215 | AK32: 28215 | AL32: 28215 | AM32: 28215 | AN32: 28215 | AO32: 28215 | AP32: 28215 | AQ32: 28215 | AR32: 28215 | AS32: 28215 | AT32: 28215 | AU32: 28215 | AV32: 28215 | AW32: 28215 | AX32: 28215 | AY32: 28215 | AZ32: 28215 | BA32: 28215 | BB32: 28215 | BC32: 28215 | BD32: 28215 | BE32: 28215 | BF32: 28215 | BG32: 28215 | BH32: 28215 | BI32: 28215 | BJ32: 28215 | BK32: 28215 | BL32: 28215 | BM32: 28215 | BN32: 28215 | BO32: 28215 | BP32: 28215 | BQ32: 28215 | BR32: 28215 | BS32: 28215 | BT32: 28215 | BU32: 28215 | BV32: 28215 | BW32: 28215 | BX32: 28215 | BY32: 28215 | BZ32: 28215 | CA32: 28215 | CB32: 28215 | CC32: 28215 | CD32: 28215 | CE32: 28215 | CF32: 28215 | CG32: 28215 | CH32: 28215 | CI32: 28215 | CJ32: 28215 | CK32: 28215 | CL32: 28215 | CM32: 28215 | CN32: 28215 | CO32: 28215 | CP32: 28215 | CQ32: 28215 | CR32: 28215 | CS32: 28215

Sheet 火电空间
A1: 日期 | B1: 0.010416667 | C1: 0.020833333 | D1: 0.03125 | E1: 0.041666667 | F1: 0.052083333 | G1: 0.0625 | H1: 0.072916667 | I1: 0.083333333 | J1: 0.09375 | K1: 0.10416667 | L1: 0.11458333 | M1: 0.125 | N1: 0.13541667 | O1: 0.14583333 | P1: 0.15625 | Q1: 0.16666667 | R1: 0.17708333 | S1: 0.1875 | T1: 0.19791667 | U1: 0.20833333 | V1: 0.21875 | W1: 0.22916667 | X1: 0.23958333 | Y1: 0.25 | Z1: 0.26041667 | AA1: 0.27083333 | AB1: 0.28125 | AC1: 0.29166667 | AD1: 0.30208333 | AE1: 0.3125 | AF1: 0.32291667 | AG1: 0.33333333 | AH1: 0.34375 | AI1: 0.35416667 | AJ1: 0.36458333 | AK1: 0.375 | AL1: 0.38541667 | AM1: 0.39583333 | AN1: 0.40625 | AO1: 0.41666667 | AP1: 0.42708333 | AQ1: 0.4375 | AR1: 0.44791667 | AS1: 0.45833333 | AT1: 0.46875 | AU1: 0.47916667 | AV1: 0.48958333 | AW1: 0.5 | AX1: 0.51041667 | AY1: 0.52083333 | AZ1: 0.53125 | BA1: 0.54166667 | BB1: 0.55208333 | BC1: 0.5625 | BD1: 0.57291667 | BE1: 0.58333333 | BF1: 0.59375 | BG1: 0.60416667 | BH1: 0.61458333 | BI1: 0.625 | BJ1: 0.63541667 | BK1: 0.64583333 | BL1: 0.65625 | BM1: 0.66666667 | BN1: 0.67708333 | BO1: 0.6875 | BP1: 0.69791667 | BQ1: 0.70833333 | BR1: 0.71875 | BS1: 0.72916667 | BT1: 0.73958333 | BU1: 0.75 | BV1: 0.76041667 | BW1: 0.77083333 | BX1: 0.78125 | BY1: 0.79166667 | BZ1: 0.80208333 | CA1: 0.8125 | CB1: 0.82291667 | CC1: 0.83333333 | CD1: 0.84375 | CE1: 0.85416667 | CF1: 0.86458333 | CG1: 0.875 | CH1: 0.88541667 | CI1: 0.89583333 | CJ1: 0.90625 | CK1: 0.91666667 | CL1: 0.92708333 | CM1: 0.9375 | CN1: 0.94791667 | CO1: 0.95833333 | CP1: 0.96875 | CQ1: 0.97916667 | CR1: 0.98958333 | CS1: 1
A2: 46235 | B2: =负荷!B2-水电!B2-核电!B2-地方燃煤!B2-风电!B2-光伏!B2-联络线!B2-非市场化!B2 -> 5853.04 | C2: =负荷!C2-水电!C2-核电!C2-地方燃煤!C2-风电!C2-光伏!C2-联络线!C2-非市场化!C2 -> 5731.12 | D2: =负荷!D2-水电!D2-核电!D2-地方燃煤!D2-风电!D2-光伏!D2-联络线!D2-非市场化!D2 -> 5991.46 | E2: =负荷!E2-水电!E2-核电!E2-地方燃煤!E2-风电!E2-光伏!E2-联络线!E2-非市场化!E2 -> 6095.1 | F2: =负荷!F2-水电!F2-核电!F2-地方燃煤!F2-风电!F2-光伏!F2-联络线!F2-非市场化!F2 -> 6180.52 | G2: =负荷!G2-水电!G2-核电!G2-地方燃煤!G2-风电!G2-光伏!G2-联络线!G2-非市场化!G2 -> 5947.41 | H2: =负荷!H2-水电!H2-核电!H2-地方燃煤!H2-风电!H2-光伏!H2-联络线!H2-非市场化!H2 -> 5774.57 | I2: =负荷!I2-水电!I2-核电!I2-地方燃煤!I2-风电!I2-光伏!I2-联络线!I2-非市场化!I2 -> 5699.61 | ... CS2: =负荷!CS2-水电!CS2-核电!CS2-地方燃煤!CS2-风电!CS2-光伏!CS2-联络线!CS2-非市场化!CS2 -> 15382.03
A3: 46236 | B3: =负荷!B3-水电!B3-核电!B3-地方燃煤!B3-风电!B3-光伏!B3-联络线!B3-非市场化!B3 -> 15713.22 | C3: =负荷!C3-水电!C3-核电!C3-地方燃煤!C3-风电!C3-光伏!C3-联络线!C3-非市场化!C3 -> 15611.3 | D3: =负荷!D3-水电!D3-核电!D3-地方燃煤!D3-风电!D3-光伏!D3-联络线!D3-非市场化!D3 -> 15690.94 | E3: =负荷!E3-水电!E3-核电!E3-地方燃煤!E3-风电!E3-光伏!E3-联络线!E3-非市场化!E3 -> 15926 | F3: =负荷!F3-水电!F3-核电!F3-地方燃煤!F3-风电!F3-光伏!F3-联络线!F3-非市场化!F3 -> 16096.58 | G3: =负荷!G3-水电!G3-核电!G3-地方燃煤!G3-风电!G3-光伏!G3-联络线!G3-非市场化!G3 -> 16338.54 | H3: =负荷!H3-水电!H3-核电!H3-地方燃煤!H3-风电!H3-光伏!H3-联络线!H3-非市场化!H3 -> 16177.18 | I3: =负荷!I3-水电!I3-核电!I3-地方燃煤!I3-风电!I3-光伏!I3-联络线!I3-非市场化!I3 -> 16002.1 | ... CS3: =负荷!CS3-水电!CS3-核电!CS3-地方燃煤!CS3-风电!CS3-光伏!CS3-联络线!CS3-非市场化!CS3 -> 14078.28
A4: 46237 | B4: =负荷!B4-水电!B4-核电!B4-地方燃煤!B4-风电!B4-光伏!B4-联络线!B4-非市场化!B4 -> 14446.18 | C4: =负荷!C4-水电!C4-核电!C4-地方燃煤!C4-风电!C4-光伏!C4-联络线!C4-非市场化!C4 -> 14321.31 | D4: =负荷!D4-水电!D4-核电!D4-地方燃煤!D4-风电!D4-光伏!D4-联络线!D4-非市场化!D4 -> 14402.58 | E4: =负荷!E4-水电!E4-核电!E4-地方燃煤!E4-风电!E4-光伏!E4-联络线!E4-非市场化!E4 -> 14267.11 | F4: =负荷!F4-水电!F4-核电!F4-地方燃煤!F4-风电!F4-光伏!F4-联络线!F4-非市场化!F4 -> 14211.52 | G4: =负荷!G4-水电!G4-核电!G4-地方燃煤!G4-风电!G4-光伏!G4-联络线!G4-非市场化!G4 -> 14096.74 | H4: =负荷!H4-水电!H4-核电!H4-地方燃煤!H4-风电!H4-光伏!H4-联络线!H4-非市场化!H4 -> 13827.91 | I4: =负荷!I4-水电!I4-核电!I4-地方燃煤!I4-风电!I4-光伏!I4-联络线!I4-非市场化!I4 -> 13576.92 | ... CS4: =负荷!CS4-水电!CS4-核电!CS4-地方燃煤!CS4-风电!CS4-光伏!CS4-联络线!CS4-非市场化!CS4 -> 10866.94
A5: 46238 | B5: =负荷!B5-水电!B5-核电!B5-地方燃煤!B5-风电!B5-光伏!B5-联络线!B5-非市场化!B5 -> 11247.55 | C5: =负荷!C5-水电!C5-核电!C5-地方燃煤!C5-风电!C5-光伏!C5-联络线!C5-非市场化!C5 -> 11101.24 | D5: =负荷!D5-水电!D5-核电!D5-地方燃煤!D5-风电!D5-光伏!D5-联络线!D5-非市场化!D5 -> 10975.64 | E5: =负荷!E5-水电!E5-核电!E5-地方燃煤!E5-风电!E5-光伏!E5-联络线!E5-非市场化!E5 -> 10737.1 | F5: =负荷!F5-水电!F5-核电!F5-地方燃煤!F5-风电!F5-光伏!F5-联络线!F5-非市场化!F5 -> 11192.64 | G5: =负荷!G5-水电!G5-核电!G5-地方燃煤!G5-风电!G5-光伏!G5-联络线!G5-非市场化!G5 -> 11406.19 | H5: =负荷!H5-水电!H5-核电!H5-地方燃煤!H5-风电!H5-光伏!H5-联络线!H5-非市场化!H5 -> 11525.43 | I5: =负荷!I5-水电!I5-核电!I5-地方燃煤!I5-风电!I5-光伏!I5-联络线!I5-非市场化!I5 -> 11493.17 | ... CS5: =负荷!CS5-水电!CS5-核电!CS5-地方燃煤!CS5-风电!CS5-光伏!CS5-联络线!CS5-非市场化!CS5 -> 15678.87
A6: 46239 | B6: =负荷!B6-水电!B6-核电!B6-地方燃煤!B6-风电!B6-光伏!B6-联络线!B6-非市场化!B6 -> 14626.89 | C6: =负荷!C6-水电!C6-核电!C6-地方燃煤!C6-风电!C6-光伏!C6-联络线!C6-非市场化!C6 -> 14683.38 | D6: =负荷!D6-水电!D6-核电!D6-地方燃煤!D6-风电!D6-光伏!D6-联络线!D6-非市场化!D6 -> 14943.03 | E6: =负荷!E6-水电!E6-核电!E6-地方燃煤!E6-风电!E6-光伏!E6-联络线!E6-非市场化!E6 -> 14913.43 | F6: =负荷!F6-水电!F6-核电!F6-地方燃煤!F6-风电!F6-光伏!F6-联络线!F6-非市场化!F6 -> 15576.64 | G6: =负荷!G6-水电!G6-核电!G6-地方燃煤!G6-风电!G6-光伏!G6-联络线!G6-非市场化!G6 -> 15544.35 | H6: =负荷!H6-水电!H6-核电!H6-地方燃煤!H6-风电!H6-光伏!H6-联络线!H6-非市场化!H6 -> 15620.16 | I6: =负荷!I6-水电!I6-核电!I6-地方燃煤!I6-风电!I6-光伏!I6-联络线!I6-非市场化!I6 -> 15535.15 | ... CS6: =负荷!CS6-水电!CS6-核电!CS6-地方燃煤!CS6-风电!CS6-光伏!CS6-联络线!CS6-非市场化!CS6 -> 20573.01
A7: 46240 | B7: =负荷!B7-水电!B7-核电!B7-地方燃煤!B7-风电!B7-光伏!B7-联络线!B7-非市场化!B7 -> 19313.77 | C7: =负荷!C7-水电!C7-核电!C7-地方燃煤!C7-风电!C7-光伏!C7-联络线!C7-非市场化!C7 -> 19372.76 | D7: =负荷!D7-水电!D7-核电!D7-地方燃煤!D7-风电!D7-光伏!D7-联络线!D7-非市场化!D7 -> 19507.51 | E7: =负荷!E7-水电!E7-核电!E7-地方燃煤!E7-风电!E7-光伏!E7-联络线!E7-非市场化!E7 -> 19604.62 | F7: =负荷!F7-水电!F7-核电!F7-地方燃煤!F7-风电!F7-光伏!F7-联络线!F7-非市场化!F7 -> 19853.42 | G7: =负荷!G7-水电!G7-核电!G7-地方燃煤!G7-风电!G7-光伏!G7-联络线!G7-非市场化!G7 -> 19865.16 | H7: =负荷!H7-水电!H7-核电!H7-地方燃煤!H7-风电!H7-光伏!H7-联络线!H7-非市场化!H7 -> 20046.02 | I7: =负荷!I7-水电!I7-核电!I7-地方燃煤!I7-风电!I7-光伏!I7-联络线!I7-非市场化!I7 -> 20087.45 | ... CS7: =负荷!CS7-水电!CS7-核电!CS7-地方燃煤!CS7-风电!CS7-光伏!CS7-联络线!CS7-非市场化!CS7 -> 16968.11
A8: 46241 | B8: =负荷!B8-水电!B8-核电!B8-地方燃煤!B8-风电!B8-光伏!B8-联络线!B8-非市场化!B8 -> 16514.57 | C8: =负荷!C8-水电!C8-核电!C8-地方燃煤!C8-风电!C8-光伏!C8-联络线!C8-非市场化!C8 -> 15941.1 | D8: =负荷!D8-水电!D8-核电!D8-地方燃煤!D8-风电!D8-光伏!D8-联络线!D8-非市场化!D8 -> 15508.1 | E8: =负荷!E8-水电!E8-核电!E8-地方燃煤!E8-风电!E8-光伏!E8-联络线!E8-非市场化!E8 -> 15353.84 | F8: =负荷!F8-水电!F8-核电!F8-地方燃煤!F8-风电!F8-光伏!F8-联络线!F8-非市场化!F8 -> 15364.79 | G8: =负荷!G8-水电!G8-核电!G8-地方燃煤!G8-风电!G8-光伏!G8-联络线!G8-非市场化!G8 -> 14701.56 | H8: =负荷!H8-水电!H8-核电!H8-地方燃煤!H8-风电!H8-光伏!H8-联络线!H8-非市场化!H8 -> 14104.12 | I8: =负荷!I8-水电!I8-核电!I8-地方燃煤!I8-风电!I8-光伏!I8-联络线!I8-非市场化!I8 -> 13635.71 | ... CS8: =负荷!CS8-水电!CS8-核电!CS8-地方燃煤!CS8-风电!CS8-光伏!CS8-联络线!CS8-非市场化!CS8 -> 4874.11
A9: 46242 | B9: =负荷!B9-水电!B9-核电!B9-地方燃煤!B9-风电!B9-光伏!B9-联络线!B9-非市场化!B9 -> 7060.88 | C9: =负荷!C9-水电!C9-核电!C9-地方燃煤!C9-风电!C9-光伏!C9-联络线!C9-非市场化!C9 -> 7161.7 | D9: =负荷!D9-水电!D9-核电!D9-地方燃煤!D9-风电!D9-光伏!D9-联络线!D9-非市场化!D9 -> 7304.9 | E9: =负荷!E9-水电!E9-核电!E9-地方燃煤!E9-风电!E9-光伏!E9-联络线!E9-非市场化!E9 -> 7287.86 | F9: =负荷!F9-水电!F9-核电!F9-地方燃煤!F9-风电!F9-光伏!F9-联络线!F9-非市场化!F9 -> 6946.43 | G9: =负荷!G9-水电!G9-核电!G9-地方燃煤!G9-风电!G9-光伏!G9-联络线!G9-非市场化!G9 -> 6474.3 | H9: =负荷!H9-水电!H9-核电!H9-地方燃煤!H9-风电!H9-光伏!H9-联络线!H9-非市场化!H9 -> 6294.53 | I9: =负荷!I9-水电!I9-核电!I9-地方燃煤!I9-风电!I9-光伏!I9-联络线!I9-非市场化!I9 -> 6169 | ... CS9: =负荷!CS9-水电!CS9-核电!CS9-地方燃煤!CS9-风电!CS9-光伏!CS9-联络线!CS9-非市场化!CS9 -> 9050.78
A10: 46243 | B10: =负荷!B10-水电!B10-核电!B10-地方燃煤!B10-风电!B10-光伏!B10-联络线!B10-非市场化!B10 -> 9425.02 | C10: =负荷!C10-水电!C10-核电!C10-地方燃煤!C10-风电!C10-光伏!C10-联络线!C10-非市场化!C10 -> 9092.08 | D10: =负荷!D10-水电!D10-核电!D10-地方燃煤!D10-风电!D10-光伏!D10-联络线!D10-非市场化!D10 -> 8991.75 | E10: =负荷!E10-水电!E10-核电!E10-地方燃煤!E10-风电!E10-光伏!E10-联络线!E10-非市场化!E10 -> 8965.47 | F10: =负荷!F10-水电!F10-核电!F10-地方燃煤!F10-风电!F10-光伏!F10-联络线!F10-非市场化!F10 -> 8803.23 | G10: =负荷!G10-水电!G10-核电!G10-地方燃煤!G10-风电!G10-光伏!G10-联络线!G10-非市场化!G10 -> 8909.89 | H10: =负荷!H10-水电!H10-核电!H10-地方燃煤!H10-风电!H10-光伏!H10-联络线!H10-非市场化!H10 -> 9263.49 | I10: =负荷!I10-水电!I10-核电!I10-地方燃煤!I10-风电!I10-光伏!I10-联络线!I10-非市场化!I10 -> 9228.18 | ... CS10: =负荷!CS10-水电!CS10-核电!CS10-地方燃煤!CS10-风电!CS10-光伏!CS10-联络线!CS10-非市场化!CS10 -> 12127.88
A11: 46244 | B11: =负荷!B11-水电!B11-核电!B11-地方燃煤!B11-风电!B11-光伏!B11-联络线!B11-非市场化!B11 -> 11436.57 | C11: =负荷!C11-水电!C11-核电!C11-地方燃煤!C11-风电!C11-光伏!C11-联络线!C11-非市场化!C11 -> 11089.06 | D11: =负荷!D11-水电!D11-核电!D11-地方燃煤!D11-风电!D11-光伏!D11-联络线!D11-非市场化!D11 -> 10838.46 | E11: =负荷!E11-水电!E11-核电!E11-地方燃煤!E11-风电!E11-光伏!E11-联络线!E11-非市场化!E11 -> 10649.2 | F11: =负荷!F11-水电!F11-核电!F11-地方燃煤!F11-风电!F11-光伏!F11-联络线!F11-非市场化!F11 -> 11065.19 | G11: =负荷!G11-水电!G11-核电!G11-地方燃煤!G11-风电!G11-光伏!G11-联络线!G11-非市场化!G11 -> 11213.56 | H11: =负荷!H11-水电!H11-核电!H11-地方燃煤!H11-风电!H11-光伏!H11-联络线!H11-非市场化!H11 -> 11058.77 | I11: =负荷!I11-水电!I11-核电!I11-地方燃煤!I11-风电!I11-光伏!I11-联络线!I11-非市场化!I11 -> 10740.94 | ... CS11: =负荷!CS11-水电!CS11-核电!CS11-地方燃煤!CS11-风电!CS11-光伏!CS11-联络线!CS11-非市场化!CS11 -> 7121.74
A12: 46245 | B12: =负荷!B12-水电!B12-核电!B12-地方燃煤!B12-风电!B12-光伏!B12-联络线!B12-非市场化!B12 -> 7550.43 | C12: =负荷!C12-水电!C12-核电!C12-地方燃煤!C12-风电!C12-光伏!C12-联络线!C12-非市场化!C12 -> 7521.11 | D12: =负荷!D12-水电!D12-核电!D12-地方燃煤!D12-风电!D12-光伏!D12-联络线!D12-非市场化!D12 -> 7672.04 | E12: =负荷!E12-水电!E12-核电!E12-地方燃煤!E12-风电!E12-光伏!E12-联络线!E12-非市场化!E12 -> 7662.92 | F12: =负荷!F12-水电!F12-核电!F12-地方燃煤!F12-风电!F12-光伏!F12-联络线!F12-非市场化!F12 -> 8050.99 | G12: =负荷!G12-水电!G12-核电!G12-地方燃煤!G12-风电!G12-光伏!G12-联络线!G12-非市场化!G12 -> 8076.79 | H12: =负荷!H12-水电!H12-核电!H12-地方燃煤!H12-风电!H12-光伏!H12-联络线!H12-非市场化!H12 -> 8334.33 | I12: =负荷!I12-水电!I12-核电!I12-地方燃煤!I12-风电!I12-光伏!I12-联络线!I12-非市场化!I12 -> 8509.99 | ... CS12: =负荷!CS12-水电!CS12-核电!CS12-地方燃煤!CS12-风电!CS12-光伏!CS12-联络线!CS12-非市场化!CS12 -> 13376.63
A13: 46246 | B13: =负荷!B13-水电!B13-核电!B13-地方燃煤!B13-风电!B13-光伏!B13-联络线!B13-非市场化!B13 -> 12647.01 | C13: =负荷!C13-水电!C13-核电!C13-地方燃煤!C13-风电!C13-光伏!C13-联络线!C13-非市场化!C13 -> 12965.91 | D13: =负荷!D13-水电!D13-核电!D13-地方燃煤!D13-风电!D13-光伏!D13-联络线!D13-非市场化!D13 -> 13313.01 | E13: =负荷!E13-水电!E13-核电!E13-地方燃煤!E13-风电!E13-光伏!E13-联络线!E13-非市场化!E13 -> 13460.06 | F13: =负荷!F13-水电!F13-核电!F13-地方燃煤!F13-风电!F13-光伏!F13-联络线!F13-非市场化!F13 -> 13654.8 | G13: =负荷!G13-水电!G13-核电!G13-地方燃煤!G13-风电!G13-光伏!G13-联络线!G13-非市场化!G13 -> 13820.39 | H13: =负荷!H13-水电!H13-核电!H13-地方燃煤!H13-风电!H13-光伏!H13-联络线!H13-非市场化!H13 -> 14022.72 | I13: =负荷!I13-水电!I13-核电!I13-地方燃煤!I13-风电!I13-光伏!I13-联络线!I13-非市场化!I13 -> 14117.38 | ... CS13: =负荷!CS13-水电!CS13-核电!CS13-地方燃煤!CS13-风电!CS13-光伏!CS13-联络线!CS13-非市场化!CS13 -> 15715.65
... A32: 46265 | B32: =负荷!B32-水电!B32-核电!B32-地方燃煤!B32-风电!B32-光伏!B32-联络线!B32-非市场化!B32 -> 10391.38 | C32: =负荷!C32-水电!C32-核电!C32-地方燃煤!C32-风电!C32-光伏!C32-联络线!C32-非市场化!C32 -> 10533.17 | D32: =负荷!D32-水电!D32-核电!D32-地方燃煤!D32-风电!D32-光伏!D32-联络线!D32-非市场化!D32 -> 10521.64 | E32: =负荷!E32-水电!E32-核电!E32-地方燃煤!E32-风电!E32-光伏!E32-联络线!E32-非市场化!E32 -> 10637.63 | F32: =负荷!F32-水电!F32-核电!F32-地方燃煤!F32-风电!F32-光伏!F32-联络线!F32-非市场化!F32 -> 10465.17 | G32: =负荷!G32-水电!G32-核电!G32-地方燃煤!G32-风电!G32-光伏!G32-联络线!G32-非市场化!G32 -> 10173.7 | H32: =负荷!H32-水电!H32-核电!H32-地方燃煤!H32-风电!H32-光伏!H32-联络线!H32-非市场化!H32 -> 9992.69 | I32: =负荷!I32-水电!I32-核电!I32-地方燃煤!I32-风电!I32-光伏!I32-联络线!I32-非市场化!I32 -> 9687.38 | ... CS32: =负荷!CS32-水电!CS32-核电!CS32-地方燃煤!CS32-风电!CS32-光伏!CS32-联络线!CS32-非市场化!CS32 -> 10376.97

Sheet 7日火电空间
A1: 负荷 | B1: 水电 | C1: 核电 | D1: 地方燃煤 | E1: 风电 | F1: 光伏 | G1: 联络线 | H1: 非市场化 | I1: 火电空间
A2: {=_xlfn.TOCOL(OFFSET(负荷!B$1,COUNTA(负荷!B:B)-7,,7,96),3,FALSE)} -> 30323.82 | B2: {=_xlfn.TOCOL(OFFSET(水电!B$1,COUNTA(水电!B:B)-7,,7,96),3,FALSE)} -> 513.86 | C2: {=_xlfn.TOCOL(OFFSET(核电!B$1,COUNTA(核电!B:B)-7,,7,96),3,FALSE)} -> 6365 | D2: {=_xlfn.TOCOL(OFFSET(地方燃煤!B$1,COUNTA(地方燃煤!B:B)-7,,7,96),3,FALSE)} -> 309.54 | E2: {=_xlfn.TOCOL(OFFSET(风电!B$1,COUNTA(风电!B:B)-7,,7,96),3,FALSE)} -> 3797.65 | F2: {=_xlfn.TOCOL(OFFSET(光伏!B$1,COUNTA(光伏!B:B)-7,,7,96),3,FALSE)} -> 0 | G2: {=_xlfn.TOCOL(OFFSET(联络线!B$1,COUNTA(联络线!B:B)-7,,7,96),3,FALSE)} -> 3063 | H2: {=_xlfn.TOCOL(OFFSET(非市场化!B$1,COUNTA(非市场化!B:B)-7,,7,96),3,FALSE)} -> 3116.09 | I2: =A2-B2-C2-D2-E2-F2-G2-H2 -> 13158.68
A3: 30022.47 | B3: 516.65 | C3: 6365 | D3: 309.54 | E3: 3726.57 | F3: 0 | G3: 3023 | H3: 3128.71 | I3: =A3-B3-C3-D3-E3-F3-G3-H3 -> 12953
A4: 29759.1 | B4: 519.01 | C4: 6365 | D4: 309.54 | E4: 3658.6 | F4: 0 | G4: 2980 | H4: 3125.76 | I4: =A4-B4-C4-D4-E4-F4-G4-H4 -> 12801.19
A5: 29495.72 | B5: 519.22 | C5: 6365 | D5: 309.54 | E5: 3592.68 | F5: 0 | G5: 2939 | H5: 3125.06 | I5: =A5-B5-C5-D5-E5-F5-G5-H5 -> 12645.22
A6: 29332.8 | B6: 519.65 | C6: 6365 | D6: 299.07 | E6: 3520.59 | F6: 0 | G6: 2897 | H6: 3130.2 | I6: =A6-B6-C6-D6-E6-F6-G6-H6 -> 12601.29
A7: 29066.97 | B7: 519.67 | C7: 6365 | D7: 299.07 | E7: 3446.43 | F7: 0 | G7: 2711 | H7: 3131.35 | I7: =A7-B7-C7-D7-E7-F7-G7-H7 -> 12594.45
A8: 28951.82 | B8: 517.35 | C8: 6365 | D8: 299.07 | E8: 3371.23 | F8: 0 | G8: 2341 | H8: 3136.72 | I8: =A8-B8-C8-D8-E8-F8-G8-H8 -> 12921.45
A9: 28644.35 | B9: 517.91 | C9: 6365 | D9: 299.07 | E9: 3295 | F9: 0 | G9: 1996 | H9: 3129.87 | I9: =A9-B9-C9-D9-E9-F9-G9-H9 -> 13041.5
A10: 28507.15 | B10: 518.79 | C10: 6365 | D10: 299.07 | E10: 3218.77 | F10: 0 | G10: 1980 | H10: 3141.44 | I10: =A10-B10-C10-D10-E10-F10-G10-H10 -> 12984.08
A11: 28383.42 | B11: 517.17 | C11: 6365 | D11: 299.07 | E11: 3145.66 | F11: 0 | G11: 1617 | H11: 3149.41 | I11: =A11-B11-C11-D11-E11-F11-G11-H11 -> 13290.11
A12: 28325.85 | B12: 517.34 | C12: 6365 | D12: 299.07 | E12: 3073.55 | F12: 0 | G12: 1255 | H12: 3140.76 | I12: =A12-B12-C12-D12-E12-F12-G12-H12 -> 13675.13
A13: 28139.65 | B13: 516.66 | C13: 6365 | D13: 299.07 | E13: 2999.4 | F13: 0 | G13: 1231 | H13: 3139.14 | I13: =A13-B13-C13-D13-E13-F13-G13-H13 -> 13589.38
A14: 28155.57 | B14: 516.7 | C14: 6365 | D14: 310.52 | E14: 2919.06 | F14: 0 | G14: 1194 | H14: 3133.83 | I14: =A14-B14-C14-D14-E14-F14-G14-H14 -> 13716.46
... A673: 27385.76 | B673: 188 | C673: 6361 | D673: 305.38 | E673: 4428.01 | F673: 0 | G673: 2596 | H673: 3130.4 | I673: =A673-B673-C673-D673-E673-F673-G673-H673 -> 10376.97

Sheet 1日火电空间
A1: 负荷 | B1: 水电 | C1: 核电 | D1: 地方燃煤 | E1: 风电 | F1: 光伏 | G1: 联络线 | H1: 非市场化 | I1: 火电空间
A2: {=_xlfn.TOCOL(OFFSET(负荷!B$1,COUNTA(负荷!B:B)-2,,,96),3,FALSE)} -> 27542.53 | B2: {=_xlfn.TOCOL(OFFSET(水电!B$1,COUNTA(水电!B:B)-2,,1,96),3,FALSE)} -> 236.48 | C2: {=_xlfn.TOCOL(OFFSET(核电!B$1,COUNTA(核电!B:B)-2,,1,96),3,FALSE)} -> 6361 | D2: {=_xlfn.TOCOL(OFFSET(地方燃煤!B$1,COUNTA(地方燃煤!B:B)-2,,1,96),3,FALSE)} -> 310.85 | E2: {=_xlfn.TOCOL(OFFSET(风电!B$1,COUNTA(风电!B:B)-2,,1,96),3,FALSE)} -> 3424.77 | F2: {=_xlfn.TOCOL(OFFSET(光伏!B$1,COUNTA(光伏!B:B)-2,,1,96),3,FALSE)} -> 0 | G2: {=_xlfn.TOCOL(OFFSET(联络线!B$1,COUNTA(联络线!B:B)-2,,1,96),3,FALSE)} -> 2935 | H2: {=_xlfn.TOCOL(OFFSET(非市场化!B$1,COUNTA(非市场化!B:B)-2,,1,96),3,FALSE)} -> 3136.11 | I2: =A2-B2-C2-D2-E2-F2-G2-H2 -> 11138.32
A3: 27296.14 | B3: 239.14 | C3: 6361 | D3: 310.85 | E3: 3426.84 | F3: 0 | G3: 2556 | H3: 3130.77 | I3: =A3-B3-C3-D3-E3-F3-G3-H3 -> 11271.54
A4: 27130.93 | B4: 240.39 | C4: 6361 | D4: 310.85 | E4: 3431.99 | F4: 0 | G4: 2200 | H4: 3120.79 | I4: =A4-B4-C4-D4-E4-F4-G4-H4 -> 11465.91
A5: 26918.92 | B5: 240.61 | C5: 6361 | D5: 310.85 | E5: 3437.15 | F5: 0 | G5: 1846 | H5: 3137.83 | I5: =A5-B5-C5-D5-E5-F5-G5-H5 -> 11585.48
A6: 26748.93 | B6: 240.56 | C6: 6361 | D6: 298.02 | E6: 3442.29 | F6: 0 | G6: 1201 | H6: 3140.35 | I6: =A6-B6-C6-D6-E6-F6-G6-H6 -> 12065.71
A7: 26557.93 | B7: 240.76 | C7: 6361 | D7: 298.02 | E7: 3437.14 | F7: 0 | G7: 834 | H7: 3126.3 | I7: =A7-B7-C7-D7-E7-F7-G7-H7 -> 12260.71
A8: 26451.92 | B8: 240.76 | C8: 6361 | D8: 298.02 | E8: 3429.94 | F8: 0 | G8: 802 | H8: 3124.76 | I8: =A8-B8-C8-D8-E8-F8-G8-H8 -> 12195.44
A9: 26253.28 | B9: 240.75 | C9: 6361 | D9: 298.02 | E9: 3423.77 | F9: 0 | G9: 770 | H9: 3137.16 | I9: =A9-B9-C9-D9-E9-F9-G9-H9 -> 12022.58
A10: 26114.81 | B10: 240.83 | C10: 6361 | D10: 299.69 | E10: 3390.78 | F10: 0 | G10: 729 | H10: 3127.64 | I10: =A10-B10-C10-D10-E10-F10-G10-H10 -> 11965.87
A11: 26029.81 | B11: 241.01 | C11: 6361 | D11: 299.69 | E11: 3338.25 | F11: 0 | G11: 705 | H11: 3120.52 | I11: =A11-B11-C11-D11-E11-F11-G11-H11 -> 11964.34
A12: 25956.28 | B12: 242.32 | C12: 6361 | D12: 299.69 | E12: 3281.61 | F12: 0 | G12: 681 | H12: 3122.51 | I12: =A12-B12-C12-D12-E12-F12-G12-H12 -> 11968.15
A13: 25868.42 | B13: 242.55 | C13: 6361 | D13: 299.69 | E13: 3225.99 | F13: 0 | G13: 657 | H13: 3135.68 | I13: =A13-B13-C13-D13-E13-F13-G13-H13 -> 11946.51
A14: 25844.54 | B14: 242.19 | C14: 6361 | D14: 312.45 | E14: 3173.48 | F14: 0 | G14: 519 | H14: 3130.08 | I14: =A14-B14-C14-D14-E14-F14-G14-H14 -> 12106.34
... A97: 27715.39 | B97: 343.91 | C97: 6361 | D97: 311.35 | E97: 5282.9 | F97: 0 | G97: 2682 | H97: 3148.27 | I97: =A97-B97-C97-D97-E97-F97-G97-H97 -> 9585.96

Sheet 集中式风电
A1: 日期 | B1: 0.010416667 | C1: 0.020833333 | D1: 0.03125 | E1: 0.041666667 | F1: 0.052083333 | G1: 0.0625 | H1: 0.072916667 | I1: 0.083333333 | J1: 0.09375 | K1: 0.10416667 | L1: 0.11458333 | M1: 0.125 | N1: 0.13541667 | O1: 0.14583333 | P1: 0.15625 | Q1: 0.16666667 | R1: 0.17708333 | S1: 0.1875 | T1: 0.19791667 | U1: 0.20833333 | V1: 0.21875 | W1: 0.22916667 | X1: 0.23958333 | Y1: 0.25 | Z1: 0.26041667 | AA1: 0.27083333 | AB1: 0.28125 | AC1: 0.29166667 | AD1: 0.30208333 | AE1: 0.3125 | AF1: 0.32291667 | AG1: 0.33333333 | AH1: 0.34375 | AI1: 0.35416667 | AJ1: 0.36458333 | AK1: 0.375 | AL1: 0.38541667 | AM1: 0.39583333 | AN1: 0.40625 | AO1: 0.41666667 | AP1: 0.42708333 | AQ1: 0.4375 | AR1: 0.44791667 | AS1: 0.45833333 | AT1: 0.46875 | AU1: 0.47916667 | AV1: 0.48958333 | AW1: 0.5 | AX1: 0.51041667 | AY1: 0.52083333 | AZ1: 0.53125 | BA1: 0.54166667 | BB1: 0.55208333 | BC1: 0.5625 | BD1: 0.57291667 | BE1: 0.58333333 | BF1: 0.59375 | BG1: 0.60416667 | BH1: 0.61458333 | BI1: 0.625 | BJ1: 0.63541667 | BK1: 0.64583333 | BL1: 0.65625 | BM1: 0.66666667 | BN1: 0.67708333 | BO1: 0.6875 | BP1: 0.69791667 | BQ1: 0.70833333 | BR1: 0.71875 | BS1: 0.72916667 | BT1: 0.73958333 | BU1: 0.75 | BV1: 0.76041667 | BW1: 0.77083333 | BX1: 0.78125 | BY1: 0.79166667 | BZ1: 0.80208333 | CA1: 0.8125 | CB1: 0.82291667 | CC1: 0.83333333 | CD1: 0.84375 | CE1: 0.85416667 | CF1: 0.86458333 | CG1: 0.875 | CH1: 0.88541667 | CI1: 0.89583333 | CJ1: 0.90625 | CK1: 0.91666667 | CL1: 0.92708333 | CM1: 0.9375 | CN1: 0.94791667 | CO1: 0.95833333 | CP1: 0.96875 | CQ1: 0.97916667 | CR1: 0.98958333 | CS1: 1
A2: 46235 | B2: 13264 | C2: 13179 | D2: 13095 | E2: 13007 | F2: 12909 | G2: 12802 | H2: 12699 | I2: 12591 | J2: 12499 | K2: 12394 | L2: 12283 | M2: 12173 | N2: 12054 | O2: 11939 | P2: 11818 | Q2: 11698 | R2: 11572 | S2: 11442 | T2: 11308 | U2: 11175 | V2: 11055 | W2: 10940 | X2: 10829 | Y2: 10718 | Z2: 10597 | AA2: 10456 | AB2: 10322 | AC2: 10193 | AD2: 10100 | AE2: 10087 | AF2: 10076 | AG2: 10051 | AH2: 9997 | AI2: 9891 | AJ2: 9778 | AK2: 9662 | AL2: 9548 | AM2: 9411 | AN2: 9268 | AO2: 9120 | AP2: 8981 | AQ2: 8852 | AR2: 8724 | AS2: 8595 | AT2: 8470 | AU2: 8364 | AV2: 8253 | AW2: 8145 | AX2: 8039 | AY2: 7940 | AZ2: 7843 | BA2: 7745 | BB2: 7657 | BC2: 7573 | BD2: 7488 | BE2: 7404 | BF2: 7305 | BG2: 7204 | BH2: 7100 | BI2: 6994 | BJ2: 6879 | BK2: 6760 | BL2: 6640 | BM2: 6531 | BN2: 6387 | BO2: 6219 | BP2: 6047 | BQ2: 5875 | BR2: 5714 | BS2: 5563 | BT2: 5408 | BU2: 5247 | BV2: 5088 | BW2: 4929 | BX2: 4776 | BY2: 4628 | BZ2: 4511 | CA2: 4424 | CB2: 4345 | CC2: 4269 | CD2: 4213 | CE2: 4186 | CF2: 4163 | CG2: 4139 | CH2: 4123 | CI2: 4084 | CJ2: 4048 | CK2: 4011 | CL2: 3973 | CM2: 3953 | CN2: 3937 | CO2: 3920 | CP2: 3892 | CQ2: 3866 | CR2: 3838 | CS2: 3802
A3: 46236 | B3: 3494 | C3: 3439 | D3: 3384 | E3: 3328 | F3: 3271 | G3: 3221 | H3: 3174 | I3: 3125 | J3: 3069 | K3: 3001 | L3: 2928 | M3: 2856 | N3: 2786 | O3: 2721 | P3: 2657 | Q3: 2588 | R3: 2510 | S3: 2420 | T3: 2331 | U3: 2241 | V3: 2144 | W3: 2046 | X3: 1952 | Y3: 1860 | Z3: 1774 | AA3: 1690 | AB3: 1606 | AC3: 1525 | AD3: 1445 | AE3: 1380 | AF3: 1320 | AG3: 1262 | AH3: 1225 | AI3: 1196 | AJ3: 1168 | AK3: 1143 | AL3: 1131 | AM3: 1132 | AN3: 1135 | AO3: 1138 | AP3: 1155 | AQ3: 1185 | AR3: 1217 | AS3: 1253 | AT3: 1296 | AU3: 1347 | AV3: 1399 | AW3: 1452 | AX3: 1514 | AY3: 1583 | AZ3: 1656 | BA3: 1728 | BB3: 1808 | BC3: 1893 | BD3: 1977 | BE3: 2062 | BF3: 2133 | BG3: 2192 | BH3: 2252 | BI3: 2313 | BJ3: 2368 | BK3: 2424 | BL3: 2480 | BM3: 2535 | BN3: 2583 | BO3: 2628 | BP3: 2672 | BQ3: 2716 | BR3: 2749 | BS3: 2776 | BT3: 2804 | BU3: 2837 | BV3: 2890 | BW3: 2956 | BX3: 3026 | BY3: 3101 | BZ3: 3186 | CA3: 3279 | CB3: 3382 | CC3: 3486 | CD3: 3590 | CE3: 3692 | CF3: 3799 | CG3: 3908 | CH3: 4032 | CI3: 4168 | CJ3: 4310 | CK3: 4457 | CL3: 4595 | CM3: 4722 | CN3: 4845 | CO3: 4968 | CP3: 5070 | CQ3: 5162 | CR3: 5254 | CS3: 5341
A4: 46237 | B4: 4865 | C4: 4954 | D4: 5046 | E4: 5139 | F4: 5226 | G4: 5309 | H4: 5391 | I4: 5473 | J4: 5537 | K4: 5588 | L4: 5639 | M4: 5688 | N4: 5736 | O4: 5773 | P4: 5810 | Q4: 5844 | R4: 5857 | S4: 5839 | T4: 5809 | U4: 5777 | V4: 5730 | W4: 5672 | X4: 5611 | Y4: 5546 | Z4: 5474 | AA4: 5389 | AB4: 5307 | AC4: 5230 | AD4: 5204 | AE4: 5247 | AF4: 5305 | AG4: 5370 | AH4: 5492 | AI4: 5653 | AJ4: 5827 | AK4: 5984 | AL4: 6188 | AM4: 6401 | AN4: 6620 | AO4: 6840 | AP4: 7059 | AQ4: 7283 | AR4: 7511 | AS4: 7741 | AT4: 7972 | AU4: 8202 | AV4: 8433 | AW4: 8660 | AX4: 8877 | AY4: 9072 | AZ4: 9265 | BA4: 9454 | BB4: 9615 | BC4: 9755 | BD4: 9888 | BE4: 10015 | BF4: 10098 | BG4: 10126 | BH4: 10152 | BI4: 10172 | BJ4: 10158 | BK4: 10091 | BL4: 10026 | BM4: 9962 | BN4: 9901 | BO4: 9825 | BP4: 9756 | BQ4: 9688 | BR4: 9629 | BS4: 9591 | BT4: 9557 | BU4: 9520 | BV4: 9500 | BW4: 9485 | BX4: 9471 | BY4: 9460 | BZ4: 9458 | CA4: 9462 | CB4: 9468 | CC4: 9475 | CD4: 9471 | CE4: 9460 | CF4: 9446 | CG4: 9425 | CH4: 9407 | CI4: 9390 | CJ4: 9373 | CK4: 9355 | CL4: 9325 | CM4: 9290 | CN4: 9253 | CO4: 9214 | CP4: 9158 | CQ4: 9085 | CR4: 9009 | CS4: 8929
A5: 46238 | B5: 8710 | C5: 8581 | D5: 8451 | E5: 8324 | F5: 8204 | G5: 8096 | H5: 7988 | I5: 7879 | J5: 7766 | K5: 7654 | L5: 7537 | M5: 7421 | N5: 7312 | O5: 7204 | P5: 7096 | Q5: 6987 | R5: 6876 | S5: 6759 | T5: 6638 | U5: 6514 | V5: 6387 | W5: 6258 | X5: 6126 | Y5: 5998 | Z5: 5870 | AA5: 5736 | AB5: 5609 | AC5: 5487 | AD5: 5417 | AE5: 5407 | AF5: 5413 | AG5: 5425 | AH5: 5490 | AI5: 5595 | AJ5: 5693 | AK5: 5817 | AL5: 5962 | AM5: 6119 | AN5: 6284 | AO5: 6450 | AP5: 6628 | AQ5: 6806 | AR5: 6988 | AS5: 7171 | AT5: 7329 | AU5: 7474 | AV5: 7620 | AW5: 7765 | AX5: 7890 | AY5: 7994 | AZ5: 8098 | BA5: 8203 | BB5: 8284 | BC5: 8355 | BD5: 8417 | BE5: 8473 | BF5: 8505 | BG5: 8504 | BH5: 8489 | BI5: 8471 | BJ5: 8417 | BK5: 8319 | BL5: 8216 | BM5: 8122 | BN5: 7986 | BO5: 7818 | BP5: 7649 | BQ5: 7482 | BR5: 7310 | BS5: 7151 | BT5: 6999 | BU5: 6845 | BV5: 6720 | BW5: 6616 | BX5: 6520 | BY5: 6427 | BZ5: 6371 | CA5: 6322 | CB5: 6272 | CC5: 6223 | CD5: 6174 | CE5: 6127 | CF5: 6080 | CG5: 6030 | CH5: 5976 | CI5: 5923 | CJ5: 5863 | CK5: 5806 | CL5: 5751 | CM5: 5695 | CN5: 5638 | CO5: 5583 | CP5: 5523 | CQ5: 5472 | CR5: 5415 | CS5: 5352
A6: 46239 | B6: 6078 | C6: 6024 | D6: 5969 | E6: 5914 | F6: 5852 | G6: 5779 | H6: 5706 | I6: 5630 | J6: 5545 | K6: 5448 | L6: 5345 | M6: 5241 | N6: 5130 | O6: 5010 | P6: 4885 | Q6: 4758 | R6: 4617 | S6: 4465 | T6: 4305 | U6: 4140 | V6: 3959 | W6: 3769 | X6: 3570 | Y6: 3371 | Z6: 3168 | AA6: 2963 | AB6: 2762 | AC6: 2565 | AD6: 2401 | AE6: 2283 | AF6: 2171 | AG6: 2062 | AH6: 1977 | AI6: 1906 | AJ6: 1839 | AK6: 1774 | AL6: 1728 | AM6: 1699 | AN6: 1672 | AO6: 1647 | AP6: 1635 | AQ6: 1642 | AR6: 1650 | AS6: 1657 | AT6: 1675 | AU6: 1700 | AV6: 1726 | AW6: 1754 | AX6: 1779 | AY6: 1803 | AZ6: 1826 | BA6: 1849 | BB6: 1866 | BC6: 1877 | BD6: 1884 | BE6: 1888 | BF6: 1877 | BG6: 1863 | BH6: 1843 | BI6: 1824 | BJ6: 1797 | BK6: 1764 | BL6: 1735 | BM6: 1710 | BN6: 1676 | BO6: 1638 | BP6: 1598 | BQ6: 1561 | BR6: 1521 | BS6: 1489 | BT6: 1460 | BU6: 1437 | BV6: 1426 | BW6: 1428 | BX6: 1436 | BY6: 1450 | BZ6: 1460 | CA6: 1471 | CB6: 1481 | CC6: 1491 | CD6: 1490 | CE6: 1480 | CF6: 1468 | CG6: 1451 | CH6: 1431 | CI6: 1405 | CJ6: 1374 | CK6: 1344 | CL6: 1309 | CM6: 1269 | CN6: 1230 | CO6: 1190 | CP6: 1145 | CQ6: 1100 | CR6: 1055 | CS6: 1004
A7: 46240 | B7: 1498 | C7: 1457 | D7: 1419 | E7: 1381 | F7: 1349 | G7: 1324 | H7: 1302 | I7: 1281 | J7: 1264 | K7: 1256 | L7: 1248 | M7: 1242 | N7: 1239 | O7: 1237 | P7: 1236 | Q7: 1235 | R7: 1232 | S7: 1229 | T7: 1220 | U7: 1210 | V7: 1192 | W7: 1167 | X7: 1141 | Y7: 1112 | Z7: 1072 | AA7: 1021 | AB7: 971 | AC7: 921 | AD7: 868 | AE7: 811 | AF7: 761 | AG7: 710 | AH7: 682 | AI7: 675 | AJ7: 671 | AK7: 668 | AL7: 673 | AM7: 680 | AN7: 690 | AO7: 702 | AP7: 722 | AQ7: 751 | AR7: 782 | AS7: 812 | AT7: 848 | AU7: 887 | AV7: 928 | AW7: 968 | AX7: 1011 | AY7: 1057 | AZ7: 1104 | BA7: 1150 | BB7: 1196 | BC7: 1238 | BD7: 1278 | BE7: 1317 | BF7: 1341 | BG7: 1359 | BH7: 1375 | BI7: 1392 | BJ7: 1397 | BK7: 1390 | BL7: 1383 | BM7: 1378 | BN7: 1381 | BO7: 1400 | BP7: 1419 | BQ7: 1439 | BR7: 1475 | BS7: 1521 | BT7: 1572 | BU7: 1628 | BV7: 1698 | BW7: 1783 | BX7: 1876 | BY7: 1970 | BZ7: 2045 | CA7: 2111 | CB7: 2176 | CC7: 2238 | CD7: 2293 | CE7: 2339 | CF7: 2387 | CG7: 2434 | CH7: 2500 | CI7: 2572 | CJ7: 2652 | CK7: 2734 | CL7: 2825 | CM7: 2900 | CN7: 2987 | CO7: 3076 | CP7: 3170 | CQ7: 3271 | CR7: 3388 | CS7: 3503
A8: 46241 | B8: 2865 | C8: 3057 | D8: 3268 | E8: 3484 | F8: 3742 | G8: 4049 | H8: 4369 | I8: 4693 | J8: 5028 | K8: 5361 | L8: 5707 | M8: 6055 | N8: 6424 | O8: 6805 | P8: 7189 | Q8: 7576 | R8: 7948 | S8: 8302 | T8: 8654 | U8: 9009 | V8: 9343 | W8: 9662 | X8: 9961 | Y8: 10253 | Z8: 10491 | AA8: 10694 | AB8: 10901 | AC8: 11103 | AD8: 11278 | AE8: 11436 | AF8: 11623 | AG8: 11776 | AH8: 11923 | AI8: 12051 | AJ8: 12183 | AK8: 12284 | AL8: 12427 | AM8: 12547 | AN8: 12672 | AO8: 12787 | AP8: 12897 | AQ8: 12982 | AR8: 13067 | AS8: 13147 | AT8: 13217 | AU8: 13285 | AV8: 13354 | AW8: 13423 | AX8: 13485 | AY8: 13546 | AZ8: 13607 | BA8: 13661 | BB8: 13722 | BC8: 13782 | BD8: 13844 | BE8: 13904 | BF8: 13964 | BG8: 14004 | BH8: 14044 | BI8: 14083 | BJ8: 14174 | BK8: 14231 | BL8: 14285 | BM8: 14342 | BN8: 14411 | BO8: 14485 | BP8: 14559 | BQ8: 14634 | BR8: 14704 | BS8: 14765 | BT8: 14827 | BU8: 14877 | BV8: 14945 | BW8: 14994 | BX8: 15036 | BY8: 15068 | BZ8: 15099 | CA8: 15135 | CB8: 15171 | CC8: 15195 | CD8: 15216 | CE8: 15213 | CF8: 15210 | CG8: 15196 | CH8: 15179 | CI8: 15152 | CJ8: 15125 | CK8: 15094 | CL8: 15052 | CM8: 14996 | CN8: 14938 | CO8: 14875 | CP8: 14801 | CQ8: 14710 | CR8: 14618 | CS8: 14565
A9: 46242 | B9: 14150 | C9: 14076 | D9: 14003 | E9: 13930 | F9: 13868 | G9: 13819 | H9: 13775 | I9: 13730 | J9: 13696 | K9: 13672 | L9: 13654 | M9: 13635 | N9: 13622 | O9: 13616 | P9: 13615 | Q9: 13613 | R9: 13611 | S9: 13607 | T9: 13643 | U9: 13638 | V9: 13629 | W9: 13599 | X9: 13529 | Y9: 13497 | Z9: 13438 | AA9: 13369 | AB9: 13098 | AC9: 13037 | AD9: 13012 | AE9: 13032 | AF9: 13058 | AG9: 13086 | AH9: 13117 | AI9: 13139 | AJ9: 13161 | AK9: 13179 | AL9: 13192 | AM9: 13188 | AN9: 13182 | AO9: 13173 | AP9: 13133 | AQ9: 13047 | AR9: 12951 | AS9: 12850 | AT9: 12741 | AU9: 12612 | AV9: 12479 | AW9: 12347 | AX9: 12216 | AY9: 12097 | AZ9: 11975 | BA9: 11852 | BB9: 11737 | BC9: 11638 | BD9: 11535 | BE9: 11433 | BF9: 11333 | BG9: 11227 | BH9: 11121 | BI9: 11009 | BJ9: 10937 | BK9: 10835 | BL9: 10734 | BM9: 10632 | BN9: 10519 | BO9: 10411 | BP9: 10287 | BQ9: 10170 | BR9: 10061 | BS9: 9932 | BT9: 9801 | BU9: 9674 | BV9: 9576 | BW9: 9502 | BX9: 9432 | BY9: 9362 | BZ9: 9306 | CA9: 9254 | CB9: 9202 | CC9: 9145 | CD9: 9077 | CE9: 8996 | CF9: 8910 | CG9: 8820 | CH9: 8731 | CI9: 8640 | CJ9: 8550 | CK9: 8456 | CL9: 8362 | CM9: 8274 | CN9: 8185 | CO9: 8097 | CP9: 8005 | CQ9: 7911 | CR9: 7821 | CS9: 7740
A10: 46243 | B10: 6960 | C10: 6903 | D10: 6846 | E10: 6789 | F10: 6725 | G10: 6661 | H10: 6595 | I10: 6530 | J10: 6455 | K10: 6371 | L10: 6286 | M10: 6201 | N10: 6116 | O10: 6033 | P10: 5947 | Q10: 5861 | R10: 5767 | S10: 5663 | T10: 5551 | U10: 5434 | V10: 5291 | W10: 5121 | X10: 4940 | Y10: 4755 | Z10: 4531 | AA10: 4277 | AB10: 4013 | AC10: 3761 | AD10: 3522 | AE10: 3304 | AF10: 3093 | AG10: 2886 | AH10: 2721 | AI10: 2593 | AJ10: 2470 | AK10: 2349 | AL10: 2240 | AM10: 2140 | AN10: 2042 | AO10: 1947 | AP10: 1854 | AQ10: 1766 | AR10: 1676 | AS10: 1583 | AT10: 1486 | AU10: 1389 | AV10: 1290 | AW10: 1194 | AX10: 1111 | AY10: 1042 | AZ10: 976 | BA10: 913 | BB10: 862 | BC10: 822 | BD10: 787 | BE10: 754 | BF10: 726 | BG10: 703 | BH10: 681 | BI10: 664 | BJ10: 653 | BK10: 649 | BL10: 648 | BM10: 650 | BN10: 661 | BO10: 683 | BP10: 706 | BQ10: 732 | BR10: 772 | BS10: 828 | BT10: 888 | BU10: 951 | BV10: 1040 | BW10: 1146 | BX10: 1253 | BY10: 1362 | BZ10: 1465 | CA10: 1557 | CB10: 1646 | CC10: 1731 | CD10: 1792 | CE10: 1827 | CF10: 1858 | CG10: 1885 | CH10: 1910 | CI10: 1933 | CJ10: 1957 | CK10: 1983 | CL10: 2014 | CM10: 2049 | CN10: 2086 | CO10: 2123 | CP10: 2149 | CQ10: 2173 | CR10: 2198 | CS10: 2232
A11: 46244 | B11: 2131 | C11: 2187 | D11: 2246 | E11: 2306 | F11: 2372 | G11: 2436 | H11: 2503 | I11: 2570 | J11: 2627 | K11: 2677 | L11: 2729 | M11: 2783 | N11: 2826 | O11: 2863 | P11: 2902 | Q11: 2944 | R11: 2988 | S11: 3033 | T11: 3078 | U11: 3122 | V11: 3170 | W11: 3222 | X11: 3271 | Y11: 3314 | Z11: 3336 | AA11: 3361 | AB11: 3389 | AC11: 3418 | AD11: 3434 | AE11: 3432 | AF11: 3442 | AG11: 3457 | AH11: 3540 | AI11: 3684 | AJ11: 3841 | AK11: 4016 | AL11: 4230 | AM11: 4481 | AN11: 4741 | AO11: 5008 | AP11: 5285 | AQ11: 5566 | AR11: 5852 | AS11: 6133 | AT11: 6381 | AU11: 6610 | AV11: 6834 | AW11: 7054 | AX11: 7252 | AY11: 7437 | AZ11: 7621 | BA11: 7803 | BB11: 7962 | BC11: 8103 | BD11: 8241 | BE11: 8375 | BF11: 8476 | BG11: 8584 | BH11: 8650 | BI11: 8712 | BJ11: 8740 | BK11: 8735 | BL11: 8728 | BM11: 8684 | BN11: 8662 | BO11: 8630 | BP11: 8611 | BQ11: 8582 | BR11: 8549 | BS11: 8508 | BT11: 8470 | BU11: 8429 | BV11: 8415 | BW11: 8401 | BX11: 8391 | BY11: 8385 | BZ11: 8440 | CA11: 8457 | CB11: 8479 | CC11: 8498 | CD11: 8532 | CE11: 8583 | CF11: 8670 | CG11: 8692 | CH11: 8739 | CI11: 8775 | CJ11: 8812 | CK11: 8849 | CL11: 8878 | CM11: 8891 | CN11: 8901 | CO11: 8905 | CP11: 8896 | CQ11: 8864 | CR11: 8827 | CS11: 8789
A12: 46245 | B12: 9270 | C12: 9224 | D12: 9192 | E12: 9160 | F12: 9111 | G12: 9059 | H12: 9008 | I12: 8958 | J12: 8902 | K12: 8859 | L12: 8806 | M12: 8758 | N12: 8710 | O12: 8664 | P12: 8627 | Q12: 8576 | R12: 8523 | S12: 8449 | T12: 8373 | U12: 8296 | V12: 8208 | W12: 8089 | X12: 7963 | Y12: 7840 | Z12: 7707 | AA12: 7582 | AB12: 7459 | AC12: 7343 | AD12: 7253 | AE12: 7190 | AF12: 7134 | AG12: 7128 | AH12: 7103 | AI12: 7094 | AJ12: 7086 | AK12: 7079 | AL12: 7068 | AM12: 7054 | AN12: 7042 | AO12: 7031 | AP12: 7020 | AQ12: 7003 | AR12: 6988 | AS12: 6932 | AT12: 6903 | AU12: 6872 | AV12: 6837 | AW12: 6803 | AX12: 6764 | AY12: 6727 | AZ12: 6691 | BA12: 6654 | BB12: 6623 | BC12: 6593 | BD12: 6561 | BE12: 6560 | BF12: 6492 | BG12: 6460 | BH12: 6427 | BI12: 6397 | BJ12: 6361 | BK12: 6326 | BL12: 6287 | BM12: 6258 | BN12: 6217 | BO12: 6169 | BP12: 6121 | BQ12: 6073 | BR12: 6021 | BS12: 5975 | BT12: 5928 | BU12: 5880 | BV12: 5842 | BW12: 5812 | BX12: 5785 | BY12: 5760 | BZ12: 5747 | CA12: 5737 | CB12: 5727 | CC12: 5717 | CD12: 5699 | CE12: 5660 | CF12: 5622 | CG12: 5576 | CH12: 5530 | CI12: 5471 | CJ12: 5418 | CK12: 5365 | CL12: 5303 | CM12: 5234 | CN12: 5160 | CO12: 5087 | CP12: 5014 | CQ12: 4944 | CR12: 4871 | CS12: 4798
A13: 46246 | B13: 5489 | C13: 5411 | D13: 5331 | E13: 5251 | F13: 5172 | G13: 5098 | H13: 5025 | I13: 4951 | J13: 4872 | K13: 4786 | L13: 4700 | M13: 4614 | N13: 4532 | O13: 4457 | P13: 4382 | Q13: 4304 | R13: 4232 | S13: 4160 | T13: 4084 | U13: 4005 | V13: 3917 | W13: 3819 | X13: 3717 | Y13: 3614 | Z13: 3484 | AA13: 3350 | AB13: 3213 | AC13: 3081 | AD13: 2970 | AE13: 2884 | AF13: 2809 | AG13: 2736 | AH13: 2678 | AI13: 2640 | AJ13: 2602 | AK13: 2563 | AL13: 2521 | AM13: 2480 | AN13: 2443 | AO13: 2408 | AP13: 2374 | AQ13: 2341 | AR13: 2307 | AS13: 2273 | AT13: 2230 | AU13: 2184 | AV13: 2136 | AW13: 2090 | AX13: 2049 | AY13: 2012 | AZ13: 1972 | BA13: 1939 | BB13: 1909 | BC13: 1890 | BD13: 1871 | BE13: 1851 | BF13: 1830 | BG13: 1803 | BH13: 1782 | BI13: 1761 | BJ13: 1759 | BK13: 1771 | BL13: 1787 | BM13: 1805 | BN13: 1833 | BO13: 1875 | BP13: 1918 | BQ13: 1963 | BR13: 2021 | BS13: 2087 | BT13: 2154 | BU13: 2224 | BV13: 2326 | BW13: 2429 | BX13: 2543 | BY13: 2662 | BZ13: 2774 | CA13: 2887 | CB13: 3005 | CC13: 3113 | CD13: 3200 | CE13: 3261 | CF13: 3327 | CG13: 3382 | CH13: 3422 | CI13: 3447 | CJ13: 3471 | CK13: 3495 | CL13: 3514 | CM13: 3528 | CN13: 3541 | CO13: 3556 | CP13: 3564 | CQ13: 3555 | CR13: 3546 | CS13: 3541
... A32: 46265 | B32: 4407 | C32: 4473 | D32: 4553 | E32: 4650 | F32: 4748 | G32: 4868 | H32: 4993 | I32: 5122 | J32: 5267 | K32: 5415 | L32: 5534 | M32: 5673 | N32: 5827 | O32: 5964 | P32: 6088 | Q32: 6233 | R32: 6366 | S32: 6479 | T32: 6582 | U32: 6680 | V32: 6744 | W32: 6769 | X32: 6795 | Y32: 6815 | Z32: 6705 | AA32: 6644 | AB32: 6582 | AC32: 6519 | AD32: 6456 | AE32: 6382 | AF32: 6338 | AG32: 6271 | AH32: 6221 | AI32: 6196 | AJ32: 6173 | AK32: 6151 | AL32: 6125 | AM32: 6079 | AN32: 6025 | AO32: 5976 | AP32: 5916 | AQ32: 5850 | AR32: 5783 | AS32: 5718 | AT32: 5655 | AU32: 5590 | AV32: 5528 | AW32: 5475 | AX32: 5421 | AY32: 5373 | AZ32: 5327 | BA32: 5283 | BB32: 5247 | BC32: 5222 | BD32: 5199 | BE32: 5205 | BF32: 5185 | BG32: 5181 | BH32: 5182 | BI32: 5192 | BJ32: 5208 | BK32: 5232 | BL32: 5257 | BM32: 5284 | BN32: 5300 | BO32: 5305 | BP32: 5308 | BQ32: 5310 | BR32: 5319 | BS32: 5337 | BT32: 5358 | BU32: 5374 | BV32: 5418 | BW32: 5486 | BX32: 5555 | BY32: 5624 | BZ32: 5682 | CA32: 5727 | CB32: 5764 | CC32: 5783 | CD32: 5757 | CE32: 5685 | CF32: 5603 | CG32: 5515 | CH32: 5410 | CI32: 5293 | CJ32: 5176 | CK32: 5064 | CL32: 4951 | CM32: 4841 | CN32: 4734 | CO32: 4648 | CP32: 4552 | CQ32: 4460 | CR32: 4380 | CS32: 4299

Sheet 集中式光伏
A1: 日期 | B1: 0.010416667 | C1: 0.020833333 | D1: 0.03125 | E1: 0.041666667 | F1: 0.052083333 | G1: 0.0625 | H1: 0.072916667 | I1: 0.083333333 | J1: 0.09375 | K1: 0.10416667 | L1: 0.11458333 | M1: 0.125 | N1: 0.13541667 | O1: 0.14583333 | P1: 0.15625 | Q1: 0.16666667 | R1: 0.17708333 | S1: 0.1875 | T1: 0.19791667 | U1: 0.20833333 | V1: 0.21875 | W1: 0.22916667 | X1: 0.23958333 | Y1: 0.25 | Z1: 0.26041667 | AA1: 0.27083333 | AB1: 0.28125 | AC1: 0.29166667 | AD1: 0.30208333 | AE1: 0.3125 | AF1: 0.32291667 | AG1: 0.33333333 | AH1: 0.34375 | AI1: 0.35416667 | AJ1: 0.36458333 | AK1: 0.375 | AL1: 0.38541667 | AM1: 0.39583333 | AN1: 0.40625 | AO1: 0.41666667 | AP1: 0.42708333 | AQ1: 0.4375 | AR1: 0.44791667 | AS1: 0.45833333 | AT1: 0.46875 | AU1: 0.47916667 | AV1: 0.48958333 | AW1: 0.5 | AX1: 0.51041667 | AY1: 0.52083333 | AZ1: 0.53125 | BA1: 0.54166667 | BB1: 0.55208333 | BC1: 0.5625 | BD1: 0.57291667 | BE1: 0.58333333 | BF1: 0.59375 | BG1: 0.60416667 | BH1: 0.61458333 | BI1: 0.625 | BJ1: 0.63541667 | BK1: 0.64583333 | BL1: 0.65625 | BM1: 0.66666667 | BN1: 0.67708333 | BO1: 0.6875 | BP1: 0.69791667 | BQ1: 0.70833333 | BR1: 0.71875 | BS1: 0.72916667 | BT1: 0.73958333 | BU1: 0.75 | BV1: 0.76041667 | BW1: 0.77083333 | BX1: 0.78125 | BY1: 0.79166667 | BZ1: 0.80208333 | CA1: 0.8125 | CB1: 0.82291667 | CC1: 0.83333333 | CD1: 0.84375 | CE1: 0.85416667 | CF1: 0.86458333 | CG1: 0.875 | CH1: 0.88541667 | CI1: 0.89583333 | CJ1: 0.90625 | CK1: 0.91666667 | CL1: 0.92708333 | CM1: 0.9375 | CN1: 0.94791667 | CO1: 0.95833333 | CP1: 0.96875 | CQ1: 0.97916667 | CR1: 0.98958333 | CS1: 1
A2: 46235 | B2: 0 | C2: 0 | D2: 0 | E2: 0 | F2: 0 | G2: 0 | H2: 0 | I2: 0 | J2: 0 | K2: 0 | L2: 0 | M2: 0 | N2: 0 | O2: 0 | P2: 0 | Q2: 0 | R2: 0 | S2: 0 | T2: 3 | U2: 15 | V2: 60 | W2: 125 | X2: 213 | Y2: 325 | Z2: 470 | AA2: 648 | AB2: 849 | AC2: 1070 | AD2: 1322 | AE2: 1564 | AF2: 1808 | AG2: 2044 | AH2: 2268 | AI2: 2477 | AJ2: 2687 | AK2: 2892 | AL2: 3065 | AM2: 3216 | AN2: 3357 | AO2: 3478 | AP2: 3573 | AQ2: 3664 | AR2: 3727 | AS2: 3770 | AT2: 3790 | AU2: 3795 | AV2: 3783 | AW2: 3767 | AX2: 3755 | AY2: 3714 | AZ2: 3654 | BA2: 3576 | BB2: 3482 | BC2: 3367 | BD2: 3237 | BE2: 3088 | BF2: 2909 | BG2: 2717 | BH2: 2519 | BI2: 2315 | BJ2: 2118 | BK2: 1929 | BL2: 1734 | BM2: 1544 | BN2: 1357 | BO2: 1177 | BP2: 1000 | BQ2: 836 | BR2: 682 | BS2: 534 | BT2: 406 | BU2: 292 | BV2: 203 | BW2: 127 | BX2: 60 | BY2: 24 | BZ2: 3 | CA2: 0 | CB2: 0 | CC2: 0 | CD2: 0 | CE2: 0 | CF2: 0 | CG2: 0 | CH2: 0 | CI2: 0 | CJ2: 0 | CK2: 0 | CL2: 0 | CM2: 0 | CN2: 0 | CO2: 0 | CP2: 0 | CQ2: 0 | CR2: 0 | CS2: 0
A3: 46236 | B3: 0 | C3: 0 | D3: 0 | E3: 0 | F3: 0 | G3: 0 | H3: 0 | I3: 0 | J3: 0 | K3: 0 | L3: 0 | M3: 0 | N3: 0 | O3: 0 | P3: 0 | Q3: 0 | R3: 0 | S3: 0 | T3: 2 | U3: 10 | V3: 44 | W3: 99 | X3: 172 | Y3: 266 | Z3: 383 | AA3: 529 | AB3: 700 | AC3: 893 | AD3: 1118 | AE3: 1335 | AF3: 1559 | AG3: 1784 | AH3: 2011 | AI3: 2231 | AJ3: 2441 | AK3: 2639 | AL3: 2822 | AM3: 2986 | AN3: 3129 | AO3: 3265 | AP3: 3373 | AQ3: 3480 | AR3: 3571 | AS3: 3643 | AT3: 3692 | AU3: 3718 | AV3: 3726 | AW3: 3719 | AX3: 3707 | AY3: 3671 | AZ3: 3619 | BA3: 3557 | BB3: 3481 | BC3: 3384 | BD3: 3280 | BE3: 3163 | BF3: 3018 | BG3: 2874 | BH3: 2705 | BI3: 2522 | BJ3: 2335 | BK3: 2155 | BL3: 1967 | BM3: 1771 | BN3: 1569 | BO3: 1370 | BP3: 1166 | BQ3: 970 | BR3: 789 | BS3: 612 | BT3: 462 | BU3: 329 | BV3: 224 | BW3: 137 | BX3: 62 | BY3: 23 | BZ3: 4 | CA3: 0 | CB3: 0 | CC3: 0 | CD3: 0 | CE3: 0 | CF3: 0 | CG3: 0 | CH3: 0 | CI3: 0 | CJ3: 0 | CK3: 0 | CL3: 0 | CM3: 0 | CN3: 0 | CO3: 0 | CP3: 0 | CQ3: 0 | CR3: 0 | CS3: 0
A4: 46237 | B4: 0 | C4: 0 | D4: 0 | E4: 0 | F4: 0 | G4: 0 | H4: 0 | I4: 0 | J4: 0 | K4: 0 | L4: 0 | M4: 0 | N4: 0 | O4: 0 | P4: 0 | Q4: 0 | R4: 0 | S4: 0 | T4: 1 | U4: 10 | V4: 49 | W4: 113 | X4: 201 | Y4: 313 | Z4: 454 | AA4: 638 | AB4: 849 | AC4: 1083 | AD4: 1358 | AE4: 1628 | AF4: 1904 | AG4: 2175 | AH4: 2433 | AI4: 2679 | AJ4: 2917 | AK4: 3143 | AL4: 3341 | AM4: 3519 | AN4: 3683 | AO4: 3824 | AP4: 3934 | AQ4: 4032 | AR4: 4107 | AS4: 4166 | AT4: 4205 | AU4: 4219 | AV4: 4220 | AW4: 4215 | AX4: 4204 | AY4: 4172 | AZ4: 4122 | BA4: 4064 | BB4: 3989 | BC4: 3905 | BD4: 3806 | BE4: 3696 | BF4: 3552 | BG4: 3400 | BH4: 3236 | BI4: 3050 | BJ4: 2853 | BK4: 2651 | BL4: 2426 | BM4: 2192 | BN4: 1944 | BO4: 1682 | BP4: 1421 | BQ4: 1170 | BR4: 940 | BS4: 722 | BT4: 537 | BU4: 378 | BV4: 253 | BW4: 150 | BX4: 65 | BY4: 23 | BZ4: 2 | CA4: 0 | CB4: 0 | CC4: 0 | CD4: 0 | CE4: 0 | CF4: 0 | CG4: 0 | CH4: 0 | CI4: 0 | CJ4: 0 | CK4: 0 | CL4: 0 | CM4: 0 | CN4: 0 | CO4: 0 | CP4: 0 | CQ4: 0 | CR4: 0 | CS4: 0
A5: 46238 | B5: 0 | C5: 0 | D5: 0 | E5: 0 | F5: 0 | G5: 0 | H5: 0 | I5: 0 | J5: 0 | K5: 0 | L5: 0 | M5: 0 | N5: 0 | O5: 0 | P5: 0 | Q5: 0 | R5: 0 | S5: 0 | T5: 1 | U5: 9 | V5: 46 | W5: 111 | X5: 197 | Y5: 309 | Z5: 445 | AA5: 628 | AB5: 837 | AC5: 1071 | AD5: 1344 | AE5: 1611 | AF5: 1880 | AG5: 2149 | AH5: 2408 | AI5: 2665 | AJ5: 2911 | AK5: 3142 | AL5: 3343 | AM5: 3521 | AN5: 3684 | AO5: 3829 | AP5: 3938 | AQ5: 4031 | AR5: 4108 | AS5: 4166 | AT5: 4199 | AU5: 4205 | AV5: 4205 | AW5: 4194 | AX5: 4179 | AY5: 4134 | AZ5: 4078 | BA5: 4016 | BB5: 3939 | BC5: 3851 | BD5: 3749 | BE5: 3636 | BF5: 3490 | BG5: 3339 | BH5: 3157 | BI5: 2970 | BJ5: 2769 | BK5: 2557 | BL5: 2338 | BM5: 2108 | BN5: 1857 | BO5: 1604 | BP5: 1354 | BQ5: 1115 | BR5: 897 | BS5: 689 | BT5: 512 | BU5: 359 | BV5: 238 | BW5: 142 | BX5: 60 | BY5: 20 | BZ5: 1 | CA5: 0 | CB5: 0 | CC5: 0 | CD5: 0 | CE5: 0 | CF5: 0 | CG5: 0 | CH5: 0 | CI5: 0 | CJ5: 0 | CK5: 0 | CL5: 0 | CM5: 0 | CN5: 0 | CO5: 0 | CP5: 0 | CQ5: 0 | CR5: 0 | CS5: 0
A6: 46239 | B6: 0 | C6: 0 | D6: 0 | E6: 0 | F6: 0 | G6: 0 | H6: 0 | I6: 0 | J6: 0 | K6: 0 | L6: 0 | M6: 0 | N6: 0 | O6: 0 | P6: 0 | Q6: 0 | R6: 0 | S6: 0 | T6: 1 | U6: 7 | V6: 42 | W6: 106 | X6: 193 | Y6: 307 | Z6: 450 | AA6: 639 | AB6: 855 | AC6: 1094 | AD6: 1371 | AE6: 1689 | AF6: 1973 | AG6: 2253 | AH6: 2519 | AI6: 2739 | AJ6: 2979 | AK6: 3211 | AL6: 3411 | AM6: 3583 | AN6: 3744 | AO6: 3886 | AP6: 3993 | AQ6: 4089 | AR6: 4159 | AS6: 4214 | AT6: 4250 | AU6: 4264 | AV6: 4274 | AW6: 4267 | AX6: 4257 | AY6: 4218 | AZ6: 4161 | BA6: 4098 | BB6: 4020 | BC6: 3932 | BD6: 3832 | BE6: 3718 | BF6: 3566 | BG6: 3405 | BH6: 3228 | BI6: 3029 | BJ6: 2822 | BK6: 2597 | BL6: 2365 | BM6: 2127 | BN6: 1876 | BO6: 1615 | BP6: 1357 | BQ6: 1111 | BR6: 888 | BS6: 688 | BT6: 511 | BU6: 358 | BV6: 237 | BW6: 137 | BX6: 58 | BY6: 19 | BZ6: 1 | CA6: 0 | CB6: 0 | CC6: 0 | CD6: 0 | CE6: 0 | CF6: 0 | CG6: 0 | CH6: 0 | CI6: 0 | CJ6: 0 | CK6: 0 | CL6: 0 | CM6: 0 | CN6: 0 | CO6: 0 | CP6: 0 | CQ6: 0 | CR6: 0 | CS6: 0
A7: 46240 | B7: 0 | C7: 0 | D7: 0 | E7: 0 | F7: 0 | G7: 0 | H7: 0 | I7: 0 | J7: 0 | K7: 0 | L7: 0 | M7: 0 | N7: 0 | O7: 0 | P7: 0 | Q7: 0 | R7: 0 | S7: 0 | T7: 1 | U7: 7 | V7: 39 | W7: 101 | X7: 183 | Y7: 292 | Z7: 423 | AA7: 591 | AB7: 787 | AC7: 1003 | AD7: 1256 | AE7: 1509 | AF7: 1764 | AG7: 2015 | AH7: 2259 | AI7: 2493 | AJ7: 2727 | AK7: 2945 | AL7: 3140 | AM7: 3309 | AN7: 3465 | AO7: 3600 | AP7: 3702 | AQ7: 3797 | AR7: 3871 | AS7: 3928 | AT7: 3969 | AU7: 3991 | AV7: 3997 | AW7: 3988 | AX7: 3978 | AY7: 3941 | AZ7: 3885 | BA7: 3824 | BB7: 3749 | BC7: 3657 | BD7: 3545 | BE7: 3423 | BF7: 3268 | BG7: 3109 | BH7: 2934 | BI7: 2748 | BJ7: 2552 | BK7: 2349 | BL7: 2138 | BM7: 1919 | BN7: 1696 | BO7: 1465 | BP7: 1234 | BQ7: 1014 | BR7: 814 | BS7: 625 | BT7: 463 | BU7: 322 | BV7: 212 | BW7: 126 | BX7: 53 | BY7: 17 | BZ7: 1 | CA7: 0 | CB7: 0 | CC7: 0 | CD7: 0 | CE7: 0 | CF7: 0 | CG7: 0 | CH7: 0 | CI7: 0 | CJ7: 0 | CK7: 0 | CL7: 0 | CM7: 0 | CN7: 0 | CO7: 0 | CP7: 0 | CQ7: 0 | CR7: 0 | CS7: 0
A8: 46241 | B8: 0 | C8: 0 | D8: 0 | E8: 0 | F8: 0 | G8: 0 | H8: 0 | I8: 0 | J8: 0 | K8: 0 | L8: 0 | M8: 0 | N8: 0 | O8: 0 | P8: 0 | Q8: 0 | R8: 0 | S8: 0 | T8: 1 | U8: 6 | V8: 30 | W8: 76 | X8: 136 | Y8: 215 | Z8: 310 | AA8: 425 | AB8: 560 | AC8: 705 | AD8: 867 | AE8: 1038 | AF8: 1219 | AG8: 1395 | AH8: 1562 | AI8: 1739 | AJ8: 1921 | AK8: 2095 | AL8: 2262 | AM8: 2423 | AN8: 2581 | AO8: 2740 | AP8: 2883 | AQ8: 3034 | AR8: 3171 | AS8: 3296 | AT8: 3400 | AU8: 3492 | AV8: 3565 | AW8: 3609 | AX8: 3644 | AY8: 3650 | AZ8: 3629 | BA8: 3606 | BB8: 3576 | BC8: 3528 | BD8: 3471 | BE8: 3399 | BF8: 3294 | BG8: 3179 | BH8: 3049 | BI8: 2890 | BJ8: 2717 | BK8: 2526 | BL8: 2317 | BM8: 2095 | BN8: 1855 | BO8: 1602 | BP8: 1352 | BQ8: 1109 | BR8: 894 | BS8: 686 | BT8: 502 | BU8: 347 | BV8: 228 | BW8: 130 | BX8: 54 | BY8: 15 | BZ8: 0 | CA8: 0 | CB8: 0 | CC8: 0 | CD8: 0 | CE8: 0 | CF8: 0 | CG8: 0 | CH8: 0 | CI8: 0 | CJ8: 0 | CK8: 0 | CL8: 0 | CM8: 0 | CN8: 0 | CO8: 0 | CP8: 0 | CQ8: 0 | CR8: 0 | CS8: 0
A9: 46242 | B9: 0 | C9: 0 | D9: 0 | E9: 0 | F9: 0 | G9: 0 | H9: 0 | I9: 0 | J9: 0 | K9: 0 | L9: 0 | M9: 0 | N9: 0 | O9: 0 | P9: 0 | Q9: 0 | R9: 0 | S9: 0 | T9: 1 | U9: 6 | V9: 43 | W9: 111 | X9: 204 | Y9: 332 | Z9: 499 | AA9: 718 | AB9: 976 | AC9: 1256 | AD9: 1571 | AE9: 1877 | AF9: 2185 | AG9: 2490 | AH9: 2771 | AI9: 3043 | AJ9: 3300 | AK9: 3536 | AL9: 3738 | AM9: 3911 | AN9: 4065 | AO9: 4196 | AP9: 4291 | AQ9: 4373 | AR9: 4434 | AS9: 4484 | AT9: 4514 | AU9: 4522 | AV9: 4518 | AW9: 4496 | AX9: 4473 | AY9: 4440 | AZ9: 4378 | BA9: 4313 | BB9: 4235 | BC9: 4146 | BD9: 4038 | BE9: 3915 | BF9: 3764 | BG9: 3610 | BH9: 3444 | BI9: 3240 | BJ9: 3033 | BK9: 2808 | BL9: 2556 | BM9: 2303 | BN9: 2030 | BO9: 1745 | BP9: 1460 | BQ9: 1193 | BR9: 953 | BS9: 725 | BT9: 525 | BU9: 359 | BV9: 229 | BW9: 128 | BX9: 50 | BY9: 14 | BZ9: 0 | CA9: 0 | CB9: 0 | CC9: 0 | CD9: 0 | CE9: 0 | CF9: 0 | CG9: 0 | CH9: 0 | CI9: 0 | CJ9: 0 | CK9: 0 | CL9: 0 | CM9: 0 | CN9: 0 | CO9: 0 | CP9: 0 | CQ9: 0 | CR9: 0 | CS9: 0
A10: 46243 | B10: 0 | C10: 0 | D10: 0 | E10: 0 | F10: 0 | G10: 0 | H10: 0 | I10: 0 | J10: 0 | K10: 0 | L10: 0 | M10: 0 | N10: 0 | O10: 0 | P10: 0 | Q10: 0 | R10: 0 | S10: 0 | T10: 0 | U10: 4 | V10: 39 | W10: 102 | X10: 189 | Y10: 310 | Z10: 471 | AA10: 681 | AB10: 933 | AC10: 1207 | AD10: 1514 | AE10: 1814 | AF10: 2117 | AG10: 2420 | AH10: 2706 | AI10: 2988 | AJ10: 3249 | AK10: 3493 | AL10: 3704 | AM10: 3888 | AN10: 4051 | AO10: 4187 | AP10: 4289 | AQ10: 4377 | AR10: 4450 | AS10: 4509 | AT10: 4546 | AU10: 4570 | AV10: 4572 | AW10: 4560 | AX10: 4547 | AY10: 4525 | AZ10: 4478 | BA10: 4429 | BB10: 4372 | BC10: 4303 | BD10: 4222 | BE10: 4121 | BF10: 3984 | BG10: 3841 | BH10: 3674 | BI10: 3468 | BJ10: 3256 | BK10: 3025 | BL10: 2758 | BM10: 2491 | BN10: 2201 | BO10: 1894 | BP10: 1582 | BQ10: 1283 | BR10: 1019 | BS10: 770 | BT10: 553 | BU10: 373 | BV10: 235 | BW10: 127 | BX10: 50 | BY10: 14 | BZ10: 0 | CA10: 0 | CB10: 0 | CC10: 0 | CD10: 0 | CE10: 0 | CF10: 0 | CG10: 0 | CH10: 0 | CI10: 0 | CJ10: 0 | CK10: 0 | CL10: 0 | CM10: 0 | CN10: 0 | CO10: 0 | CP10: 0 | CQ10: 0 | CR10: 0 | CS10: 0
A11: 46244 | B11: 0 | C11: 0 | D11: 0 | E11: 0 | F11: 0 | G11: 0 | H11: 0 | I11: 0 | J11: 0 | K11: 0 | L11: 0 | M11: 0 | N11: 0 | O11: 0 | P11: 0 | Q11: 0 | R11: 0 | S11: 0 | T11: 0 | U11: 4 | V11: 25 | W11: 74 | X11: 138 | Y11: 230 | Z11: 348 | AA11: 505 | AB11: 694 | AC11: 900 | AD11: 1140 | AE11: 1389 | AF11: 1648 | AG11: 1912 | AH11: 2165 | AI11: 2411 | AJ11: 2649 | AK11: 2865 | AL11: 3051 | AM11: 3216 | AN11: 3361 | AO11: 3494 | AP11: 3594 | AQ11: 3685 | AR11: 3759 | AS11: 3815 | AT11: 3869 | AU11: 3916 | AV11: 3948 | AW11: 3961 | AX11: 3969 | AY11: 3961 | AZ11: 3929 | BA11: 3898 | BB11: 3854 | BC11: 3784 | BD11: 3704 | BE11: 3603 | BF11: 3466 | BG11: 3322 | BH11: 3166 | BI11: 2987 | BJ11: 2791 | BK11: 2578 | BL11: 2349 | BM11: 2117 | BN11: 1871 | BO11: 1615 | BP11: 1359 | BQ11: 1111 | BR11: 886 | BS11: 673 | BT11: 486 | BU11: 329 | BV11: 207 | BW11: 108 | BX11: 44 | BY11: 11 | BZ11: 0 | CA11: 0 | CB11: 0 | CC11: 0 | CD11: 0 | CE11: 0 | CF11: 0 | CG11: 0 | CH11: 0 | CI11: 0 | CJ11: 0 | CK11: 0 | CL11: 0 | CM11: 0 | CN11: 0 | CO11: 0 | CP11: 0 | CQ11: 0 | CR11: 0 | CS11: 0
A12: 46245 | B12: 0 | C12: 0 | D12: 0 | E12: 0 | F12: 0 | G12: 0 | H12: 0 | I12: 0 | J12: 0 | K12: 0 | L12: 0 | M12: 0 | N12: 0 | O12: 0 | P12: 0 | Q12: 0 | R12: 0 | S12: 0 | T12: 0 | U12: 4 | V12: 28 | W12: 74 | X12: 141 | Y12: 232 | Z12: 354 | AA12: 510 | AB12: 691 | AC12: 895 | AD12: 1136 | AE12: 1383 | AF12: 1638 | AG12: 1897 | AH12: 2147 | AI12: 2394 | AJ12: 2641 | AK12: 2871 | AL12: 3082 | AM12: 3272 | AN12: 3441 | AO12: 3591 | AP12: 3706 | AQ12: 3809 | AR12: 3895 | AS12: 3957 | AT12: 4005 | AU12: 4027 | AV12: 4035 | AW12: 4016 | AX12: 3998 | AY12: 3963 | AZ12: 3904 | BA12: 3845 | BB12: 3777 | BC12: 3690 | BD12: 3590 | BE12: 3475 | BF12: 3333 | BG12: 3182 | BH12: 3015 | BI12: 2833 | BJ12: 2641 | BK12: 2436 | BL12: 2220 | BM12: 1997 | BN12: 1762 | BO12: 1518 | BP12: 1269 | BQ12: 1032 | BR12: 814 | BS12: 617 | BT12: 444 | BU12: 298 | BV12: 182 | BW12: 92 | BX12: 37 | BY12: 8 | BZ12: 0 | CA12: 0 | CB12: 0 | CC12: 0 | CD12: 0 | CE12: 0 | CF12: 0 | CG12: 0 | CH12: 0 | CI12: 0 | CJ12: 0 | CK12: 0 | CL12: 0 | CM12: 0 | CN12: 0 | CO12: 0 | CP12: 0 | CQ12: 0 | CR12: 0 | CS12: 0
A13: 46246 | B13: 0 | C13: 0 | D13: 0 | E13: 0 | F13: 0 | G13: 0 | H13: 0 | I13: 0 | J13: 0 | K13: 0 | L13: 0 | M13: 0 | N13: 0 | O13: 0 | P13: 0 | Q13: 0 | R13: 0 | S13: 0 | T13: 0 | U13: 3 | V13: 26 | W13: 76 | X13: 140 | Y13: 231 | Z13: 351 | AA13: 503 | AB13: 680 | AC13: 868 | AD13: 1089 | AE13: 1305 | AF13: 1524 | AG13: 1739 | AH13: 1942 | AI13: 2134 | AJ13: 2322 | AK13: 2493 | AL13: 2636 | AM13: 2763 | AN13: 2878 | AO13: 2977 | AP13: 3045 | AQ13: 3105 | AR13: 3151 | AS13: 3176 | AT13: 3173 | AU13: 3157 | AV13: 3132 | AW13: 3095 | AX13: 3050 | AY13: 2987 | AZ13: 2899 | BA13: 2817 | BB13: 2719 | BC13: 2609 | BD13: 2491 | BE13: 2362 | BF13: 2208 | BG13: 2057 | BH13: 1898 | BI13: 1748 | BJ13: 1594 | BK13: 1441 | BL13: 1285 | BM13: 1127 | BN13: 977 | BO13: 834 | BP13: 689 | BQ13: 557 | BR13: 439 | BS13: 329 | BT13: 236 | BU13: 162 | BV13: 100 | BW13: 48 | BX13: 19 | BY13: 4 | BZ13: 0 | CA13: 0 | CB13: 0 | CC13: 0 | CD13: 0 | CE13: 0 | CF13: 0 | CG13: 0 | CH13: 0 | CI13: 0 | CJ13: 0 | CK13: 0 | CL13: 0 | CM13: 0 | CN13: 0 | CO13: 0 | CP13: 0 | CQ13: 0 | CR13: 0 | CS13: 0
... A32: 46265 | B32: 0 | C32: 0 | D32: 0 | E32: 0 | F32: 0 | G32: 0 | H32: 0 | I32: 0 | J32: 0 | K32: 0 | L32: 0 | M32: 0 | N32: 0 | O32: 0 | P32: 0 | Q32: 0 | R32: 0 | S32: 0 | T32: 0 | U32: 0 | V32: 1 | W32: 19 | X32: 70 | Y32: 146 | Z32: 272 | AA32: 459 | AB32: 695 | AC32: 962 | AD32: 1262 | AE32: 1563 | AF32: 1880 | AG32: 2186 | AH32: 2485 | AI32: 2755 | AJ32: 3021 | AK32: 3265 | AL32: 3480 | AM32: 3653 | AN32: 3813 | AO32: 3943 | AP32: 4049 | AQ32: 4137 | AR32: 4210 | AS32: 4262 | AT32: 4286 | AU32: 4292 | AV32: 4282 | AW32: 4261 | AX32: 4217 | AY32: 4159 | AZ32: 4080 | BA32: 3986 | BB32: 3897 | BC32: 3791 | BD32: 3666 | BE32: 3529 | BF32: 3370 | BG32: 3188 | BH32: 3009 | BI32: 2816 | BJ32: 2597 | BK32: 2353 | BL32: 2111 | BM32: 1866 | BN32: 1627 | BO32: 1360 | BP32: 1096 | BQ32: 848 | BR32: 635 | BS32: 432 | BT32: 258 | BU32: 128 | BV32: 55 | BW32: 19 | BX32: 1 | BY32: 0 | BZ32: 0 | CA32: 0 | CB32: 0 | CC32: 0 | CD32: 0 | CE32: 0 | CF32: 0 | CG32: 0 | CH32: 0 | CI32: 0 | CJ32: 0 | CK32: 0 | CL32: 0 | CM32: 0 | CN32: 0 | CO32: 0 | CP32: 0 | CQ32: 0 | CR32: 0 | CS32: 0

Sheet 分散式风电
A1: 日期 | B1: 0.010416667 | C1: 0.020833333 | D1: 0.03125 | E1: 0.041666667 | F1: 0.052083333 | G1: 0.0625 | H1: 0.072916667 | I1: 0.083333333 | J1: 0.09375 | K1: 0.10416667 | L1: 0.11458333 | M1: 0.125 | N1: 0.13541667 | O1: 0.14583333 | P1: 0.15625 | Q1: 0.16666667 | R1: 0.17708333 | S1: 0.1875 | T1: 0.19791667 | U1: 0.20833333 | V1: 0.21875 | W1: 0.22916667 | X1: 0.23958333 | Y1: 0.25 | Z1: 0.26041667 | AA1: 0.27083333 | AB1: 0.28125 | AC1: 0.29166667 | AD1: 0.30208333 | AE1: 0.3125 | AF1: 0.32291667 | AG1: 0.33333333 | AH1: 0.34375 | AI1: 0.35416667 | AJ1: 0.36458333 | AK1: 0.375 | AL1: 0.38541667 | AM1: 0.39583333 | AN1: 0.40625 | AO1: 0.41666667 | AP1: 0.42708333 | AQ1: 0.4375 | AR1: 0.44791667 | AS1: 0.45833333 | AT1: 0.46875 | AU1: 0.47916667 | AV1: 0.48958333 | AW1: 0.5 | AX1: 0.51041667 | AY1: 0.52083333 | AZ1: 0.53125 | BA1: 0.54166667 | BB1: 0.55208333 | BC1: 0.5625 | BD1: 0.57291667 | BE1: 0.58333333 | BF1: 0.59375 | BG1: 0.60416667 | BH1: 0.61458333 | BI1: 0.625 | BJ1: 0.63541667 | BK1: 0.64583333 | BL1: 0.65625 | BM1: 0.66666667 | BN1: 0.67708333 | BO1: 0.6875 | BP1: 0.69791667 | BQ1: 0.70833333 | BR1: 0.71875 | BS1: 0.72916667 | BT1: 0.73958333 | BU1: 0.75 | BV1: 0.76041667 | BW1: 0.77083333 | BX1: 0.78125 | BY1: 0.79166667 | BZ1: 0.80208333 | CA1: 0.8125 | CB1: 0.82291667 | CC1: 0.83333333 | CD1: 0.84375 | CE1: 0.85416667 | CF1: 0.86458333 | CG1: 0.875 | CH1: 0.88541667 | CI1: 0.89583333 | CJ1: 0.90625 | CK1: 0.91666667 | CL1: 0.92708333 | CM1: 0.9375 | CN1: 0.94791667 | CO1: 0.95833333 | CP1: 0.96875 | CQ1: 0.97916667 | CR1: 0.98958333 | CS1: 1
